tenant_id,delivery_exception_id,shipment_id,tracking_event_id,reason_code,opened_at,resolved_at,exception_status,customer_impact,sensitivity
tenant_apex,dex_apx_000001,shp_apx_000001,tev_apx_0000003,weather,2026-09-09T18:16:00Z,2026-09-11T00:16:00Z,resolved,True,operations
tenant_apex,dex_apx_000002,shp_apx_000005,tev_apx_0000016,weather,2026-08-30T14:10:00Z,2026-09-01T07:10:00Z,resolved,True,operations
tenant_apex,dex_apx_000003,shp_apx_000007,tev_apx_0000023,sortation_error,2026-09-18T15:43:00Z,2026-09-20T10:43:00Z,resolved,True,operations
tenant_apex,dex_apx_000004,shp_apx_000010,tev_apx_0000033,carrier_capacity,2026-08-21T07:06:00Z,2026-08-23T16:06:00Z,resolved,True,operations
tenant_apex,dex_apx_000005,shp_apx_000011,tev_apx_0000037,weather,2026-08-21T11:34:00Z,2026-08-22T06:34:00Z,resolved,True,operations
tenant_apex,dex_apx_000006,shp_apx_000014,tev_apx_0000047,address_issue,2026-09-21T23:59:59Z,2026-09-21T23:59:59Z,resolved,True,operations
tenant_apex,dex_apx_000007,shp_apx_000016,tev_apx_0000054,carrier_capacity,2026-09-21T23:59:59Z,2026-09-21T23:59:59Z,resolved,True,operations
tenant_apex,dex_apx_000008,shp_apx_000018,tev_apx_0000061,weather,2026-09-01T22:30:00Z,2026-09-04T05:30:00Z,resolved,True,operations
tenant_apex,dex_apx_000009,shp_apx_000024,tev_apx_0000080,carrier_capacity,2026-09-18T10:08:00Z,2026-09-20T03:08:00Z,resolved,True,operations
tenant_apex,dex_apx_000010,shp_apx_000028,tev_apx_0000093,carrier_capacity,2026-09-16T08:08:00Z,2026-09-18T19:08:00Z,resolved,True,operations
tenant_apex,dex_apx_000011,shp_apx_000034,tev_apx_0000112,address_issue,2026-08-22T20:30:00Z,2026-08-23T08:30:00Z,resolved,True,operations
tenant_apex,dex_apx_000012,shp_apx_000035,tev_apx_0000116,carrier_capacity,2026-09-08T13:36:00Z,2026-09-10T07:36:00Z,resolved,True,operations
tenant_apex,dex_apx_000013,shp_apx_000037,tev_apx_0000123,address_issue,2026-08-20T10:59:00Z,2026-08-21T12:59:00Z,resolved,True,operations
tenant_apex,dex_apx_000014,shp_apx_000041,tev_apx_0000136,carrier_capacity,2026-09-07T02:03:00Z,,open,True,operations
tenant_apex,dex_apx_000015,shp_apx_000048,tev_apx_0000157,address_issue,2026-09-11T07:47:00Z,2026-09-11T19:47:00Z,resolved,True,operations
tenant_apex,dex_apx_000016,shp_apx_000049,tev_apx_0000161,address_issue,2026-09-05T01:15:00Z,2026-09-06T16:15:00Z,resolved,True,operations
tenant_apex,dex_apx_000017,shp_apx_000066,tev_apx_0000213,sortation_error,2026-09-12T12:01:00Z,2026-09-14T16:01:00Z,resolved,True,operations
tenant_apex,dex_apx_000018,shp_apx_000067,tev_apx_0000217,sortation_error,2026-09-07T07:59:59Z,,open,False,operations
tenant_apex,dex_apx_000019,shp_apx_000068,tev_apx_0000220,address_issue,2026-09-13T07:59:59Z,,open,False,operations
tenant_apex,dex_apx_000020,shp_apx_000069,tev_apx_0000223,sortation_error,2026-09-16T07:59:59Z,,open,False,operations
tenant_apex,dex_apx_000021,shp_apx_000071,tev_apx_0000229,carrier_capacity,2026-09-10T07:59:59Z,,open,False,operations
