tenant_id,inventory_movement_id,warehouse_id,product_id,occurred_at,movement_type,quantity_delta,reference_type,reference_id,sensitivity
tenant_apex,imv_apx_0000001,wh_apx_east,prd_apx_001,2026-08-09T23:59:59Z,adjustment,368,adjustment,adj_apx_opening,operations
tenant_apex,imv_apx_0000002,wh_apx_east,prd_apx_002,2026-08-09T23:59:59Z,adjustment,385,adjustment,adj_apx_opening,operations
tenant_apex,imv_apx_0000003,wh_apx_east,prd_apx_003,2026-08-09T23:59:59Z,adjustment,402,adjustment,adj_apx_opening,operations
tenant_apex,imv_apx_0000004,wh_apx_east,prd_apx_004,2026-08-09T23:59:59Z,adjustment,419,adjustment,adj_apx_opening,operations
tenant_apex,imv_apx_0000005,wh_apx_east,prd_apx_005,2026-08-09T23:59:59Z,adjustment,436,adjustment,adj_apx_opening,operations
tenant_apex,imv_apx_0000006,wh_apx_east,prd_apx_006,2026-08-09T23:59:59Z,adjustment,453,adjustment,adj_apx_opening,operations
tenant_apex,imv_apx_0000007,wh_apx_east,prd_apx_007,2026-08-09T23:59:59Z,adjustment,470,adjustment,adj_apx_opening,operations
tenant_apex,imv_apx_0000008,wh_apx_east,prd_apx_008,2026-08-09T23:59:59Z,adjustment,487,adjustment,adj_apx_opening,operations
tenant_apex,imv_apx_0000009,wh_apx_west,prd_apx_001,2026-08-09T23:59:59Z,adjustment,409,adjustment,adj_apx_opening,operations
tenant_apex,imv_apx_0000010,wh_apx_west,prd_apx_002,2026-08-09T23:59:59Z,adjustment,426,adjustment,adj_apx_opening,operations
tenant_apex,imv_apx_0000011,wh_apx_west,prd_apx_003,2026-08-09T23:59:59Z,adjustment,443,adjustment,adj_apx_opening,operations
tenant_apex,imv_apx_0000012,wh_apx_west,prd_apx_004,2026-08-09T23:59:59Z,adjustment,460,adjustment,adj_apx_opening,operations
tenant_apex,imv_apx_0000013,wh_apx_west,prd_apx_005,2026-08-09T23:59:59Z,adjustment,477,adjustment,adj_apx_opening,operations
tenant_apex,imv_apx_0000014,wh_apx_west,prd_apx_006,2026-08-09T23:59:59Z,adjustment,494,adjustment,adj_apx_opening,operations
tenant_apex,imv_apx_0000015,wh_apx_west,prd_apx_007,2026-08-09T23:59:59Z,adjustment,511,adjustment,adj_apx_opening,operations
tenant_apex,imv_apx_0000016,wh_apx_west,prd_apx_008,2026-08-09T23:59:59Z,adjustment,528,adjustment,adj_apx_opening,operations
tenant_apex,imv_apx_0000017,wh_apx_west,prd_apx_006,2026-09-08T21:16:00Z,shipment,-1,order,ord_apx_00001,operations
tenant_apex,imv_apx_0000018,wh_apx_west,prd_apx_003,2026-09-07T22:16:00Z,shipment,-1,order,ord_apx_00001,operations
tenant_apex,imv_apx_0000019,wh_apx_west,prd_apx_002,2026-09-08T21:16:00Z,shipment,-1,order,ord_apx_00001,operations
tenant_apex,imv_apx_0000020,wh_apx_west,prd_apx_002,2026-08-20T16:29:00Z,shipment,-2,order,ord_apx_00002,operations
tenant_apex,imv_apx_0000021,wh_apx_west,prd_apx_002,2026-08-24T16:29:00Z,return,2,order,ord_apx_00002,operations
tenant_apex,imv_apx_0000022,wh_apx_west,prd_apx_008,2026-08-18T22:29:00Z,shipment,-3,order,ord_apx_00002,operations
tenant_apex,imv_apx_0000023,wh_apx_west,prd_apx_008,2026-08-23T22:29:00Z,return,3,order,ord_apx_00002,operations
tenant_apex,imv_apx_0000024,wh_apx_west,prd_apx_001,2026-08-25T00:21:00Z,shipment,-2,order,ord_apx_00003,operations
tenant_apex,imv_apx_0000025,wh_apx_west,prd_apx_004,2026-08-14T11:13:00Z,shipment,-1,order,ord_apx_00004,operations
tenant_apex,imv_apx_0000026,wh_apx_west,prd_apx_003,2026-08-14T01:13:00Z,shipment,-4,order,ord_apx_00004,operations
tenant_apex,imv_apx_0000027,wh_apx_west,prd_apx_007,2026-08-26T18:10:00Z,shipment,-2,order,ord_apx_00006,operations
tenant_apex,imv_apx_0000028,wh_apx_east,prd_apx_003,2026-09-20T13:46:00Z,shipment,-1,order,ord_apx_00007,operations
tenant_apex,imv_apx_0000029,wh_apx_east,prd_apx_007,2026-09-20T03:46:00Z,shipment,-1,order,ord_apx_00007,operations
tenant_apex,imv_apx_0000030,wh_apx_west,prd_apx_002,2026-09-14T19:43:00Z,shipment,-1,order,ord_apx_00010,operations
tenant_apex,imv_apx_0000031,wh_apx_west,prd_apx_003,2026-09-15T11:43:00Z,shipment,-2,order,ord_apx_00010,operations
tenant_apex,imv_apx_0000032,wh_apx_east,prd_apx_003,2026-08-29T08:18:00Z,shipment,-2,order,ord_apx_00011,operations
tenant_apex,imv_apx_0000033,wh_apx_east,prd_apx_005,2026-08-28T12:18:00Z,shipment,-2,order,ord_apx_00011,operations
tenant_apex,imv_apx_0000034,wh_apx_east,prd_apx_004,2026-09-06T03:38:00Z,shipment,-1,order,ord_apx_00012,operations
tenant_apex,imv_apx_0000035,wh_apx_east,prd_apx_005,2026-09-06T23:38:00Z,shipment,-2,order,ord_apx_00012,operations
tenant_apex,imv_apx_0000036,wh_apx_east,prd_apx_008,2026-09-06T01:38:00Z,shipment,-2,order,ord_apx_00012,operations
tenant_apex,imv_apx_0000037,wh_apx_east,prd_apx_004,2026-08-19T11:06:00Z,shipment,-2,order,ord_apx_00013,operations
tenant_apex,imv_apx_0000038,wh_apx_east,prd_apx_001,2026-08-20T00:06:00Z,shipment,-3,order,ord_apx_00013,operations
tenant_apex,imv_apx_0000039,wh_apx_west,prd_apx_007,2026-08-19T15:34:00Z,shipment,-2,order,ord_apx_00014,operations
tenant_apex,imv_apx_0000040,wh_apx_west,prd_apx_001,2026-08-20T14:34:00Z,shipment,-2,order,ord_apx_00014,operations
tenant_apex,imv_apx_0000041,wh_apx_west,prd_apx_005,2026-08-20T18:34:00Z,shipment,-3,order,ord_apx_00014,operations
tenant_apex,imv_apx_0000042,wh_apx_west,prd_apx_005,2026-09-19T20:30:00Z,shipment,-4,order,ord_apx_00017,operations
tenant_apex,imv_apx_0000043,wh_apx_west,prd_apx_004,2026-09-19T00:30:00Z,shipment,-1,order,ord_apx_00017,operations
tenant_apex,imv_apx_0000044,wh_apx_east,prd_apx_005,2026-08-21T18:28:00Z,shipment,-1,order,ord_apx_00018,operations
tenant_apex,imv_apx_0000045,wh_apx_east,prd_apx_006,2026-08-22T15:28:00Z,shipment,-3,order,ord_apx_00018,operations
tenant_apex,imv_apx_0000046,wh_apx_east,prd_apx_007,2026-09-19T10:36:00Z,shipment,-2,order,ord_apx_00019,operations
tenant_apex,imv_apx_0000047,wh_apx_east,prd_apx_002,2026-09-19T07:36:00Z,shipment,-1,order,ord_apx_00019,operations
tenant_apex,imv_apx_0000048,wh_apx_east,prd_apx_004,2026-09-21T12:36:00Z,shipment,-1,order,ord_apx_00019,operations
tenant_apex,imv_apx_0000049,wh_apx_east,prd_apx_003,2026-08-18T10:41:00Z,shipment,-3,order,ord_apx_00021,operations
tenant_apex,imv_apx_0000050,wh_apx_east,prd_apx_003,2026-08-21T10:41:00Z,return,3,order,ord_apx_00021,operations
tenant_apex,imv_apx_0000051,wh_apx_east,prd_apx_002,2026-08-18T15:41:00Z,shipment,-3,order,ord_apx_00021,operations
tenant_apex,imv_apx_0000052,wh_apx_east,prd_apx_002,2026-08-21T15:41:00Z,return,3,order,ord_apx_00021,operations
tenant_apex,imv_apx_0000053,wh_apx_east,prd_apx_004,2026-08-18T11:41:00Z,shipment,-1,order,ord_apx_00021,operations
tenant_apex,imv_apx_0000054,wh_apx_east,prd_apx_004,2026-08-25T11:41:00Z,return,1,order,ord_apx_00021,operations
tenant_apex,imv_apx_0000055,wh_apx_west,prd_apx_003,2026-09-19T01:06:00Z,shipment,-1,order,ord_apx_00023,operations
tenant_apex,imv_apx_0000056,wh_apx_west,prd_apx_004,2026-09-19T02:06:00Z,shipment,-1,order,ord_apx_00023,operations
tenant_apex,imv_apx_0000057,wh_apx_east,prd_apx_007,2026-09-17T17:02:00Z,shipment,-3,order,ord_apx_00024,operations
tenant_apex,imv_apx_0000058,wh_apx_west,prd_apx_004,2026-08-29T02:30:00Z,shipment,-2,order,ord_apx_00025,operations
tenant_apex,imv_apx_0000059,wh_apx_east,prd_apx_003,2026-09-05T04:01:00Z,shipment,-1,order,ord_apx_00026,operations
tenant_apex,imv_apx_0000060,wh_apx_west,prd_apx_004,2026-08-30T12:02:00Z,shipment,-1,order,ord_apx_00027,operations
tenant_apex,imv_apx_0000061,wh_apx_west,prd_apx_005,2026-08-31T14:02:00Z,shipment,-2,order,ord_apx_00027,operations
tenant_apex,imv_apx_0000062,wh_apx_west,prd_apx_006,2026-08-30T10:02:00Z,shipment,-2,order,ord_apx_00027,operations
tenant_apex,imv_apx_0000063,wh_apx_west,prd_apx_004,2026-08-20T19:10:00Z,shipment,-1,order,ord_apx_00028,operations
tenant_apex,imv_apx_0000064,wh_apx_west,prd_apx_007,2026-08-20T19:10:00Z,shipment,-1,order,ord_apx_00028,operations
tenant_apex,imv_apx_0000065,wh_apx_west,prd_apx_002,2026-08-20T22:10:00Z,shipment,-3,order,ord_apx_00028,operations
tenant_apex,imv_apx_0000066,wh_apx_west,prd_apx_006,2026-09-13T08:22:00Z,shipment,-2,order,ord_apx_00029,operations
tenant_apex,imv_apx_0000067,wh_apx_west,prd_apx_002,2026-09-13T14:22:00Z,shipment,-1,order,ord_apx_00029,operations
tenant_apex,imv_apx_0000068,wh_apx_east,prd_apx_003,2026-09-18T07:57:00Z,shipment,-3,order,ord_apx_00030,operations
tenant_apex,imv_apx_0000069,wh_apx_east,prd_apx_006,2026-09-17T08:57:00Z,shipment,-2,order,ord_apx_00030,operations
tenant_apex,imv_apx_0000070,wh_apx_east,prd_apx_007,2026-09-18T12:57:00Z,shipment,-1,order,ord_apx_00030,operations
tenant_apex,imv_apx_0000071,wh_apx_west,prd_apx_006,2026-09-14T14:08:00Z,shipment,-1,order,ord_apx_00031,operations
tenant_apex,imv_apx_0000072,wh_apx_west,prd_apx_001,2026-09-15T01:08:00Z,shipment,-3,order,ord_apx_00031,operations
tenant_apex,imv_apx_0000073,wh_apx_west,prd_apx_008,2026-08-13T23:15:00Z,shipment,-1,order,ord_apx_00032,operations
tenant_apex,imv_apx_0000074,wh_apx_west,prd_apx_005,2026-08-13T05:15:00Z,shipment,-3,order,ord_apx_00032,operations
tenant_apex,imv_apx_0000075,wh_apx_west,prd_apx_003,2026-08-13T11:15:00Z,shipment,-1,order,ord_apx_00032,operations
tenant_apex,imv_apx_0000076,wh_apx_west,prd_apx_008,2026-08-26T03:29:00Z,shipment,-1,order,ord_apx_00033,operations
tenant_apex,imv_apx_0000077,wh_apx_west,prd_apx_005,2026-08-26T01:29:00Z,shipment,-2,order,ord_apx_00033,operations
tenant_apex,imv_apx_0000078,wh_apx_west,prd_apx_004,2026-08-24T14:29:00Z,shipment,-2,order,ord_apx_00033,operations
tenant_apex,imv_apx_0000079,wh_apx_west,prd_apx_004,2026-08-29T02:38:00Z,shipment,-1,order,ord_apx_00034,operations
tenant_apex,imv_apx_0000080,wh_apx_west,prd_apx_002,2026-08-31T13:38:00Z,shipment,-2,order,ord_apx_00034,operations
tenant_apex,imv_apx_0000081,wh_apx_west,prd_apx_008,2026-08-30T22:38:00Z,shipment,-2,order,ord_apx_00034,operations
tenant_apex,imv_apx_0000082,wh_apx_west,prd_apx_006,2026-08-29T06:38:00Z,shipment,-1,order,ord_apx_00034,operations
tenant_apex,imv_apx_0000083,wh_apx_west,prd_apx_002,2026-09-12T12:08:00Z,shipment,-3,order,ord_apx_00035,operations
tenant_apex,imv_apx_0000084,wh_apx_west,prd_apx_006,2026-08-21T05:24:00Z,shipment,-3,order,ord_apx_00036,operations
tenant_apex,imv_apx_0000085,wh_apx_west,prd_apx_007,2026-08-20T09:24:00Z,shipment,-1,order,ord_apx_00036,operations
tenant_apex,imv_apx_0000086,wh_apx_west,prd_apx_005,2026-08-19T23:24:00Z,shipment,-1,order,ord_apx_00036,operations
tenant_apex,imv_apx_0000087,wh_apx_west,prd_apx_001,2026-08-20T10:51:00Z,shipment,-2,order,ord_apx_00037,operations
tenant_apex,imv_apx_0000088,wh_apx_west,prd_apx_005,2026-08-18T15:51:00Z,shipment,-1,order,ord_apx_00037,operations
tenant_apex,imv_apx_0000089,wh_apx_west,prd_apx_004,2026-08-19T19:51:00Z,shipment,-1,order,ord_apx_00037,operations
tenant_apex,imv_apx_0000090,wh_apx_east,prd_apx_001,2026-08-21T17:31:00Z,shipment,-2,order,ord_apx_00040,operations
tenant_apex,imv_apx_0000091,wh_apx_west,prd_apx_005,2026-08-29T08:03:00Z,shipment,-1,order,ord_apx_00041,operations
tenant_apex,imv_apx_0000092,wh_apx_west,prd_apx_006,2026-08-29T10:03:00Z,shipment,-1,order,ord_apx_00041,operations
tenant_apex,imv_apx_0000093,wh_apx_west,prd_apx_008,2026-08-31T00:03:00Z,shipment,-1,order,ord_apx_00041,operations
tenant_apex,imv_apx_0000094,wh_apx_west,prd_apx_005,2026-08-18T20:59:00Z,shipment,-1,order,ord_apx_00042,operations
tenant_apex,imv_apx_0000095,wh_apx_west,prd_apx_001,2026-08-16T21:59:00Z,shipment,-4,order,ord_apx_00042,operations
tenant_apex,imv_apx_0000096,wh_apx_west,prd_apx_003,2026-08-19T02:30:00Z,shipment,-3,order,ord_apx_00043,operations
tenant_apex,imv_apx_0000097,wh_apx_west,prd_apx_005,2026-08-20T00:30:00Z,shipment,-1,order,ord_apx_00043,operations
tenant_apex,imv_apx_0000098,wh_apx_west,prd_apx_007,2026-08-19T00:30:00Z,shipment,-1,order,ord_apx_00043,operations
tenant_apex,imv_apx_0000099,wh_apx_west,prd_apx_007,2026-09-06T17:36:00Z,shipment,-3,order,ord_apx_00044,operations
tenant_apex,imv_apx_0000100,wh_apx_east,prd_apx_007,2026-09-18T17:37:00Z,shipment,-1,order,ord_apx_00045,operations
tenant_apex,imv_apx_0000101,wh_apx_east,prd_apx_006,2026-09-19T19:37:00Z,shipment,-1,order,ord_apx_00045,operations
tenant_apex,imv_apx_0000102,wh_apx_west,prd_apx_003,2026-08-18T19:59:00Z,shipment,-1,order,ord_apx_00046,operations
tenant_apex,imv_apx_0000103,wh_apx_west,prd_apx_006,2026-08-18T14:59:00Z,shipment,-1,order,ord_apx_00046,operations
tenant_apex,imv_apx_0000104,wh_apx_west,prd_apx_004,2026-08-16T12:54:00Z,shipment,-1,order,ord_apx_00047,operations
tenant_apex,imv_apx_0000105,wh_apx_west,prd_apx_004,2026-08-20T12:54:00Z,return,1,order,ord_apx_00047,operations
tenant_apex,imv_apx_0000106,wh_apx_west,prd_apx_008,2026-09-14T03:05:00Z,shipment,-3,order,ord_apx_00048,operations
tenant_apex,imv_apx_0000107,wh_apx_west,prd_apx_006,2026-09-12T23:05:00Z,shipment,-3,order,ord_apx_00048,operations
tenant_apex,imv_apx_0000108,wh_apx_west,prd_apx_004,2026-09-13T00:05:00Z,shipment,-1,order,ord_apx_00048,operations
tenant_apex,imv_apx_0000109,wh_apx_east,prd_apx_004,2026-08-12T01:21:00Z,shipment,-1,order,ord_apx_00049,operations
tenant_apex,imv_apx_0000110,wh_apx_east,prd_apx_001,2026-08-13T08:21:00Z,shipment,-2,order,ord_apx_00049,operations
tenant_apex,imv_apx_0000111,wh_apx_east,prd_apx_008,2026-08-13T01:21:00Z,shipment,-1,order,ord_apx_00049,operations
tenant_apex,imv_apx_0000112,wh_apx_east,prd_apx_008,2026-09-07T04:03:00Z,shipment,-2,order,ord_apx_00050,operations
tenant_apex,imv_apx_0000113,wh_apx_east,prd_apx_005,2026-09-05T06:03:00Z,shipment,-1,order,ord_apx_00050,operations
tenant_apex,imv_apx_0000114,wh_apx_east,prd_apx_004,2026-08-20T18:42:00Z,shipment,-3,order,ord_apx_00051,operations
tenant_apex,imv_apx_0000115,wh_apx_east,prd_apx_004,2026-08-27T18:42:00Z,return,3,order,ord_apx_00051,operations
tenant_apex,imv_apx_0000116,wh_apx_east,prd_apx_007,2026-08-20T13:42:00Z,shipment,-2,order,ord_apx_00051,operations
tenant_apex,imv_apx_0000117,wh_apx_east,prd_apx_007,2026-08-25T13:42:00Z,return,2,order,ord_apx_00051,operations
tenant_apex,imv_apx_0000118,wh_apx_west,prd_apx_007,2026-09-17T07:00:00Z,shipment,-2,order,ord_apx_00052,operations
tenant_apex,imv_apx_0000119,wh_apx_west,prd_apx_002,2026-09-08T04:47:00Z,shipment,-2,order,ord_apx_00053,operations
tenant_apex,imv_apx_0000120,wh_apx_west,prd_apx_004,2026-09-09T04:47:00Z,shipment,-3,order,ord_apx_00053,operations
tenant_apex,imv_apx_0000121,wh_apx_west,prd_apx_006,2026-09-09T02:47:00Z,shipment,-1,order,ord_apx_00053,operations
tenant_apex,imv_apx_0000122,wh_apx_east,prd_apx_007,2026-09-01T02:04:00Z,shipment,-1,order,ord_apx_00054,operations
tenant_apex,imv_apx_0000123,wh_apx_west,prd_apx_003,2026-08-23T18:19:00Z,shipment,-3,order,ord_apx_00055,operations
tenant_apex,imv_apx_0000124,wh_apx_west,prd_apx_006,2026-08-24T07:19:00Z,shipment,-2,order,ord_apx_00055,operations
tenant_apex,imv_apx_0000125,wh_apx_west,prd_apx_007,2026-08-23T07:14:00Z,shipment,-3,order,ord_apx_00056,operations
tenant_apex,imv_apx_0000126,wh_apx_west,prd_apx_001,2026-08-23T05:14:00Z,shipment,-3,order,ord_apx_00056,operations
tenant_apex,imv_apx_0000127,wh_apx_west,prd_apx_002,2026-08-23T00:14:00Z,shipment,-1,order,ord_apx_00056,operations
tenant_apex,imv_apx_0000128,wh_apx_west,prd_apx_008,2026-08-22T22:14:00Z,shipment,-1,order,ord_apx_00056,operations
tenant_apex,imv_apx_0000129,wh_apx_east,prd_apx_003,2026-09-09T23:47:00Z,shipment,-3,order,ord_apx_00057,operations
tenant_apex,imv_apx_0000130,wh_apx_east,prd_apx_006,2026-09-09T11:47:00Z,shipment,-1,order,ord_apx_00057,operations
tenant_apex,imv_apx_0000131,wh_apx_east,prd_apx_002,2026-09-03T05:15:00Z,shipment,-2,order,ord_apx_00058,operations
tenant_apex,imv_apx_0000132,wh_apx_west,prd_apx_005,2026-08-20T03:26:00Z,shipment,-4,order,ord_apx_00059,operations
tenant_apex,imv_apx_0000133,wh_apx_west,prd_apx_003,2026-08-20T18:26:00Z,shipment,-1,order,ord_apx_00059,operations
tenant_apex,imv_apx_0000134,wh_apx_east,prd_apx_002,2026-09-19T03:36:00Z,shipment,-1,order,ord_apx_00060,operations
tenant_apex,imv_apx_0000135,wh_apx_east,prd_apx_005,2026-09-21T05:36:00Z,shipment,-3,order,ord_apx_00060,operations
tenant_apex,imv_apx_0000136,wh_apx_east,prd_apx_001,2026-09-15T08:30:00Z,shipment,-2,order,ord_apx_00061,operations
tenant_apex,imv_apx_0000137,wh_apx_east,prd_apx_003,2026-09-14T03:30:00Z,shipment,-2,order,ord_apx_00061,operations
tenant_apex,imv_apx_0000138,wh_apx_west,prd_apx_006,2026-08-27T02:27:00Z,shipment,-1,order,ord_apx_00062,operations
tenant_apex,imv_apx_0000139,wh_apx_east,prd_apx_001,2026-08-25T09:55:00Z,shipment,-1,order,ord_apx_00063,operations
tenant_apex,imv_apx_0000140,wh_apx_east,prd_apx_006,2026-08-26T02:55:00Z,shipment,-2,order,ord_apx_00063,operations
tenant_apex,imv_apx_0000141,wh_apx_east,prd_apx_003,2026-08-25T20:55:00Z,shipment,-1,order,ord_apx_00063,operations
tenant_apex,imv_apx_0000142,wh_apx_west,prd_apx_001,2026-08-14T16:18:00Z,shipment,-1,order,ord_apx_00066,operations
tenant_apex,imv_apx_0000143,wh_apx_west,prd_apx_008,2026-08-18T08:57:00Z,shipment,-1,order,ord_apx_00067,operations
tenant_apex,imv_apx_0000144,wh_apx_east,prd_apx_007,2026-09-07T12:26:00Z,shipment,-2,order,ord_apx_00068,operations
tenant_apex,imv_apx_0000145,wh_apx_east,prd_apx_005,2026-09-09T04:26:00Z,shipment,-1,order,ord_apx_00068,operations
tenant_apex,imv_apx_0000146,wh_apx_west,prd_apx_008,2026-08-17T21:58:00Z,shipment,-1,order,ord_apx_00070,operations
tenant_apex,imv_apx_0000147,wh_apx_west,prd_apx_005,2026-08-18T20:58:00Z,shipment,-2,order,ord_apx_00070,operations
tenant_apex,imv_apx_0000148,wh_apx_west,prd_apx_006,2026-08-16T13:58:00Z,shipment,-1,order,ord_apx_00070,operations
tenant_apex,imv_apx_0000149,wh_apx_west,prd_apx_008,2026-08-24T12:28:00Z,shipment,-1,order,ord_apx_00071,operations
tenant_apex,imv_apx_0000150,wh_apx_west,prd_apx_003,2026-08-23T16:28:00Z,shipment,-1,order,ord_apx_00071,operations
tenant_apex,imv_apx_0000151,wh_apx_west,prd_apx_001,2026-08-23T05:28:00Z,shipment,-2,order,ord_apx_00071,operations
tenant_apex,imv_apx_0000152,wh_apx_west,prd_apx_006,2026-08-24T10:28:00Z,shipment,-1,order,ord_apx_00071,operations
tenant_apex,imv_apx_0000153,wh_apx_east,prd_apx_003,2026-09-20T16:17:00Z,shipment,-1,order,ord_apx_00072,operations
tenant_apex,imv_apx_0000154,wh_apx_east,prd_apx_004,2026-09-18T12:17:00Z,shipment,-1,order,ord_apx_00072,operations
tenant_apex,imv_apx_0000155,wh_apx_east,prd_apx_002,2026-09-21T12:49:00Z,shipment,-3,order,ord_apx_00073,operations
tenant_apex,imv_apx_0000156,wh_apx_east,prd_apx_003,2026-09-04T21:51:00Z,shipment,-1,order,ord_apx_00075,operations
tenant_apex,imv_apx_0000157,wh_apx_west,prd_apx_007,2026-08-17T02:00:00Z,shipment,-1,order,ord_apx_00076,operations
tenant_apex,imv_apx_0000158,wh_apx_west,prd_apx_001,2026-08-16T11:00:00Z,shipment,-1,order,ord_apx_00076,operations
tenant_apex,imv_apx_0000159,wh_apx_east,prd_apx_006,2026-09-16T21:55:00Z,shipment,-1,order,ord_apx_00077,operations
tenant_apex,imv_apx_0000160,wh_apx_east,prd_apx_003,2026-09-15T12:55:00Z,shipment,-4,order,ord_apx_00077,operations
tenant_apex,imv_apx_0000161,wh_apx_east,prd_apx_004,2026-08-20T15:04:00Z,shipment,-1,order,ord_apx_00079,operations
tenant_apex,imv_apx_0000162,wh_apx_east,prd_apx_004,2026-08-23T15:04:00Z,return,1,order,ord_apx_00079,operations
tenant_apex,imv_apx_0000163,wh_apx_east,prd_apx_007,2026-08-21T08:04:00Z,shipment,-1,order,ord_apx_00079,operations
tenant_apex,imv_apx_0000164,wh_apx_east,prd_apx_007,2026-08-26T08:04:00Z,return,1,order,ord_apx_00079,operations
tenant_apex,imv_apx_0000165,wh_apx_east,prd_apx_008,2026-08-21T13:04:00Z,shipment,-1,order,ord_apx_00079,operations
tenant_apex,imv_apx_0000166,wh_apx_east,prd_apx_008,2026-08-28T13:04:00Z,return,1,order,ord_apx_00079,operations
tenant_apex,imv_apx_0000167,wh_apx_east,prd_apx_005,2026-09-11T14:01:00Z,shipment,-1,order,ord_apx_00080,operations
tenant_apex,imv_apx_0000168,wh_apx_east,prd_apx_001,2026-09-10T16:01:00Z,shipment,-3,order,ord_apx_00080,operations
