tenant_id,order_line_id,order_id,product_id,quantity,unit_price,discount_amount,net_amount,unit_cost_snapshot,sensitivity
tenant_apex,oln_apx_000001,ord_apx_00001,prd_apx_006,1,39.00,5.85,33.15,17.94,support
tenant_apex,oln_apx_000002,ord_apx_00001,prd_apx_003,1,29.25,0.00,29.25,13.46,support
tenant_apex,oln_apx_000003,ord_apx_00001,prd_apx_002,1,26.00,2.60,23.40,11.96,support
tenant_apex,oln_apx_000004,ord_apx_00002,prd_apx_002,2,26.00,5.20,46.80,11.96,support
tenant_apex,oln_apx_000005,ord_apx_00002,prd_apx_008,3,45.50,6.83,129.67,20.93,support
tenant_apex,oln_apx_000006,ord_apx_00003,prd_apx_001,2,22.75,0.00,45.50,10.47,support
tenant_apex,oln_apx_000007,ord_apx_00004,prd_apx_004,1,32.50,1.63,30.87,14.95,support
tenant_apex,oln_apx_000008,ord_apx_00004,prd_apx_003,4,29.25,5.85,111.15,13.46,support
tenant_apex,oln_apx_000009,ord_apx_00005,prd_apx_002,3,26.00,3.90,74.10,11.96,support
tenant_apex,oln_apx_000010,ord_apx_00006,prd_apx_007,2,42.25,4.23,80.27,19.44,support
tenant_apex,oln_apx_000011,ord_apx_00007,prd_apx_003,1,29.25,1.46,27.79,13.46,support
tenant_apex,oln_apx_000012,ord_apx_00007,prd_apx_007,1,42.25,0.00,42.25,19.44,support
tenant_apex,oln_apx_000013,ord_apx_00008,prd_apx_001,1,22.75,0.00,22.75,10.47,support
tenant_apex,oln_apx_000014,ord_apx_00009,prd_apx_006,1,39.00,0.00,39.00,17.94,support
tenant_apex,oln_apx_000015,ord_apx_00009,prd_apx_005,1,35.75,0.00,35.75,16.45,support
tenant_apex,oln_apx_000016,ord_apx_00010,prd_apx_002,1,26.00,0.00,26.00,11.96,support
tenant_apex,oln_apx_000017,ord_apx_00010,prd_apx_003,2,29.25,0.00,58.50,13.46,support
tenant_apex,oln_apx_000018,ord_apx_00011,prd_apx_003,2,29.25,0.00,58.50,13.46,support
tenant_apex,oln_apx_000019,ord_apx_00011,prd_apx_005,2,35.75,0.00,71.50,16.45,support
tenant_apex,oln_apx_000020,ord_apx_00012,prd_apx_004,1,32.50,3.25,29.25,14.95,support
tenant_apex,oln_apx_000021,ord_apx_00012,prd_apx_005,2,35.75,3.58,67.92,16.45,support
tenant_apex,oln_apx_000022,ord_apx_00012,prd_apx_008,2,45.50,9.10,81.90,20.93,support
tenant_apex,oln_apx_000023,ord_apx_00013,prd_apx_004,2,32.50,0.00,65.00,14.95,support
tenant_apex,oln_apx_000024,ord_apx_00013,prd_apx_001,3,22.75,3.41,64.84,10.47,support
tenant_apex,oln_apx_000025,ord_apx_00014,prd_apx_007,2,42.25,0.00,84.50,19.44,support
tenant_apex,oln_apx_000026,ord_apx_00014,prd_apx_001,2,22.75,0.00,45.50,10.47,support
tenant_apex,oln_apx_000027,ord_apx_00014,prd_apx_005,3,35.75,0.00,107.25,16.45,support
tenant_apex,oln_apx_000028,ord_apx_00015,prd_apx_008,1,45.50,2.28,43.22,20.93,support
tenant_apex,oln_apx_000029,ord_apx_00015,prd_apx_007,1,42.25,2.11,40.14,19.44,support
tenant_apex,oln_apx_000030,ord_apx_00015,prd_apx_004,2,32.50,3.25,61.75,14.95,support
tenant_apex,oln_apx_000031,ord_apx_00016,prd_apx_006,1,39.00,0.00,39.00,17.94,support
tenant_apex,oln_apx_000032,ord_apx_00016,prd_apx_005,4,35.75,7.15,135.85,16.45,support
tenant_apex,oln_apx_000033,ord_apx_00016,prd_apx_004,2,32.50,0.00,65.00,14.95,support
tenant_apex,oln_apx_000034,ord_apx_00016,prd_apx_008,1,45.50,4.55,40.95,20.93,support
tenant_apex,oln_apx_000035,ord_apx_00017,prd_apx_005,4,35.75,7.15,135.85,16.45,support
tenant_apex,oln_apx_000036,ord_apx_00017,prd_apx_004,1,32.50,0.00,32.50,14.95,support
tenant_apex,oln_apx_000037,ord_apx_00018,prd_apx_005,1,35.75,0.00,35.75,16.45,support
tenant_apex,oln_apx_000038,ord_apx_00018,prd_apx_006,3,39.00,0.00,117.00,17.94,support
tenant_apex,oln_apx_000039,ord_apx_00019,prd_apx_007,2,42.25,4.23,80.27,19.44,support
tenant_apex,oln_apx_000040,ord_apx_00019,prd_apx_002,1,26.00,2.60,23.40,11.96,support
tenant_apex,oln_apx_000041,ord_apx_00019,prd_apx_004,1,32.50,1.63,30.87,14.95,support
tenant_apex,oln_apx_000042,ord_apx_00020,prd_apx_007,1,42.25,0.00,42.25,19.44,support
tenant_apex,oln_apx_000043,ord_apx_00020,prd_apx_006,1,39.00,1.95,37.05,17.94,support
tenant_apex,oln_apx_000044,ord_apx_00021,prd_apx_003,3,29.25,4.39,83.36,13.46,support
tenant_apex,oln_apx_000045,ord_apx_00021,prd_apx_002,3,26.00,0.00,78.00,11.96,support
tenant_apex,oln_apx_000046,ord_apx_00021,prd_apx_004,1,32.50,0.00,32.50,14.95,support
tenant_apex,oln_apx_000047,ord_apx_00022,prd_apx_005,2,35.75,10.73,60.77,16.45,support
tenant_apex,oln_apx_000048,ord_apx_00022,prd_apx_007,2,42.25,0.00,84.50,19.44,support
tenant_apex,oln_apx_000049,ord_apx_00022,prd_apx_003,1,29.25,0.00,29.25,13.46,support
tenant_apex,oln_apx_000050,ord_apx_00023,prd_apx_003,1,29.25,0.00,29.25,13.46,support
tenant_apex,oln_apx_000051,ord_apx_00023,prd_apx_004,1,32.50,1.63,30.87,14.95,support
tenant_apex,oln_apx_000052,ord_apx_00024,prd_apx_007,3,42.25,0.00,126.75,19.44,support
tenant_apex,oln_apx_000053,ord_apx_00025,prd_apx_004,2,32.50,0.00,65.00,14.95,support
tenant_apex,oln_apx_000054,ord_apx_00026,prd_apx_003,1,29.25,4.39,24.86,13.46,support
tenant_apex,oln_apx_000055,ord_apx_00027,prd_apx_004,1,32.50,0.00,32.50,14.95,support
tenant_apex,oln_apx_000056,ord_apx_00027,prd_apx_005,2,35.75,7.15,64.35,16.45,support
tenant_apex,oln_apx_000057,ord_apx_00027,prd_apx_006,2,39.00,3.90,74.10,17.94,support
tenant_apex,oln_apx_000058,ord_apx_00028,prd_apx_004,1,32.50,3.25,29.25,14.95,support
tenant_apex,oln_apx_000059,ord_apx_00028,prd_apx_007,1,42.25,0.00,42.25,19.44,support
tenant_apex,oln_apx_000060,ord_apx_00028,prd_apx_002,3,26.00,7.80,70.20,11.96,support
tenant_apex,oln_apx_000061,ord_apx_00029,prd_apx_006,2,39.00,0.00,78.00,17.94,support
tenant_apex,oln_apx_000062,ord_apx_00029,prd_apx_002,1,26.00,0.00,26.00,11.96,support
tenant_apex,oln_apx_000063,ord_apx_00030,prd_apx_003,3,29.25,4.39,83.36,13.46,support
tenant_apex,oln_apx_000064,ord_apx_00030,prd_apx_006,2,39.00,0.00,78.00,17.94,support
tenant_apex,oln_apx_000065,ord_apx_00030,prd_apx_007,1,42.25,2.11,40.14,19.44,support
tenant_apex,oln_apx_000066,ord_apx_00031,prd_apx_006,1,39.00,3.90,35.10,17.94,support
tenant_apex,oln_apx_000067,ord_apx_00031,prd_apx_001,3,22.75,0.00,68.25,10.47,support
tenant_apex,oln_apx_000068,ord_apx_00032,prd_apx_008,1,45.50,0.00,45.50,20.93,support
tenant_apex,oln_apx_000069,ord_apx_00032,prd_apx_005,3,35.75,0.00,107.25,16.45,support
tenant_apex,oln_apx_000070,ord_apx_00032,prd_apx_003,1,29.25,0.00,29.25,13.46,support
tenant_apex,oln_apx_000071,ord_apx_00033,prd_apx_008,1,45.50,0.00,45.50,20.93,support
tenant_apex,oln_apx_000072,ord_apx_00033,prd_apx_005,2,35.75,0.00,71.50,16.45,support
tenant_apex,oln_apx_000073,ord_apx_00033,prd_apx_004,2,32.50,6.50,58.50,14.95,support
tenant_apex,oln_apx_000074,ord_apx_00034,prd_apx_004,1,32.50,0.00,32.50,14.95,support
tenant_apex,oln_apx_000075,ord_apx_00034,prd_apx_002,2,26.00,0.00,52.00,11.96,support
tenant_apex,oln_apx_000076,ord_apx_00034,prd_apx_008,2,45.50,0.00,91.00,20.93,support
tenant_apex,oln_apx_000077,ord_apx_00034,prd_apx_006,1,39.00,0.00,39.00,17.94,support
tenant_apex,oln_apx_000078,ord_apx_00035,prd_apx_002,3,26.00,0.00,78.00,11.96,support
tenant_apex,oln_apx_000079,ord_apx_00036,prd_apx_006,3,39.00,5.85,111.15,17.94,support
tenant_apex,oln_apx_000080,ord_apx_00036,prd_apx_007,1,42.25,0.00,42.25,19.44,support
tenant_apex,oln_apx_000081,ord_apx_00036,prd_apx_005,1,35.75,0.00,35.75,16.45,support
tenant_apex,oln_apx_000082,ord_apx_00037,prd_apx_001,2,22.75,2.28,43.22,10.47,support
tenant_apex,oln_apx_000083,ord_apx_00037,prd_apx_005,1,35.75,0.00,35.75,16.45,support
tenant_apex,oln_apx_000084,ord_apx_00037,prd_apx_004,1,32.50,0.00,32.50,14.95,support
tenant_apex,oln_apx_000085,ord_apx_00038,prd_apx_004,1,32.50,0.00,32.50,14.95,support
tenant_apex,oln_apx_000086,ord_apx_00039,prd_apx_002,3,26.00,0.00,78.00,11.96,support
tenant_apex,oln_apx_000087,ord_apx_00039,prd_apx_003,1,29.25,0.00,29.25,13.46,support
tenant_apex,oln_apx_000088,ord_apx_00039,prd_apx_007,1,42.25,0.00,42.25,19.44,support
tenant_apex,oln_apx_000089,ord_apx_00040,prd_apx_001,2,22.75,0.00,45.50,10.47,support
tenant_apex,oln_apx_000090,ord_apx_00041,prd_apx_005,1,35.75,0.00,35.75,16.45,support
tenant_apex,oln_apx_000091,ord_apx_00041,prd_apx_006,1,39.00,3.90,35.10,17.94,support
tenant_apex,oln_apx_000092,ord_apx_00041,prd_apx_008,1,45.50,0.00,45.50,20.93,support
tenant_apex,oln_apx_000093,ord_apx_00042,prd_apx_005,1,35.75,0.00,35.75,16.45,support
tenant_apex,oln_apx_000094,ord_apx_00042,prd_apx_001,4,22.75,0.00,91.00,10.47,support
tenant_apex,oln_apx_000095,ord_apx_00043,prd_apx_003,3,29.25,0.00,87.75,13.46,support
tenant_apex,oln_apx_000096,ord_apx_00043,prd_apx_005,1,35.75,0.00,35.75,16.45,support
tenant_apex,oln_apx_000097,ord_apx_00043,prd_apx_007,1,42.25,4.23,38.02,19.44,support
tenant_apex,oln_apx_000098,ord_apx_00044,prd_apx_007,3,42.25,0.00,126.75,19.44,support
tenant_apex,oln_apx_000099,ord_apx_00045,prd_apx_007,1,42.25,0.00,42.25,19.44,support
tenant_apex,oln_apx_000100,ord_apx_00045,prd_apx_006,1,39.00,0.00,39.00,17.94,support
tenant_apex,oln_apx_000101,ord_apx_00046,prd_apx_003,1,29.25,0.00,29.25,13.46,support
tenant_apex,oln_apx_000102,ord_apx_00046,prd_apx_006,1,39.00,0.00,39.00,17.94,support
tenant_apex,oln_apx_000103,ord_apx_00047,prd_apx_004,1,32.50,3.25,29.25,14.95,support
tenant_apex,oln_apx_000104,ord_apx_00048,prd_apx_008,3,45.50,0.00,136.50,20.93,support
tenant_apex,oln_apx_000105,ord_apx_00048,prd_apx_006,3,39.00,0.00,117.00,17.94,support
tenant_apex,oln_apx_000106,ord_apx_00048,prd_apx_004,1,32.50,0.00,32.50,14.95,support
tenant_apex,oln_apx_000107,ord_apx_00049,prd_apx_004,1,32.50,0.00,32.50,14.95,support
tenant_apex,oln_apx_000108,ord_apx_00049,prd_apx_001,2,22.75,0.00,45.50,10.47,support
tenant_apex,oln_apx_000109,ord_apx_00049,prd_apx_008,1,45.50,0.00,45.50,20.93,support
tenant_apex,oln_apx_000110,ord_apx_00050,prd_apx_008,2,45.50,0.00,91.00,20.93,support
tenant_apex,oln_apx_000111,ord_apx_00050,prd_apx_005,1,35.75,1.79,33.96,16.45,support
tenant_apex,oln_apx_000112,ord_apx_00051,prd_apx_004,3,32.50,4.88,92.62,14.95,support
tenant_apex,oln_apx_000113,ord_apx_00051,prd_apx_007,2,42.25,4.23,80.27,19.44,support
tenant_apex,oln_apx_000114,ord_apx_00052,prd_apx_007,2,42.25,12.68,71.82,19.44,support
tenant_apex,oln_apx_000115,ord_apx_00053,prd_apx_002,2,26.00,0.00,52.00,11.96,support
tenant_apex,oln_apx_000116,ord_apx_00053,prd_apx_004,3,32.50,4.88,92.62,14.95,support
tenant_apex,oln_apx_000117,ord_apx_00053,prd_apx_006,1,39.00,1.95,37.05,17.94,support
tenant_apex,oln_apx_000118,ord_apx_00054,prd_apx_007,1,42.25,0.00,42.25,19.44,support
tenant_apex,oln_apx_000119,ord_apx_00055,prd_apx_003,3,29.25,0.00,87.75,13.46,support
tenant_apex,oln_apx_000120,ord_apx_00055,prd_apx_006,2,39.00,11.70,66.30,17.94,support
tenant_apex,oln_apx_000121,ord_apx_00056,prd_apx_007,3,42.25,0.00,126.75,19.44,support
tenant_apex,oln_apx_000122,ord_apx_00056,prd_apx_001,3,22.75,0.00,68.25,10.47,support
tenant_apex,oln_apx_000123,ord_apx_00056,prd_apx_002,1,26.00,3.90,22.10,11.96,support
tenant_apex,oln_apx_000124,ord_apx_00056,prd_apx_008,1,45.50,0.00,45.50,20.93,support
tenant_apex,oln_apx_000125,ord_apx_00057,prd_apx_003,3,29.25,4.39,83.36,13.46,support
tenant_apex,oln_apx_000126,ord_apx_00057,prd_apx_006,1,39.00,0.00,39.00,17.94,support
tenant_apex,oln_apx_000127,ord_apx_00058,prd_apx_002,2,26.00,2.60,49.40,11.96,support
tenant_apex,oln_apx_000128,ord_apx_00059,prd_apx_005,4,35.75,7.15,135.85,16.45,support
tenant_apex,oln_apx_000129,ord_apx_00059,prd_apx_003,1,29.25,0.00,29.25,13.46,support
tenant_apex,oln_apx_000130,ord_apx_00060,prd_apx_002,1,26.00,1.30,24.70,11.96,support
tenant_apex,oln_apx_000131,ord_apx_00060,prd_apx_005,3,35.75,0.00,107.25,16.45,support
tenant_apex,oln_apx_000132,ord_apx_00061,prd_apx_001,2,22.75,0.00,45.50,10.47,support
tenant_apex,oln_apx_000133,ord_apx_00061,prd_apx_003,2,29.25,2.93,55.57,13.46,support
tenant_apex,oln_apx_000134,ord_apx_00062,prd_apx_006,1,39.00,1.95,37.05,17.94,support
tenant_apex,oln_apx_000135,ord_apx_00063,prd_apx_001,1,22.75,1.14,21.61,10.47,support
tenant_apex,oln_apx_000136,ord_apx_00063,prd_apx_006,2,39.00,3.90,74.10,17.94,support
tenant_apex,oln_apx_000137,ord_apx_00063,prd_apx_003,1,29.25,1.46,27.79,13.46,support
tenant_apex,oln_apx_000138,ord_apx_00064,prd_apx_002,1,26.00,0.00,26.00,11.96,support
tenant_apex,oln_apx_000139,ord_apx_00064,prd_apx_005,1,35.75,1.79,33.96,16.45,support
tenant_apex,oln_apx_000140,ord_apx_00064,prd_apx_004,3,32.50,0.00,97.50,14.95,support
tenant_apex,oln_apx_000141,ord_apx_00065,prd_apx_005,1,35.75,0.00,35.75,16.45,support
tenant_apex,oln_apx_000142,ord_apx_00066,prd_apx_001,1,22.75,1.14,21.61,10.47,support
tenant_apex,oln_apx_000143,ord_apx_00067,prd_apx_008,1,45.50,2.28,43.22,20.93,support
tenant_apex,oln_apx_000144,ord_apx_00068,prd_apx_007,2,42.25,0.00,84.50,19.44,support
tenant_apex,oln_apx_000145,ord_apx_00068,prd_apx_005,1,35.75,3.58,32.17,16.45,support
tenant_apex,oln_apx_000146,ord_apx_00069,prd_apx_008,1,45.50,4.55,40.95,20.93,support
tenant_apex,oln_apx_000147,ord_apx_00070,prd_apx_008,1,45.50,0.00,45.50,20.93,support
tenant_apex,oln_apx_000148,ord_apx_00070,prd_apx_005,2,35.75,0.00,71.50,16.45,support
tenant_apex,oln_apx_000149,ord_apx_00070,prd_apx_006,1,39.00,0.00,39.00,17.94,support
tenant_apex,oln_apx_000150,ord_apx_00071,prd_apx_008,1,45.50,0.00,45.50,20.93,support
tenant_apex,oln_apx_000151,ord_apx_00071,prd_apx_003,1,29.25,0.00,29.25,13.46,support
tenant_apex,oln_apx_000152,ord_apx_00071,prd_apx_001,2,22.75,2.28,43.22,10.47,support
tenant_apex,oln_apx_000153,ord_apx_00071,prd_apx_006,1,39.00,1.95,37.05,17.94,support
tenant_apex,oln_apx_000154,ord_apx_00072,prd_apx_003,1,29.25,1.46,27.79,13.46,support
tenant_apex,oln_apx_000155,ord_apx_00072,prd_apx_004,1,32.50,1.63,30.87,14.95,support
tenant_apex,oln_apx_000156,ord_apx_00073,prd_apx_002,3,26.00,7.80,70.20,11.96,support
tenant_apex,oln_apx_000157,ord_apx_00074,prd_apx_002,2,26.00,0.00,52.00,11.96,support
tenant_apex,oln_apx_000158,ord_apx_00074,prd_apx_003,3,29.25,4.39,83.36,13.46,support
tenant_apex,oln_apx_000159,ord_apx_00075,prd_apx_003,1,29.25,2.93,26.32,13.46,support
tenant_apex,oln_apx_000160,ord_apx_00076,prd_apx_007,1,42.25,2.11,40.14,19.44,support
tenant_apex,oln_apx_000161,ord_apx_00076,prd_apx_001,1,22.75,1.14,21.61,10.47,support
tenant_apex,oln_apx_000162,ord_apx_00077,prd_apx_006,1,39.00,0.00,39.00,17.94,support
tenant_apex,oln_apx_000163,ord_apx_00077,prd_apx_003,4,29.25,0.00,117.00,13.46,support
tenant_apex,oln_apx_000164,ord_apx_00078,prd_apx_005,1,35.75,0.00,35.75,16.45,support
tenant_apex,oln_apx_000165,ord_apx_00078,prd_apx_004,1,32.50,4.88,27.62,14.95,support
tenant_apex,oln_apx_000166,ord_apx_00079,prd_apx_004,1,32.50,1.63,30.87,14.95,support
tenant_apex,oln_apx_000167,ord_apx_00079,prd_apx_007,1,42.25,2.11,40.14,19.44,support
tenant_apex,oln_apx_000168,ord_apx_00079,prd_apx_008,1,45.50,2.28,43.22,20.93,support
tenant_apex,oln_apx_000169,ord_apx_00080,prd_apx_005,1,35.75,5.36,30.39,16.45,support
tenant_apex,oln_apx_000170,ord_apx_00080,prd_apx_001,3,22.75,0.00,68.25,10.47,support
