tenant_id,shipment_id,shipment_direction,order_id,purchase_order_id,carrier_id,origin_warehouse_id,destination_warehouse_id,destination_region_id,tracking_number,shipped_at,promised_delivery_at,delivered_at,shipment_status,freight_charge_amount,currency_code,sensitivity
tenant_apex,shp_apx_000001,outbound,ord_apx_00001,,car_apx_rapid,wh_apx_west,,reg_apx_west,TRK-APX-00000001,2026-09-07T22:16:00Z,2026-09-09T22:16:00Z,2026-09-11T00:16:00Z,delivered,11.55,USD,operations
tenant_apex,shp_apx_000002,outbound,ord_apx_00002,,car_apx_summit,wh_apx_west,,reg_apx_west,TRK-APX-00000002,2026-08-18T22:29:00Z,2026-08-22T22:29:00Z,2026-08-21T22:29:00Z,delivered,14.25,USD,operations
tenant_apex,shp_apx_000003,outbound,ord_apx_00003,,car_apx_summit,wh_apx_west,,reg_apx_west,TRK-APX-00000003,2026-08-25T00:21:00Z,2026-08-29T00:21:00Z,2026-08-28T00:21:00Z,delivered,10.20,USD,operations
tenant_apex,shp_apx_000004,outbound,ord_apx_00004,,car_apx_summit,wh_apx_west,,reg_apx_west,TRK-APX-00000004,2026-08-14T01:13:00Z,2026-08-18T01:13:00Z,,in_transit,14.25,USD,operations
tenant_apex,shp_apx_000005,outbound,ord_apx_00006,,car_apx_summit,wh_apx_west,,reg_apx_west,TRK-APX-00000005,2026-08-26T18:10:00Z,2026-08-30T18:10:00Z,2026-09-01T07:10:00Z,delivered,10.20,USD,operations
tenant_apex,shp_apx_000006,outbound,ord_apx_00007,,car_apx_rapid,wh_apx_east,,reg_apx_east,TRK-APX-00000006,2026-09-20T03:46:00Z,2026-09-22T03:46:00Z,2026-09-21T15:46:00Z,delivered,10.20,USD,operations
tenant_apex,shp_apx_000007,outbound,ord_apx_00010,,car_apx_summit,wh_apx_west,,reg_apx_west,TRK-APX-00000007,2026-09-14T19:43:00Z,2026-09-18T19:43:00Z,2026-09-20T10:43:00Z,delivered,11.55,USD,operations
tenant_apex,shp_apx_000008,outbound,ord_apx_00011,,car_apx_summit,wh_apx_east,,reg_apx_east,TRK-APX-00000008,2026-08-28T12:18:00Z,2026-09-01T12:18:00Z,2026-08-31T12:18:00Z,delivered,12.90,USD,operations
tenant_apex,shp_apx_000009,outbound,ord_apx_00012,,car_apx_summit,wh_apx_east,,reg_apx_east,TRK-APX-00000009,2026-09-06T01:38:00Z,2026-09-10T01:38:00Z,2026-09-09T01:38:00Z,delivered,14.25,USD,operations
tenant_apex,shp_apx_000010,outbound,ord_apx_00013,,car_apx_rapid,wh_apx_east,,reg_apx_east,TRK-APX-00000010,2026-08-19T11:06:00Z,2026-08-21T11:06:00Z,2026-08-23T16:06:00Z,delivered,14.25,USD,operations
tenant_apex,shp_apx_000011,outbound,ord_apx_00014,,car_apx_rapid,wh_apx_west,,reg_apx_west,TRK-APX-00000011,2026-08-19T15:34:00Z,2026-08-21T15:34:00Z,2026-08-22T06:34:00Z,delivered,16.95,USD,operations
tenant_apex,shp_apx_000012,outbound,ord_apx_00017,,car_apx_rapid,wh_apx_west,,reg_apx_west,TRK-APX-00000012,2026-09-19T00:30:00Z,2026-09-21T00:30:00Z,2026-09-20T12:30:00Z,delivered,14.25,USD,operations
tenant_apex,shp_apx_000013,outbound,ord_apx_00018,,car_apx_summit,wh_apx_east,,reg_apx_east,TRK-APX-00000013,2026-08-21T18:28:00Z,2026-08-25T18:28:00Z,2026-08-24T18:28:00Z,delivered,12.90,USD,operations
tenant_apex,shp_apx_000014,outbound,ord_apx_00019,,car_apx_summit,wh_apx_east,,reg_apx_east,TRK-APX-00000014,2026-09-19T07:36:00Z,2026-09-23T07:36:00Z,2026-09-21T23:59:59Z,delivered,12.90,USD,operations
tenant_apex,shp_apx_000015,outbound,ord_apx_00021,,car_apx_summit,wh_apx_east,,reg_apx_east,TRK-APX-00000015,2026-08-18T10:41:00Z,2026-08-22T10:41:00Z,2026-08-21T10:41:00Z,delivered,16.95,USD,operations
tenant_apex,shp_apx_000016,outbound,ord_apx_00023,,car_apx_summit,wh_apx_west,,reg_apx_west,TRK-APX-00000016,2026-09-19T01:06:00Z,2026-09-23T01:06:00Z,2026-09-21T23:59:59Z,delivered,10.20,USD,operations
tenant_apex,shp_apx_000017,outbound,ord_apx_00024,,car_apx_rapid,wh_apx_east,,reg_apx_east,TRK-APX-00000017,2026-09-17T17:02:00Z,2026-09-19T17:02:00Z,2026-09-19T05:02:00Z,delivered,11.55,USD,operations
tenant_apex,shp_apx_000018,outbound,ord_apx_00025,,car_apx_summit,wh_apx_west,,reg_apx_west,TRK-APX-00000018,2026-08-29T02:30:00Z,2026-09-02T02:30:00Z,2026-09-04T05:30:00Z,delivered,10.20,USD,operations
tenant_apex,shp_apx_000019,outbound,ord_apx_00026,,car_apx_summit,wh_apx_east,,reg_apx_east,TRK-APX-00000019,2026-09-05T04:01:00Z,2026-09-09T04:01:00Z,2026-09-08T04:01:00Z,delivered,8.85,USD,operations
tenant_apex,shp_apx_000020,outbound,ord_apx_00027,,car_apx_rapid,wh_apx_west,,reg_apx_west,TRK-APX-00000020,2026-08-30T10:02:00Z,2026-09-01T10:02:00Z,2026-08-31T22:02:00Z,delivered,14.25,USD,operations
tenant_apex,shp_apx_000021,outbound,ord_apx_00028,,car_apx_rapid,wh_apx_west,,reg_apx_west,TRK-APX-00000021,2026-08-20T19:10:00Z,2026-08-22T19:10:00Z,2026-08-22T07:10:00Z,delivered,14.25,USD,operations
tenant_apex,shp_apx_000022,outbound,ord_apx_00029,,car_apx_summit,wh_apx_west,,reg_apx_west,TRK-APX-00000022,2026-09-13T08:22:00Z,2026-09-17T08:22:00Z,2026-09-16T08:22:00Z,delivered,11.55,USD,operations
tenant_apex,shp_apx_000023,outbound,ord_apx_00030,,car_apx_summit,wh_apx_east,,reg_apx_east,TRK-APX-00000023,2026-09-17T08:57:00Z,2026-09-21T08:57:00Z,2026-09-20T08:57:00Z,delivered,15.60,USD,operations
tenant_apex,shp_apx_000024,outbound,ord_apx_00031,,car_apx_summit,wh_apx_west,,reg_apx_west,TRK-APX-00000024,2026-09-14T14:08:00Z,2026-09-18T14:08:00Z,2026-09-20T03:08:00Z,delivered,12.90,USD,operations
tenant_apex,shp_apx_000025,outbound,ord_apx_00032,,car_apx_summit,wh_apx_west,,reg_apx_west,TRK-APX-00000025,2026-08-13T05:15:00Z,2026-08-17T05:15:00Z,2026-08-16T05:15:00Z,delivered,14.25,USD,operations
tenant_apex,shp_apx_000026,outbound,ord_apx_00033,,car_apx_rapid,wh_apx_west,,reg_apx_west,TRK-APX-00000026,2026-08-24T14:29:00Z,2026-08-26T14:29:00Z,2026-08-26T02:29:00Z,delivered,14.25,USD,operations
tenant_apex,shp_apx_000027,outbound,ord_apx_00034,,car_apx_rapid,wh_apx_west,,reg_apx_west,TRK-APX-00000027,2026-08-29T02:38:00Z,2026-08-31T02:38:00Z,,in_transit,15.60,USD,operations
tenant_apex,shp_apx_000028,outbound,ord_apx_00035,,car_apx_summit,wh_apx_west,,reg_apx_west,TRK-APX-00000028,2026-09-12T12:08:00Z,2026-09-16T12:08:00Z,2026-09-18T19:08:00Z,delivered,11.55,USD,operations
tenant_apex,shp_apx_000029,outbound,ord_apx_00036,,car_apx_rapid,wh_apx_west,,reg_apx_west,TRK-APX-00000029,2026-08-19T23:24:00Z,2026-08-21T23:24:00Z,2026-08-21T11:24:00Z,delivered,14.25,USD,operations
tenant_apex,shp_apx_000030,outbound,ord_apx_00037,,car_apx_summit,wh_apx_west,,reg_apx_west,TRK-APX-00000030,2026-08-18T15:51:00Z,2026-08-22T15:51:00Z,2026-08-21T15:51:00Z,delivered,12.90,USD,operations
tenant_apex,shp_apx_000031,outbound,ord_apx_00040,,car_apx_summit,wh_apx_east,,reg_apx_east,TRK-APX-00000031,2026-08-21T17:31:00Z,2026-08-25T17:31:00Z,2026-08-24T17:31:00Z,delivered,10.20,USD,operations
tenant_apex,shp_apx_000032,outbound,ord_apx_00041,,car_apx_summit,wh_apx_west,,reg_apx_west,TRK-APX-00000032,2026-08-29T08:03:00Z,2026-09-02T08:03:00Z,2026-09-01T08:03:00Z,delivered,11.55,USD,operations
tenant_apex,shp_apx_000033,outbound,ord_apx_00042,,car_apx_summit,wh_apx_west,,reg_apx_west,TRK-APX-00000033,2026-08-16T21:59:00Z,2026-08-20T21:59:00Z,2026-08-19T21:59:00Z,delivered,14.25,USD,operations
tenant_apex,shp_apx_000034,outbound,ord_apx_00043,,car_apx_summit,wh_apx_west,,reg_apx_west,TRK-APX-00000034,2026-08-19T00:30:00Z,2026-08-23T00:30:00Z,2026-08-23T08:30:00Z,delivered,14.25,USD,operations
tenant_apex,shp_apx_000035,outbound,ord_apx_00044,,car_apx_rapid,wh_apx_west,,reg_apx_west,TRK-APX-00000035,2026-09-06T17:36:00Z,2026-09-08T17:36:00Z,2026-09-10T07:36:00Z,delivered,11.55,USD,operations
tenant_apex,shp_apx_000036,outbound,ord_apx_00045,,car_apx_summit,wh_apx_east,,reg_apx_east,TRK-APX-00000036,2026-09-18T17:37:00Z,2026-09-22T17:37:00Z,2026-09-21T17:37:00Z,delivered,10.20,USD,operations
tenant_apex,shp_apx_000037,outbound,ord_apx_00046,,car_apx_rapid,wh_apx_west,,reg_apx_west,TRK-APX-00000037,2026-08-18T14:59:00Z,2026-08-20T14:59:00Z,2026-08-21T12:59:00Z,delivered,10.20,USD,operations
tenant_apex,shp_apx_000038,outbound,ord_apx_00047,,car_apx_summit,wh_apx_west,,reg_apx_west,TRK-APX-00000038,2026-08-16T12:54:00Z,2026-08-20T12:54:00Z,2026-08-19T12:54:00Z,delivered,8.85,USD,operations
tenant_apex,shp_apx_000039,outbound,ord_apx_00048,,car_apx_rapid,wh_apx_west,,reg_apx_west,TRK-APX-00000039,2026-09-12T23:05:00Z,2026-09-14T23:05:00Z,2026-09-14T11:05:00Z,delivered,16.95,USD,operations
tenant_apex,shp_apx_000040,outbound,ord_apx_00049,,car_apx_rapid,wh_apx_east,,reg_apx_east,TRK-APX-00000040,2026-08-12T01:21:00Z,2026-08-14T01:21:00Z,,in_transit,12.90,USD,operations
tenant_apex,shp_apx_000041,outbound,ord_apx_00050,,car_apx_rapid,wh_apx_east,,reg_apx_east,TRK-APX-00000041,2026-09-05T06:03:00Z,2026-09-07T06:03:00Z,,delayed,11.55,USD,operations
tenant_apex,shp_apx_000042,outbound,ord_apx_00051,,car_apx_summit,wh_apx_east,,reg_apx_east,TRK-APX-00000042,2026-08-20T13:42:00Z,2026-08-24T13:42:00Z,2026-08-23T13:42:00Z,delivered,14.25,USD,operations
tenant_apex,shp_apx_000043,outbound,ord_apx_00052,,car_apx_summit,wh_apx_west,,reg_apx_west,TRK-APX-00000043,2026-09-17T07:00:00Z,2026-09-21T07:00:00Z,2026-09-20T07:00:00Z,delivered,10.20,USD,operations
tenant_apex,shp_apx_000044,outbound,ord_apx_00053,,car_apx_rapid,wh_apx_west,,reg_apx_west,TRK-APX-00000044,2026-09-08T04:47:00Z,2026-09-10T04:47:00Z,2026-09-09T16:47:00Z,delivered,15.60,USD,operations
tenant_apex,shp_apx_000045,outbound,ord_apx_00054,,car_apx_rapid,wh_apx_east,,reg_apx_east,TRK-APX-00000045,2026-09-01T02:04:00Z,2026-09-03T02:04:00Z,2026-09-02T14:04:00Z,delivered,8.85,USD,operations
tenant_apex,shp_apx_000046,outbound,ord_apx_00055,,car_apx_rapid,wh_apx_west,,reg_apx_west,TRK-APX-00000046,2026-08-23T18:19:00Z,2026-08-25T18:19:00Z,,in_transit,14.25,USD,operations
tenant_apex,shp_apx_000047,outbound,ord_apx_00056,,car_apx_rapid,wh_apx_west,,reg_apx_west,TRK-APX-00000047,2026-08-22T22:14:00Z,2026-08-24T22:14:00Z,2026-08-24T10:14:00Z,delivered,18.30,USD,operations
tenant_apex,shp_apx_000048,outbound,ord_apx_00057,,car_apx_rapid,wh_apx_east,,reg_apx_east,TRK-APX-00000048,2026-09-09T11:47:00Z,2026-09-11T11:47:00Z,2026-09-11T19:47:00Z,delivered,12.90,USD,operations
tenant_apex,shp_apx_000049,outbound,ord_apx_00058,,car_apx_rapid,wh_apx_east,,reg_apx_east,TRK-APX-00000049,2026-09-03T05:15:00Z,2026-09-05T05:15:00Z,2026-09-06T16:15:00Z,delivered,10.20,USD,operations
tenant_apex,shp_apx_000050,outbound,ord_apx_00059,,car_apx_rapid,wh_apx_west,,reg_apx_west,TRK-APX-00000050,2026-08-20T03:26:00Z,2026-08-22T03:26:00Z,2026-08-21T15:26:00Z,delivered,14.25,USD,operations
tenant_apex,shp_apx_000051,outbound,ord_apx_00060,,car_apx_summit,wh_apx_east,,reg_apx_east,TRK-APX-00000051,2026-09-19T03:36:00Z,2026-09-23T03:36:00Z,2026-09-21T23:59:59Z,delivered,12.90,USD,operations
tenant_apex,shp_apx_000052,outbound,ord_apx_00061,,car_apx_summit,wh_apx_east,,reg_apx_east,TRK-APX-00000052,2026-09-14T03:30:00Z,2026-09-18T03:30:00Z,2026-09-17T03:30:00Z,delivered,12.90,USD,operations
tenant_apex,shp_apx_000053,outbound,ord_apx_00062,,car_apx_rapid,wh_apx_west,,reg_apx_west,TRK-APX-00000053,2026-08-27T02:27:00Z,2026-08-29T02:27:00Z,2026-08-28T14:27:00Z,delivered,8.85,USD,operations
tenant_apex,shp_apx_000054,outbound,ord_apx_00063,,car_apx_rapid,wh_apx_east,,reg_apx_east,TRK-APX-00000054,2026-08-25T09:55:00Z,2026-08-27T09:55:00Z,,in_transit,12.90,USD,operations
tenant_apex,shp_apx_000055,outbound,ord_apx_00066,,car_apx_rapid,wh_apx_west,,reg_apx_west,TRK-APX-00000055,2026-08-14T16:18:00Z,2026-08-16T16:18:00Z,2026-08-16T04:18:00Z,delivered,8.85,USD,operations
tenant_apex,shp_apx_000056,outbound,ord_apx_00067,,car_apx_rapid,wh_apx_west,,reg_apx_west,TRK-APX-00000056,2026-08-18T08:57:00Z,2026-08-20T08:57:00Z,2026-08-19T20:57:00Z,delivered,8.85,USD,operations
tenant_apex,shp_apx_000057,outbound,ord_apx_00068,,car_apx_summit,wh_apx_east,,reg_apx_east,TRK-APX-00000057,2026-09-07T12:26:00Z,2026-09-11T12:26:00Z,2026-09-10T12:26:00Z,delivered,11.55,USD,operations
tenant_apex,shp_apx_000058,outbound,ord_apx_00070,,car_apx_summit,wh_apx_west,,reg_apx_west,TRK-APX-00000058,2026-08-16T13:58:00Z,2026-08-20T13:58:00Z,2026-08-19T13:58:00Z,delivered,12.90,USD,operations
tenant_apex,shp_apx_000059,outbound,ord_apx_00071,,car_apx_summit,wh_apx_west,,reg_apx_west,TRK-APX-00000059,2026-08-23T05:28:00Z,2026-08-27T05:28:00Z,2026-08-26T05:28:00Z,delivered,14.25,USD,operations
tenant_apex,shp_apx_000060,outbound,ord_apx_00072,,car_apx_summit,wh_apx_east,,reg_apx_east,TRK-APX-00000060,2026-09-18T12:17:00Z,2026-09-22T12:17:00Z,2026-09-21T12:17:00Z,delivered,10.20,USD,operations
tenant_apex,shp_apx_000061,outbound,ord_apx_00073,,car_apx_summit,wh_apx_east,,reg_apx_east,TRK-APX-00000061,2026-09-21T12:49:00Z,2026-09-25T12:49:00Z,2026-09-21T23:59:59Z,delivered,11.55,USD,operations
tenant_apex,shp_apx_000062,outbound,ord_apx_00075,,car_apx_rapid,wh_apx_east,,reg_apx_east,TRK-APX-00000062,2026-09-04T21:51:00Z,2026-09-06T21:51:00Z,2026-09-06T09:51:00Z,delivered,8.85,USD,operations
tenant_apex,shp_apx_000063,outbound,ord_apx_00076,,car_apx_rapid,wh_apx_west,,reg_apx_west,TRK-APX-00000063,2026-08-16T11:00:00Z,2026-08-18T11:00:00Z,2026-08-17T23:00:00Z,delivered,10.20,USD,operations
tenant_apex,shp_apx_000064,outbound,ord_apx_00077,,car_apx_rapid,wh_apx_east,,reg_apx_east,TRK-APX-00000064,2026-09-15T12:55:00Z,2026-09-17T12:55:00Z,2026-09-17T00:55:00Z,delivered,14.25,USD,operations
tenant_apex,shp_apx_000065,outbound,ord_apx_00079,,car_apx_summit,wh_apx_east,,reg_apx_east,TRK-APX-00000065,2026-08-20T15:04:00Z,2026-08-24T15:04:00Z,2026-08-23T15:04:00Z,delivered,11.55,USD,operations
tenant_apex,shp_apx_000066,outbound,ord_apx_00080,,car_apx_rapid,wh_apx_east,,reg_apx_east,TRK-APX-00000066,2026-09-10T16:01:00Z,2026-09-12T16:01:00Z,2026-09-14T16:01:00Z,delivered,12.90,USD,operations
tenant_apex,shp_apx_000067,inbound,,po_apx_00001,car_apx_rapid,,wh_apx_east,reg_apx_east,TRK-APX-00000067,2026-09-05T11:59:59Z,2026-09-07T11:59:59Z,,delayed,121.86,USD,operations
tenant_apex,shp_apx_000068,inbound,,po_apx_00002,car_apx_rapid,,wh_apx_west,reg_apx_west,TRK-APX-00000068,2026-09-11T11:59:59Z,2026-09-13T11:59:59Z,,delayed,113.22,USD,operations
tenant_apex,shp_apx_000069,inbound,,po_apx_00003,car_apx_rapid,,wh_apx_east,reg_apx_east,TRK-APX-00000069,2026-09-04T11:59:59Z,2026-09-06T11:59:59Z,2026-09-05T23:59:59Z,delivered,141.48,USD,operations
tenant_apex,shp_apx_000070,inbound,,po_apx_00004,car_apx_summit,,wh_apx_west,reg_apx_west,TRK-APX-00000070,2026-09-13T11:59:59Z,2026-09-17T11:59:59Z,2026-09-18T15:59:59Z,delivered,140.04,USD,operations
tenant_apex,shp_apx_000071,inbound,,po_apx_00005,car_apx_rapid,,wh_apx_east,reg_apx_east,TRK-APX-00000071,2026-09-03T11:59:59Z,2026-09-05T11:59:59Z,2026-09-06T18:59:59Z,delivered,98.10,USD,operations
tenant_apex,shp_apx_000072,inbound,,po_apx_00006,car_apx_rapid,,wh_apx_west,reg_apx_west,TRK-APX-00000072,2026-09-16T11:59:59Z,2026-09-18T11:59:59Z,2026-09-18T22:59:59Z,delivered,91.44,USD,operations
