tenant_id,tracking_event_id,shipment_id,event_time,event_type,location_code,reason_code,event_source,raw_event_id,sensitivity
tenant_apex,tev_apx_0000001,shp_apx_000001,2026-09-07T22:16:00Z,picked_up,US-APX-ORIGIN,,carrier_webhook,raw_apx_0000001,operations
tenant_apex,tev_apx_0000002,shp_apx_000001,2026-09-08T02:16:00Z,departed,US-APX-HUB-01,,batch_manifest,raw_apx_0000002,operations
tenant_apex,tev_apx_0000003,shp_apx_000001,2026-09-09T18:16:00Z,delay,US-APX-HUB-02,weather,carrier_webhook,raw_apx_0000003,operations
tenant_apex,tev_apx_0000004,shp_apx_000001,2026-09-11T00:16:00Z,delivered,US-APX-DEST,,carrier_webhook,raw_apx_0000004,operations
tenant_apex,tev_apx_0000005,shp_apx_000002,2026-08-18T22:29:00Z,picked_up,US-APX-ORIGIN,,carrier_webhook,raw_apx_0000005,operations
tenant_apex,tev_apx_0000006,shp_apx_000002,2026-08-19T02:29:00Z,departed,US-APX-HUB-01,,batch_manifest,raw_apx_0000006,operations
tenant_apex,tev_apx_0000007,shp_apx_000002,2026-08-21T22:29:00Z,delivered,US-APX-DEST,,carrier_webhook,raw_apx_0000007,operations
tenant_apex,tev_apx_0000008,shp_apx_000003,2026-08-25T00:21:00Z,picked_up,US-APX-ORIGIN,,carrier_webhook,raw_apx_0000008,operations
tenant_apex,tev_apx_0000009,shp_apx_000003,2026-08-25T04:21:00Z,departed,US-APX-HUB-01,,batch_manifest,raw_apx_0000009,operations
tenant_apex,tev_apx_0000010,shp_apx_000003,2026-08-28T00:21:00Z,delivered,US-APX-DEST,,carrier_webhook,raw_apx_0000010,operations
tenant_apex,tev_apx_0000011,shp_apx_000004,2026-08-14T01:13:00Z,picked_up,US-APX-ORIGIN,,carrier_webhook,raw_apx_0000011,operations
tenant_apex,tev_apx_0000012,shp_apx_000004,2026-08-14T05:13:00Z,departed,US-APX-HUB-01,,batch_manifest,raw_apx_0000012,operations
tenant_apex,tev_apx_0000013,shp_apx_000004,2026-08-14T21:13:00Z,arrived,US-APX-HUB-02,,carrier_webhook,raw_apx_0000013,operations
tenant_apex,tev_apx_0000014,shp_apx_000005,2026-08-26T18:10:00Z,picked_up,US-APX-ORIGIN,,carrier_webhook,raw_apx_0000014,operations
tenant_apex,tev_apx_0000015,shp_apx_000005,2026-08-26T22:10:00Z,departed,US-APX-HUB-01,,batch_manifest,raw_apx_0000015,operations
tenant_apex,tev_apx_0000016,shp_apx_000005,2026-08-30T14:10:00Z,delay,US-APX-HUB-02,weather,carrier_webhook,raw_apx_0000016,operations
tenant_apex,tev_apx_0000017,shp_apx_000005,2026-09-01T07:10:00Z,delivered,US-APX-DEST,,carrier_webhook,raw_apx_0000017,operations
tenant_apex,tev_apx_0000018,shp_apx_000006,2026-09-20T03:46:00Z,picked_up,US-APX-ORIGIN,,carrier_webhook,raw_apx_0000018,operations
tenant_apex,tev_apx_0000019,shp_apx_000006,2026-09-20T07:46:00Z,departed,US-APX-HUB-01,,batch_manifest,raw_apx_0000019,operations
tenant_apex,tev_apx_0000020,shp_apx_000006,2026-09-21T15:46:00Z,delivered,US-APX-DEST,,carrier_webhook,raw_apx_0000020,operations
tenant_apex,tev_apx_0000021,shp_apx_000007,2026-09-14T19:43:00Z,picked_up,US-APX-ORIGIN,,carrier_webhook,raw_apx_0000021,operations
tenant_apex,tev_apx_0000022,shp_apx_000007,2026-09-14T23:43:00Z,departed,US-APX-HUB-01,,batch_manifest,raw_apx_0000022,operations
tenant_apex,tev_apx_0000023,shp_apx_000007,2026-09-18T15:43:00Z,delay,US-APX-HUB-02,sortation_error,carrier_webhook,raw_apx_0000023,operations
tenant_apex,tev_apx_0000024,shp_apx_000007,2026-09-20T10:43:00Z,delivered,US-APX-DEST,,carrier_webhook,raw_apx_0000024,operations
tenant_apex,tev_apx_0000025,shp_apx_000008,2026-08-28T12:18:00Z,picked_up,US-APX-ORIGIN,,carrier_webhook,raw_apx_0000025,operations
tenant_apex,tev_apx_0000026,shp_apx_000008,2026-08-28T16:18:00Z,departed,US-APX-HUB-01,,batch_manifest,raw_apx_0000026,operations
tenant_apex,tev_apx_0000027,shp_apx_000008,2026-08-31T12:18:00Z,delivered,US-APX-DEST,,carrier_webhook,raw_apx_0000027,operations
tenant_apex,tev_apx_0000028,shp_apx_000009,2026-09-06T01:38:00Z,picked_up,US-APX-ORIGIN,,carrier_webhook,raw_apx_0000028,operations
tenant_apex,tev_apx_0000029,shp_apx_000009,2026-09-06T05:38:00Z,departed,US-APX-HUB-01,,batch_manifest,raw_apx_0000029,operations
tenant_apex,tev_apx_0000030,shp_apx_000009,2026-09-09T01:38:00Z,delivered,US-APX-DEST,,carrier_webhook,raw_apx_0000030,operations
tenant_apex,tev_apx_0000031,shp_apx_000010,2026-08-19T11:06:00Z,picked_up,US-APX-ORIGIN,,carrier_webhook,raw_apx_0000031,operations
tenant_apex,tev_apx_0000032,shp_apx_000010,2026-08-19T15:06:00Z,departed,US-APX-HUB-01,,batch_manifest,raw_apx_0000032,operations
tenant_apex,tev_apx_0000033,shp_apx_000010,2026-08-21T07:06:00Z,delay,US-APX-HUB-02,carrier_capacity,carrier_webhook,raw_apx_0000033,operations
tenant_apex,tev_apx_0000034,shp_apx_000010,2026-08-23T16:06:00Z,delivered,US-APX-DEST,,carrier_webhook,raw_apx_0000034,operations
tenant_apex,tev_apx_0000035,shp_apx_000011,2026-08-19T15:34:00Z,picked_up,US-APX-ORIGIN,,carrier_webhook,raw_apx_0000035,operations
tenant_apex,tev_apx_0000036,shp_apx_000011,2026-08-19T19:34:00Z,departed,US-APX-HUB-01,,batch_manifest,raw_apx_0000036,operations
tenant_apex,tev_apx_0000037,shp_apx_000011,2026-08-21T11:34:00Z,delay,US-APX-HUB-02,weather,carrier_webhook,raw_apx_0000037,operations
tenant_apex,tev_apx_0000038,shp_apx_000011,2026-08-22T06:34:00Z,delivered,US-APX-DEST,,carrier_webhook,raw_apx_0000038,operations
tenant_apex,tev_apx_0000039,shp_apx_000012,2026-09-19T00:30:00Z,picked_up,US-APX-ORIGIN,,carrier_webhook,raw_apx_0000039,operations
tenant_apex,tev_apx_0000040,shp_apx_000012,2026-09-19T04:30:00Z,departed,US-APX-HUB-01,,batch_manifest,raw_apx_0000040,operations
tenant_apex,tev_apx_0000041,shp_apx_000012,2026-09-20T12:30:00Z,delivered,US-APX-DEST,,carrier_webhook,raw_apx_0000041,operations
tenant_apex,tev_apx_0000042,shp_apx_000013,2026-08-21T18:28:00Z,picked_up,US-APX-ORIGIN,,carrier_webhook,raw_apx_0000042,operations
tenant_apex,tev_apx_0000043,shp_apx_000013,2026-08-21T22:28:00Z,departed,US-APX-HUB-01,,batch_manifest,raw_apx_0000043,operations
tenant_apex,tev_apx_0000044,shp_apx_000013,2026-08-24T18:28:00Z,delivered,US-APX-DEST,,carrier_webhook,raw_apx_0000044,operations
tenant_apex,tev_apx_0000045,shp_apx_000014,2026-09-19T07:36:00Z,picked_up,US-APX-ORIGIN,,carrier_webhook,raw_apx_0000045,operations
tenant_apex,tev_apx_0000046,shp_apx_000014,2026-09-19T11:36:00Z,departed,US-APX-HUB-01,,batch_manifest,raw_apx_0000046,operations
tenant_apex,tev_apx_0000047,shp_apx_000014,2026-09-21T23:59:59Z,delay,US-APX-HUB-02,address_issue,carrier_webhook,raw_apx_0000047,operations
tenant_apex,tev_apx_0000048,shp_apx_000014,2026-09-21T23:59:59Z,delivered,US-APX-DEST,,carrier_webhook,raw_apx_0000048,operations
tenant_apex,tev_apx_0000049,shp_apx_000015,2026-08-18T10:41:00Z,picked_up,US-APX-ORIGIN,,carrier_webhook,raw_apx_0000049,operations
tenant_apex,tev_apx_0000050,shp_apx_000015,2026-08-18T14:41:00Z,departed,US-APX-HUB-01,,batch_manifest,raw_apx_0000050,operations
tenant_apex,tev_apx_0000051,shp_apx_000015,2026-08-21T10:41:00Z,delivered,US-APX-DEST,,carrier_webhook,raw_apx_0000051,operations
tenant_apex,tev_apx_0000052,shp_apx_000016,2026-09-19T01:06:00Z,picked_up,US-APX-ORIGIN,,carrier_webhook,raw_apx_0000052,operations
tenant_apex,tev_apx_0000053,shp_apx_000016,2026-09-19T05:06:00Z,departed,US-APX-HUB-01,,batch_manifest,raw_apx_0000053,operations
tenant_apex,tev_apx_0000054,shp_apx_000016,2026-09-21T23:59:59Z,delay,US-APX-HUB-02,carrier_capacity,carrier_webhook,raw_apx_0000054,operations
tenant_apex,tev_apx_0000055,shp_apx_000016,2026-09-21T23:59:59Z,delivered,US-APX-DEST,,carrier_webhook,raw_apx_0000055,operations
tenant_apex,tev_apx_0000056,shp_apx_000017,2026-09-17T17:02:00Z,picked_up,US-APX-ORIGIN,,carrier_webhook,raw_apx_0000056,operations
tenant_apex,tev_apx_0000057,shp_apx_000017,2026-09-17T21:02:00Z,departed,US-APX-HUB-01,,batch_manifest,raw_apx_0000057,operations
tenant_apex,tev_apx_0000058,shp_apx_000017,2026-09-19T05:02:00Z,delivered,US-APX-DEST,,carrier_webhook,raw_apx_0000058,operations
tenant_apex,tev_apx_0000059,shp_apx_000018,2026-08-29T02:30:00Z,picked_up,US-APX-ORIGIN,,carrier_webhook,raw_apx_0000059,operations
tenant_apex,tev_apx_0000060,shp_apx_000018,2026-08-29T06:30:00Z,departed,US-APX-HUB-01,,batch_manifest,raw_apx_0000060,operations
tenant_apex,tev_apx_0000061,shp_apx_000018,2026-09-01T22:30:00Z,delay,US-APX-HUB-02,weather,carrier_webhook,raw_apx_0000061,operations
tenant_apex,tev_apx_0000062,shp_apx_000018,2026-09-04T05:30:00Z,delivered,US-APX-DEST,,carrier_webhook,raw_apx_0000062,operations
tenant_apex,tev_apx_0000063,shp_apx_000019,2026-09-05T04:01:00Z,picked_up,US-APX-ORIGIN,,carrier_webhook,raw_apx_0000063,operations
tenant_apex,tev_apx_0000064,shp_apx_000019,2026-09-05T08:01:00Z,departed,US-APX-HUB-01,,batch_manifest,raw_apx_0000064,operations
tenant_apex,tev_apx_0000065,shp_apx_000019,2026-09-08T04:01:00Z,delivered,US-APX-DEST,,carrier_webhook,raw_apx_0000065,operations
tenant_apex,tev_apx_0000066,shp_apx_000020,2026-08-30T10:02:00Z,picked_up,US-APX-ORIGIN,,carrier_webhook,raw_apx_0000066,operations
tenant_apex,tev_apx_0000067,shp_apx_000020,2026-08-30T14:02:00Z,departed,US-APX-HUB-01,,batch_manifest,raw_apx_0000067,operations
tenant_apex,tev_apx_0000068,shp_apx_000020,2026-08-31T22:02:00Z,delivered,US-APX-DEST,,carrier_webhook,raw_apx_0000068,operations
tenant_apex,tev_apx_0000069,shp_apx_000021,2026-08-20T19:10:00Z,picked_up,US-APX-ORIGIN,,carrier_webhook,raw_apx_0000069,operations
tenant_apex,tev_apx_0000070,shp_apx_000021,2026-08-20T23:10:00Z,departed,US-APX-HUB-01,,batch_manifest,raw_apx_0000070,operations
tenant_apex,tev_apx_0000071,shp_apx_000021,2026-08-22T07:10:00Z,delivered,US-APX-DEST,,carrier_webhook,raw_apx_0000071,operations
tenant_apex,tev_apx_0000072,shp_apx_000022,2026-09-13T08:22:00Z,picked_up,US-APX-ORIGIN,,carrier_webhook,raw_apx_0000072,operations
tenant_apex,tev_apx_0000073,shp_apx_000022,2026-09-13T12:22:00Z,departed,US-APX-HUB-01,,batch_manifest,raw_apx_0000073,operations
tenant_apex,tev_apx_0000074,shp_apx_000022,2026-09-16T08:22:00Z,delivered,US-APX-DEST,,carrier_webhook,raw_apx_0000074,operations
tenant_apex,tev_apx_0000075,shp_apx_000023,2026-09-17T08:57:00Z,picked_up,US-APX-ORIGIN,,carrier_webhook,raw_apx_0000075,operations
tenant_apex,tev_apx_0000076,shp_apx_000023,2026-09-17T12:57:00Z,departed,US-APX-HUB-01,,batch_manifest,raw_apx_0000076,operations
tenant_apex,tev_apx_0000077,shp_apx_000023,2026-09-20T08:57:00Z,delivered,US-APX-DEST,,carrier_webhook,raw_apx_0000077,operations
tenant_apex,tev_apx_0000078,shp_apx_000024,2026-09-14T14:08:00Z,picked_up,US-APX-ORIGIN,,carrier_webhook,raw_apx_0000078,operations
tenant_apex,tev_apx_0000079,shp_apx_000024,2026-09-14T18:08:00Z,departed,US-APX-HUB-01,,batch_manifest,raw_apx_0000079,operations
tenant_apex,tev_apx_0000080,shp_apx_000024,2026-09-18T10:08:00Z,delay,US-APX-HUB-02,carrier_capacity,carrier_webhook,raw_apx_0000080,operations
tenant_apex,tev_apx_0000081,shp_apx_000024,2026-09-20T03:08:00Z,delivered,US-APX-DEST,,carrier_webhook,raw_apx_0000081,operations
tenant_apex,tev_apx_0000082,shp_apx_000025,2026-08-13T05:15:00Z,picked_up,US-APX-ORIGIN,,carrier_webhook,raw_apx_0000082,operations
tenant_apex,tev_apx_0000083,shp_apx_000025,2026-08-13T09:15:00Z,departed,US-APX-HUB-01,,batch_manifest,raw_apx_0000083,operations
tenant_apex,tev_apx_0000084,shp_apx_000025,2026-08-16T05:15:00Z,delivered,US-APX-DEST,,carrier_webhook,raw_apx_0000084,operations
tenant_apex,tev_apx_0000085,shp_apx_000026,2026-08-24T14:29:00Z,picked_up,US-APX-ORIGIN,,carrier_webhook,raw_apx_0000085,operations
tenant_apex,tev_apx_0000086,shp_apx_000026,2026-08-24T18:29:00Z,departed,US-APX-HUB-01,,batch_manifest,raw_apx_0000086,operations
tenant_apex,tev_apx_0000087,shp_apx_000026,2026-08-26T02:29:00Z,delivered,US-APX-DEST,,carrier_webhook,raw_apx_0000087,operations
tenant_apex,tev_apx_0000088,shp_apx_000027,2026-08-29T02:38:00Z,picked_up,US-APX-ORIGIN,,carrier_webhook,raw_apx_0000088,operations
tenant_apex,tev_apx_0000089,shp_apx_000027,2026-08-29T06:38:00Z,departed,US-APX-HUB-01,,batch_manifest,raw_apx_0000089,operations
tenant_apex,tev_apx_0000090,shp_apx_000027,2026-08-29T22:38:00Z,arrived,US-APX-HUB-02,,carrier_webhook,raw_apx_0000090,operations
tenant_apex,tev_apx_0000091,shp_apx_000028,2026-09-12T12:08:00Z,picked_up,US-APX-ORIGIN,,carrier_webhook,raw_apx_0000091,operations
tenant_apex,tev_apx_0000092,shp_apx_000028,2026-09-12T16:08:00Z,departed,US-APX-HUB-01,,batch_manifest,raw_apx_0000092,operations
tenant_apex,tev_apx_0000093,shp_apx_000028,2026-09-16T08:08:00Z,delay,US-APX-HUB-02,carrier_capacity,carrier_webhook,raw_apx_0000093,operations
tenant_apex,tev_apx_0000094,shp_apx_000028,2026-09-18T19:08:00Z,delivered,US-APX-DEST,,carrier_webhook,raw_apx_0000094,operations
tenant_apex,tev_apx_0000095,shp_apx_000029,2026-08-19T23:24:00Z,picked_up,US-APX-ORIGIN,,carrier_webhook,raw_apx_0000095,operations
tenant_apex,tev_apx_0000096,shp_apx_000029,2026-08-20T03:24:00Z,departed,US-APX-HUB-01,,batch_manifest,raw_apx_0000096,operations
tenant_apex,tev_apx_0000097,shp_apx_000029,2026-08-21T11:24:00Z,delivered,US-APX-DEST,,carrier_webhook,raw_apx_0000097,operations
tenant_apex,tev_apx_0000098,shp_apx_000030,2026-08-18T15:51:00Z,picked_up,US-APX-ORIGIN,,carrier_webhook,raw_apx_0000098,operations
tenant_apex,tev_apx_0000099,shp_apx_000030,2026-08-18T19:51:00Z,departed,US-APX-HUB-01,,batch_manifest,raw_apx_0000099,operations
tenant_apex,tev_apx_0000100,shp_apx_000030,2026-08-21T15:51:00Z,delivered,US-APX-DEST,,carrier_webhook,raw_apx_0000100,operations
tenant_apex,tev_apx_0000101,shp_apx_000031,2026-08-21T17:31:00Z,picked_up,US-APX-ORIGIN,,carrier_webhook,raw_apx_0000101,operations
tenant_apex,tev_apx_0000102,shp_apx_000031,2026-08-21T21:31:00Z,departed,US-APX-HUB-01,,batch_manifest,raw_apx_0000102,operations
tenant_apex,tev_apx_0000103,shp_apx_000031,2026-08-24T17:31:00Z,delivered,US-APX-DEST,,carrier_webhook,raw_apx_0000103,operations
tenant_apex,tev_apx_0000104,shp_apx_000032,2026-08-29T08:03:00Z,picked_up,US-APX-ORIGIN,,carrier_webhook,raw_apx_0000104,operations
tenant_apex,tev_apx_0000105,shp_apx_000032,2026-08-29T12:03:00Z,departed,US-APX-HUB-01,,batch_manifest,raw_apx_0000105,operations
tenant_apex,tev_apx_0000106,shp_apx_000032,2026-09-01T08:03:00Z,delivered,US-APX-DEST,,carrier_webhook,raw_apx_0000106,operations
tenant_apex,tev_apx_0000107,shp_apx_000033,2026-08-16T21:59:00Z,picked_up,US-APX-ORIGIN,,carrier_webhook,raw_apx_0000107,operations
tenant_apex,tev_apx_0000108,shp_apx_000033,2026-08-17T01:59:00Z,departed,US-APX-HUB-01,,batch_manifest,raw_apx_0000108,operations
tenant_apex,tev_apx_0000109,shp_apx_000033,2026-08-19T21:59:00Z,delivered,US-APX-DEST,,carrier_webhook,raw_apx_0000109,operations
tenant_apex,tev_apx_0000110,shp_apx_000034,2026-08-19T00:30:00Z,picked_up,US-APX-ORIGIN,,carrier_webhook,raw_apx_0000110,operations
tenant_apex,tev_apx_0000111,shp_apx_000034,2026-08-19T04:30:00Z,departed,US-APX-HUB-01,,batch_manifest,raw_apx_0000111,operations
tenant_apex,tev_apx_0000112,shp_apx_000034,2026-08-22T20:30:00Z,delay,US-APX-HUB-02,address_issue,carrier_webhook,raw_apx_0000112,operations
tenant_apex,tev_apx_0000113,shp_apx_000034,2026-08-23T08:30:00Z,delivered,US-APX-DEST,,carrier_webhook,raw_apx_0000113,operations
tenant_apex,tev_apx_0000114,shp_apx_000035,2026-09-06T17:36:00Z,picked_up,US-APX-ORIGIN,,carrier_webhook,raw_apx_0000114,operations
tenant_apex,tev_apx_0000115,shp_apx_000035,2026-09-06T21:36:00Z,departed,US-APX-HUB-01,,batch_manifest,raw_apx_0000115,operations
tenant_apex,tev_apx_0000116,shp_apx_000035,2026-09-08T13:36:00Z,delay,US-APX-HUB-02,carrier_capacity,carrier_webhook,raw_apx_0000116,operations
tenant_apex,tev_apx_0000117,shp_apx_000035,2026-09-10T07:36:00Z,delivered,US-APX-DEST,,carrier_webhook,raw_apx_0000117,operations
tenant_apex,tev_apx_0000118,shp_apx_000036,2026-09-18T17:37:00Z,picked_up,US-APX-ORIGIN,,carrier_webhook,raw_apx_0000118,operations
tenant_apex,tev_apx_0000119,shp_apx_000036,2026-09-18T21:37:00Z,departed,US-APX-HUB-01,,batch_manifest,raw_apx_0000119,operations
tenant_apex,tev_apx_0000120,shp_apx_000036,2026-09-21T17:37:00Z,delivered,US-APX-DEST,,carrier_webhook,raw_apx_0000120,operations
tenant_apex,tev_apx_0000121,shp_apx_000037,2026-08-18T14:59:00Z,picked_up,US-APX-ORIGIN,,carrier_webhook,raw_apx_0000121,operations
tenant_apex,tev_apx_0000122,shp_apx_000037,2026-08-18T18:59:00Z,departed,US-APX-HUB-01,,batch_manifest,raw_apx_0000122,operations
tenant_apex,tev_apx_0000123,shp_apx_000037,2026-08-20T10:59:00Z,delay,US-APX-HUB-02,address_issue,carrier_webhook,raw_apx_0000123,operations
tenant_apex,tev_apx_0000124,shp_apx_000037,2026-08-21T12:59:00Z,delivered,US-APX-DEST,,carrier_webhook,raw_apx_0000124,operations
tenant_apex,tev_apx_0000125,shp_apx_000038,2026-08-16T12:54:00Z,picked_up,US-APX-ORIGIN,,carrier_webhook,raw_apx_0000125,operations
tenant_apex,tev_apx_0000126,shp_apx_000038,2026-08-16T16:54:00Z,departed,US-APX-HUB-01,,batch_manifest,raw_apx_0000126,operations
tenant_apex,tev_apx_0000127,shp_apx_000038,2026-08-19T12:54:00Z,delivered,US-APX-DEST,,carrier_webhook,raw_apx_0000127,operations
tenant_apex,tev_apx_0000128,shp_apx_000039,2026-09-12T23:05:00Z,picked_up,US-APX-ORIGIN,,carrier_webhook,raw_apx_0000128,operations
tenant_apex,tev_apx_0000129,shp_apx_000039,2026-09-13T03:05:00Z,departed,US-APX-HUB-01,,batch_manifest,raw_apx_0000129,operations
tenant_apex,tev_apx_0000130,shp_apx_000039,2026-09-14T11:05:00Z,delivered,US-APX-DEST,,carrier_webhook,raw_apx_0000130,operations
tenant_apex,tev_apx_0000131,shp_apx_000040,2026-08-12T01:21:00Z,picked_up,US-APX-ORIGIN,,carrier_webhook,raw_apx_0000131,operations
tenant_apex,tev_apx_0000132,shp_apx_000040,2026-08-12T05:21:00Z,departed,US-APX-HUB-01,,batch_manifest,raw_apx_0000132,operations
tenant_apex,tev_apx_0000133,shp_apx_000040,2026-08-12T21:21:00Z,arrived,US-APX-HUB-02,,carrier_webhook,raw_apx_0000133,operations
tenant_apex,tev_apx_0000134,shp_apx_000041,2026-09-05T06:03:00Z,picked_up,US-APX-ORIGIN,,carrier_webhook,raw_apx_0000134,operations
tenant_apex,tev_apx_0000135,shp_apx_000041,2026-09-05T10:03:00Z,departed,US-APX-HUB-01,,batch_manifest,raw_apx_0000135,operations
tenant_apex,tev_apx_0000136,shp_apx_000041,2026-09-07T02:03:00Z,delay,US-APX-HUB-02,carrier_capacity,carrier_webhook,raw_apx_0000136,operations
tenant_apex,tev_apx_0000137,shp_apx_000042,2026-08-20T13:42:00Z,picked_up,US-APX-ORIGIN,,carrier_webhook,raw_apx_0000137,operations
tenant_apex,tev_apx_0000138,shp_apx_000042,2026-08-20T17:42:00Z,departed,US-APX-HUB-01,,batch_manifest,raw_apx_0000138,operations
tenant_apex,tev_apx_0000139,shp_apx_000042,2026-08-23T13:42:00Z,delivered,US-APX-DEST,,carrier_webhook,raw_apx_0000139,operations
tenant_apex,tev_apx_0000140,shp_apx_000043,2026-09-17T07:00:00Z,picked_up,US-APX-ORIGIN,,carrier_webhook,raw_apx_0000140,operations
tenant_apex,tev_apx_0000141,shp_apx_000043,2026-09-17T11:00:00Z,departed,US-APX-HUB-01,,batch_manifest,raw_apx_0000141,operations
tenant_apex,tev_apx_0000142,shp_apx_000043,2026-09-20T07:00:00Z,delivered,US-APX-DEST,,carrier_webhook,raw_apx_0000142,operations
tenant_apex,tev_apx_0000143,shp_apx_000044,2026-09-08T04:47:00Z,picked_up,US-APX-ORIGIN,,carrier_webhook,raw_apx_0000143,operations
tenant_apex,tev_apx_0000144,shp_apx_000044,2026-09-08T08:47:00Z,departed,US-APX-HUB-01,,batch_manifest,raw_apx_0000144,operations
tenant_apex,tev_apx_0000145,shp_apx_000044,2026-09-09T16:47:00Z,delivered,US-APX-DEST,,carrier_webhook,raw_apx_0000145,operations
tenant_apex,tev_apx_0000146,shp_apx_000045,2026-09-01T02:04:00Z,picked_up,US-APX-ORIGIN,,carrier_webhook,raw_apx_0000146,operations
tenant_apex,tev_apx_0000147,shp_apx_000045,2026-09-01T06:04:00Z,departed,US-APX-HUB-01,,batch_manifest,raw_apx_0000147,operations
tenant_apex,tev_apx_0000148,shp_apx_000045,2026-09-02T14:04:00Z,delivered,US-APX-DEST,,carrier_webhook,raw_apx_0000148,operations
tenant_apex,tev_apx_0000149,shp_apx_000046,2026-08-23T18:19:00Z,picked_up,US-APX-ORIGIN,,carrier_webhook,raw_apx_0000149,operations
tenant_apex,tev_apx_0000150,shp_apx_000046,2026-08-23T22:19:00Z,departed,US-APX-HUB-01,,batch_manifest,raw_apx_0000150,operations
tenant_apex,tev_apx_0000151,shp_apx_000046,2026-08-24T14:19:00Z,arrived,US-APX-HUB-02,,carrier_webhook,raw_apx_0000151,operations
tenant_apex,tev_apx_0000152,shp_apx_000047,2026-08-22T22:14:00Z,picked_up,US-APX-ORIGIN,,carrier_webhook,raw_apx_0000152,operations
tenant_apex,tev_apx_0000153,shp_apx_000047,2026-08-23T02:14:00Z,departed,US-APX-HUB-01,,batch_manifest,raw_apx_0000153,operations
tenant_apex,tev_apx_0000154,shp_apx_000047,2026-08-24T10:14:00Z,delivered,US-APX-DEST,,carrier_webhook,raw_apx_0000154,operations
tenant_apex,tev_apx_0000155,shp_apx_000048,2026-09-09T11:47:00Z,picked_up,US-APX-ORIGIN,,carrier_webhook,raw_apx_0000155,operations
tenant_apex,tev_apx_0000156,shp_apx_000048,2026-09-09T15:47:00Z,departed,US-APX-HUB-01,,batch_manifest,raw_apx_0000156,operations
tenant_apex,tev_apx_0000157,shp_apx_000048,2026-09-11T07:47:00Z,delay,US-APX-HUB-02,address_issue,carrier_webhook,raw_apx_0000157,operations
tenant_apex,tev_apx_0000158,shp_apx_000048,2026-09-11T19:47:00Z,delivered,US-APX-DEST,,carrier_webhook,raw_apx_0000158,operations
tenant_apex,tev_apx_0000159,shp_apx_000049,2026-09-03T05:15:00Z,picked_up,US-APX-ORIGIN,,carrier_webhook,raw_apx_0000159,operations
tenant_apex,tev_apx_0000160,shp_apx_000049,2026-09-03T09:15:00Z,departed,US-APX-HUB-01,,batch_manifest,raw_apx_0000160,operations
tenant_apex,tev_apx_0000161,shp_apx_000049,2026-09-05T01:15:00Z,delay,US-APX-HUB-02,address_issue,carrier_webhook,raw_apx_0000161,operations
tenant_apex,tev_apx_0000162,shp_apx_000049,2026-09-06T16:15:00Z,delivered,US-APX-DEST,,carrier_webhook,raw_apx_0000162,operations
tenant_apex,tev_apx_0000163,shp_apx_000050,2026-08-20T03:26:00Z,picked_up,US-APX-ORIGIN,,carrier_webhook,raw_apx_0000163,operations
tenant_apex,tev_apx_0000164,shp_apx_000050,2026-08-20T07:26:00Z,departed,US-APX-HUB-01,,batch_manifest,raw_apx_0000164,operations
tenant_apex,tev_apx_0000165,shp_apx_000050,2026-08-21T15:26:00Z,delivered,US-APX-DEST,,carrier_webhook,raw_apx_0000165,operations
tenant_apex,tev_apx_0000166,shp_apx_000051,2026-09-19T03:36:00Z,picked_up,US-APX-ORIGIN,,carrier_webhook,raw_apx_0000166,operations
tenant_apex,tev_apx_0000167,shp_apx_000051,2026-09-19T07:36:00Z,departed,US-APX-HUB-01,,batch_manifest,raw_apx_0000167,operations
tenant_apex,tev_apx_0000168,shp_apx_000051,2026-09-21T23:59:59Z,delivered,US-APX-DEST,,carrier_webhook,raw_apx_0000168,operations
tenant_apex,tev_apx_0000169,shp_apx_000052,2026-09-14T03:30:00Z,picked_up,US-APX-ORIGIN,,carrier_webhook,raw_apx_0000169,operations
tenant_apex,tev_apx_0000170,shp_apx_000052,2026-09-14T07:30:00Z,departed,US-APX-HUB-01,,batch_manifest,raw_apx_0000170,operations
tenant_apex,tev_apx_0000171,shp_apx_000052,2026-09-17T03:30:00Z,delivered,US-APX-DEST,,carrier_webhook,raw_apx_0000171,operations
tenant_apex,tev_apx_0000172,shp_apx_000053,2026-08-27T02:27:00Z,picked_up,US-APX-ORIGIN,,carrier_webhook,raw_apx_0000172,operations
tenant_apex,tev_apx_0000173,shp_apx_000053,2026-08-27T06:27:00Z,departed,US-APX-HUB-01,,batch_manifest,raw_apx_0000173,operations
tenant_apex,tev_apx_0000174,shp_apx_000053,2026-08-28T14:27:00Z,delivered,US-APX-DEST,,carrier_webhook,raw_apx_0000174,operations
tenant_apex,tev_apx_0000175,shp_apx_000054,2026-08-25T09:55:00Z,picked_up,US-APX-ORIGIN,,carrier_webhook,raw_apx_0000175,operations
tenant_apex,tev_apx_0000176,shp_apx_000054,2026-08-25T13:55:00Z,departed,US-APX-HUB-01,,batch_manifest,raw_apx_0000176,operations
tenant_apex,tev_apx_0000177,shp_apx_000054,2026-08-26T05:55:00Z,arrived,US-APX-HUB-02,,carrier_webhook,raw_apx_0000177,operations
tenant_apex,tev_apx_0000178,shp_apx_000055,2026-08-14T16:18:00Z,picked_up,US-APX-ORIGIN,,carrier_webhook,raw_apx_0000178,operations
tenant_apex,tev_apx_0000179,shp_apx_000055,2026-08-14T20:18:00Z,departed,US-APX-HUB-01,,batch_manifest,raw_apx_0000179,operations
tenant_apex,tev_apx_0000180,shp_apx_000055,2026-08-16T04:18:00Z,delivered,US-APX-DEST,,carrier_webhook,raw_apx_0000180,operations
tenant_apex,tev_apx_0000181,shp_apx_000056,2026-08-18T08:57:00Z,picked_up,US-APX-ORIGIN,,carrier_webhook,raw_apx_0000181,operations
tenant_apex,tev_apx_0000182,shp_apx_000056,2026-08-18T12:57:00Z,departed,US-APX-HUB-01,,batch_manifest,raw_apx_0000182,operations
tenant_apex,tev_apx_0000183,shp_apx_000056,2026-08-19T20:57:00Z,delivered,US-APX-DEST,,carrier_webhook,raw_apx_0000183,operations
tenant_apex,tev_apx_0000184,shp_apx_000057,2026-09-07T12:26:00Z,picked_up,US-APX-ORIGIN,,carrier_webhook,raw_apx_0000184,operations
tenant_apex,tev_apx_0000185,shp_apx_000057,2026-09-07T16:26:00Z,departed,US-APX-HUB-01,,batch_manifest,raw_apx_0000185,operations
tenant_apex,tev_apx_0000186,shp_apx_000057,2026-09-10T12:26:00Z,delivered,US-APX-DEST,,carrier_webhook,raw_apx_0000186,operations
tenant_apex,tev_apx_0000187,shp_apx_000058,2026-08-16T13:58:00Z,picked_up,US-APX-ORIGIN,,carrier_webhook,raw_apx_0000187,operations
tenant_apex,tev_apx_0000188,shp_apx_000058,2026-08-16T17:58:00Z,departed,US-APX-HUB-01,,batch_manifest,raw_apx_0000188,operations
tenant_apex,tev_apx_0000189,shp_apx_000058,2026-08-19T13:58:00Z,delivered,US-APX-DEST,,carrier_webhook,raw_apx_0000189,operations
tenant_apex,tev_apx_0000190,shp_apx_000059,2026-08-23T05:28:00Z,picked_up,US-APX-ORIGIN,,carrier_webhook,raw_apx_0000190,operations
tenant_apex,tev_apx_0000191,shp_apx_000059,2026-08-23T09:28:00Z,departed,US-APX-HUB-01,,batch_manifest,raw_apx_0000191,operations
tenant_apex,tev_apx_0000192,shp_apx_000059,2026-08-26T05:28:00Z,delivered,US-APX-DEST,,carrier_webhook,raw_apx_0000192,operations
tenant_apex,tev_apx_0000193,shp_apx_000060,2026-09-18T12:17:00Z,picked_up,US-APX-ORIGIN,,carrier_webhook,raw_apx_0000193,operations
tenant_apex,tev_apx_0000194,shp_apx_000060,2026-09-18T16:17:00Z,departed,US-APX-HUB-01,,batch_manifest,raw_apx_0000194,operations
tenant_apex,tev_apx_0000195,shp_apx_000060,2026-09-21T12:17:00Z,delivered,US-APX-DEST,,carrier_webhook,raw_apx_0000195,operations
tenant_apex,tev_apx_0000196,shp_apx_000061,2026-09-21T12:49:00Z,picked_up,US-APX-ORIGIN,,carrier_webhook,raw_apx_0000196,operations
tenant_apex,tev_apx_0000197,shp_apx_000061,2026-09-21T16:49:00Z,departed,US-APX-HUB-01,,batch_manifest,raw_apx_0000197,operations
tenant_apex,tev_apx_0000198,shp_apx_000061,2026-09-21T23:59:59Z,delivered,US-APX-DEST,,carrier_webhook,raw_apx_0000198,operations
tenant_apex,tev_apx_0000199,shp_apx_000062,2026-09-04T21:51:00Z,picked_up,US-APX-ORIGIN,,carrier_webhook,raw_apx_0000199,operations
tenant_apex,tev_apx_0000200,shp_apx_000062,2026-09-05T01:51:00Z,departed,US-APX-HUB-01,,batch_manifest,raw_apx_0000200,operations
tenant_apex,tev_apx_0000201,shp_apx_000062,2026-09-06T09:51:00Z,delivered,US-APX-DEST,,carrier_webhook,raw_apx_0000201,operations
tenant_apex,tev_apx_0000202,shp_apx_000063,2026-08-16T11:00:00Z,picked_up,US-APX-ORIGIN,,carrier_webhook,raw_apx_0000202,operations
tenant_apex,tev_apx_0000203,shp_apx_000063,2026-08-16T15:00:00Z,departed,US-APX-HUB-01,,batch_manifest,raw_apx_0000203,operations
tenant_apex,tev_apx_0000204,shp_apx_000063,2026-08-17T23:00:00Z,delivered,US-APX-DEST,,carrier_webhook,raw_apx_0000204,operations
tenant_apex,tev_apx_0000205,shp_apx_000064,2026-09-15T12:55:00Z,picked_up,US-APX-ORIGIN,,carrier_webhook,raw_apx_0000205,operations
tenant_apex,tev_apx_0000206,shp_apx_000064,2026-09-15T16:55:00Z,departed,US-APX-HUB-01,,batch_manifest,raw_apx_0000206,operations
tenant_apex,tev_apx_0000207,shp_apx_000064,2026-09-17T00:55:00Z,delivered,US-APX-DEST,,carrier_webhook,raw_apx_0000207,operations
tenant_apex,tev_apx_0000208,shp_apx_000065,2026-08-20T15:04:00Z,picked_up,US-APX-ORIGIN,,carrier_webhook,raw_apx_0000208,operations
tenant_apex,tev_apx_0000209,shp_apx_000065,2026-08-20T19:04:00Z,departed,US-APX-HUB-01,,batch_manifest,raw_apx_0000209,operations
tenant_apex,tev_apx_0000210,shp_apx_000065,2026-08-23T15:04:00Z,delivered,US-APX-DEST,,carrier_webhook,raw_apx_0000210,operations
tenant_apex,tev_apx_0000211,shp_apx_000066,2026-09-10T16:01:00Z,picked_up,US-APX-ORIGIN,,carrier_webhook,raw_apx_0000211,operations
tenant_apex,tev_apx_0000212,shp_apx_000066,2026-09-10T20:01:00Z,departed,US-APX-HUB-01,,batch_manifest,raw_apx_0000212,operations
tenant_apex,tev_apx_0000213,shp_apx_000066,2026-09-12T12:01:00Z,delay,US-APX-HUB-02,sortation_error,carrier_webhook,raw_apx_0000213,operations
tenant_apex,tev_apx_0000214,shp_apx_000066,2026-09-14T16:01:00Z,delivered,US-APX-DEST,,carrier_webhook,raw_apx_0000214,operations
tenant_apex,tev_apx_0000215,shp_apx_000067,2026-09-05T11:59:59Z,picked_up,US-APX-ORIGIN,,carrier_webhook,raw_apx_0000215,operations
tenant_apex,tev_apx_0000216,shp_apx_000067,2026-09-05T15:59:59Z,departed,US-APX-HUB-01,,batch_manifest,raw_apx_0000216,operations
tenant_apex,tev_apx_0000217,shp_apx_000067,2026-09-07T07:59:59Z,delay,US-APX-HUB-02,sortation_error,carrier_webhook,raw_apx_0000217,operations
tenant_apex,tev_apx_0000218,shp_apx_000068,2026-09-11T11:59:59Z,picked_up,US-APX-ORIGIN,,carrier_webhook,raw_apx_0000218,operations
tenant_apex,tev_apx_0000219,shp_apx_000068,2026-09-11T15:59:59Z,departed,US-APX-HUB-01,,batch_manifest,raw_apx_0000219,operations
tenant_apex,tev_apx_0000220,shp_apx_000068,2026-09-13T07:59:59Z,delay,US-APX-HUB-02,address_issue,carrier_webhook,raw_apx_0000220,operations
tenant_apex,tev_apx_0000221,shp_apx_000069,2026-09-04T11:59:59Z,picked_up,US-APX-ORIGIN,,carrier_webhook,raw_apx_0000221,operations
tenant_apex,tev_apx_0000222,shp_apx_000069,2026-09-04T15:59:59Z,departed,US-APX-HUB-01,,batch_manifest,raw_apx_0000222,operations
tenant_apex,tev_apx_0000223,shp_apx_000069,2026-09-05T23:59:59Z,delivered,US-APX-DEST,,carrier_webhook,raw_apx_0000223,operations
tenant_apex,tev_apx_0000224,shp_apx_000070,2026-09-13T11:59:59Z,picked_up,US-APX-ORIGIN,,carrier_webhook,raw_apx_0000224,operations
tenant_apex,tev_apx_0000225,shp_apx_000070,2026-09-13T15:59:59Z,departed,US-APX-HUB-01,,batch_manifest,raw_apx_0000225,operations
tenant_apex,tev_apx_0000226,shp_apx_000070,2026-09-17T07:59:59Z,delay,US-APX-HUB-02,address_issue,carrier_webhook,raw_apx_0000226,operations
tenant_apex,tev_apx_0000227,shp_apx_000070,2026-09-18T15:59:59Z,delivered,US-APX-DEST,,carrier_webhook,raw_apx_0000227,operations
tenant_apex,tev_apx_0000228,shp_apx_000071,2026-09-03T11:59:59Z,picked_up,US-APX-ORIGIN,,carrier_webhook,raw_apx_0000228,operations
tenant_apex,tev_apx_0000229,shp_apx_000071,2026-09-03T15:59:59Z,departed,US-APX-HUB-01,,batch_manifest,raw_apx_0000229,operations
tenant_apex,tev_apx_0000230,shp_apx_000071,2026-09-05T07:59:59Z,delay,US-APX-HUB-02,sortation_error,carrier_webhook,raw_apx_0000230,operations
tenant_apex,tev_apx_0000231,shp_apx_000071,2026-09-06T18:59:59Z,delivered,US-APX-DEST,,carrier_webhook,raw_apx_0000231,operations
tenant_apex,tev_apx_0000232,shp_apx_000072,2026-09-16T11:59:59Z,picked_up,US-APX-ORIGIN,,carrier_webhook,raw_apx_0000232,operations
tenant_apex,tev_apx_0000233,shp_apx_000072,2026-09-16T15:59:59Z,departed,US-APX-HUB-01,,batch_manifest,raw_apx_0000233,operations
tenant_apex,tev_apx_0000234,shp_apx_000072,2026-09-18T07:59:59Z,delay,US-APX-HUB-02,sortation_error,carrier_webhook,raw_apx_0000234,operations
tenant_apex,tev_apx_0000235,shp_apx_000072,2026-09-18T22:59:59Z,delivered,US-APX-DEST,,carrier_webhook,raw_apx_0000235,operations
