tenant_id,carrier_sla_fact_id,shipment_id,carrier_id,promised_delivery_at,actual_delivery_at,evaluated_at,evaluation_basis,sla_status,delay_minutes,penalty_eligible,provisional_credit_amount,currency_code,sensitivity
tenant_aura,sla_aur_000001,shp_aur_000001,car_aur_northstar,2026-08-27T05:39:00Z,2026-08-26T05:39:00Z,2026-09-21T23:59:59Z,delivered,on_time,0,False,0.00,USD,operations
tenant_aura,sla_aur_000002,shp_aur_000002,car_aur_northstar,2026-08-22T09:02:00Z,2026-08-22T22:02:00Z,2026-09-21T23:59:59Z,delivered,breached,780,True,1.56,USD,operations
tenant_aura,sla_aur_000003,shp_aur_000003,car_aur_fedex_demo,2026-09-06T08:01:00Z,2026-09-05T20:01:00Z,2026-09-21T23:59:59Z,delivered,on_time,0,False,0.00,USD,operations
tenant_aura,sla_aur_000004,shp_aur_000004,car_aur_blueline,2026-09-15T16:10:00Z,,2026-09-21T23:59:59Z,as_of_snapshot,breached,9109,False,0.00,USD,operations
tenant_aura,sla_aur_000005,shp_aur_000005,car_aur_northstar,2026-09-19T17:38:00Z,2026-09-18T17:38:00Z,2026-09-21T23:59:59Z,delivered,on_time,0,False,0.00,USD,operations
tenant_aura,sla_aur_000006,shp_aur_000006,car_aur_blueline,2026-09-01T07:03:00Z,2026-08-31T01:03:00Z,2026-09-21T23:59:59Z,delivered,on_time,0,False,0.00,USD,operations
tenant_aura,sla_aur_000007,shp_aur_000007,car_aur_northstar,2026-09-10T04:28:00Z,2026-09-09T04:28:00Z,2026-09-21T23:59:59Z,delivered,on_time,0,False,0.00,USD,operations
tenant_aura,sla_aur_000008,shp_aur_000008,car_aur_fedex_demo,2026-08-17T11:13:00Z,2026-08-16T23:13:00Z,2026-09-21T23:59:59Z,delivered,on_time,0,False,0.00,USD,operations
tenant_aura,sla_aur_000009,shp_aur_000009,car_aur_northstar,2026-09-11T23:12:00Z,2026-09-10T23:12:00Z,2026-09-21T23:59:59Z,delivered,on_time,0,False,0.00,USD,operations
tenant_aura,sla_aur_000010,shp_aur_000010,car_aur_northstar,2026-09-24T12:22:00Z,2026-09-21T23:59:59Z,2026-09-21T23:59:59Z,delivered,on_time,0,False,0.00,USD,operations
tenant_aura,sla_aur_000011,shp_aur_000011,car_aur_northstar,2026-08-21T22:48:00Z,2026-08-24T06:48:00Z,2026-09-21T23:59:59Z,delivered,breached,3360,True,1.43,USD,operations
tenant_aura,sla_aur_000012,shp_aur_000012,car_aur_fedex_demo,2026-08-30T16:35:00Z,2026-08-30T04:35:00Z,2026-09-21T23:59:59Z,delivered,on_time,0,False,0.00,USD,operations
tenant_aura,sla_aur_000013,shp_aur_000013,car_aur_northstar,2026-09-09T05:42:00Z,,2026-09-21T23:59:59Z,as_of_snapshot,breached,18377,False,0.00,USD,operations
tenant_aura,sla_aur_000014,shp_aur_000014,car_aur_fedex_demo,2026-09-11T22:08:00Z,2026-09-13T15:08:00Z,2026-09-21T23:59:59Z,delivered,breached,2460,True,1.56,USD,operations
tenant_aura,sla_aur_000015,shp_aur_000015,car_aur_northstar,2026-09-16T00:49:00Z,2026-09-15T00:49:00Z,2026-09-21T23:59:59Z,delivered,on_time,0,False,0.00,USD,operations
tenant_aura,sla_aur_000016,shp_aur_000016,car_aur_northstar,2026-08-21T05:43:00Z,2026-08-20T05:43:00Z,2026-09-21T23:59:59Z,delivered,on_time,0,False,0.00,USD,operations
tenant_aura,sla_aur_000017,shp_aur_000017,car_aur_northstar,2026-09-12T06:11:00Z,,2026-09-21T23:59:59Z,as_of_snapshot,breached,14028,False,0.00,USD,operations
tenant_aura,sla_aur_000018,shp_aur_000018,car_aur_northstar,2026-08-28T14:50:00Z,2026-08-30T14:50:00Z,2026-09-21T23:59:59Z,delivered,breached,2880,True,1.02,USD,operations
tenant_aura,sla_aur_000019,shp_aur_000019,car_aur_fedex_demo,2026-09-11T04:40:00Z,2026-09-10T16:40:00Z,2026-09-21T23:59:59Z,delivered,on_time,0,False,0.00,USD,operations
tenant_aura,sla_aur_000020,shp_aur_000020,car_aur_fedex_demo,2026-09-06T15:01:00Z,,2026-09-21T23:59:59Z,as_of_snapshot,breached,22138,False,0.00,USD,operations
tenant_aura,sla_aur_000021,shp_aur_000021,car_aur_fedex_demo,2026-08-31T21:05:00Z,,2026-09-21T23:59:59Z,as_of_snapshot,breached,30414,True,2.24,USD,operations
tenant_aura,sla_aur_000022,shp_aur_000022,car_aur_blueline,2026-08-20T16:06:00Z,2026-08-19T10:06:00Z,2026-09-21T23:59:59Z,delivered,on_time,0,False,0.00,USD,operations
tenant_aura,sla_aur_000023,shp_aur_000023,car_aur_blueline,2026-09-18T05:23:00Z,2026-09-16T23:23:00Z,2026-09-21T23:59:59Z,delivered,on_time,0,False,0.00,USD,operations
tenant_aura,sla_aur_000024,shp_aur_000024,car_aur_fedex_demo,2026-09-20T01:22:00Z,2026-09-19T13:22:00Z,2026-09-21T23:59:59Z,delivered,on_time,0,False,0.00,USD,operations
tenant_aura,sla_aur_000025,shp_aur_000025,car_aur_blueline,2026-09-16T10:19:00Z,,2026-09-21T23:59:59Z,as_of_snapshot,breached,8020,False,0.00,USD,operations
tenant_aura,sla_aur_000026,shp_aur_000026,car_aur_blueline,2026-09-21T19:25:00Z,2026-09-20T13:25:00Z,2026-09-21T23:59:59Z,delivered,on_time,0,False,0.00,USD,operations
tenant_aura,sla_aur_000027,shp_aur_000027,car_aur_northstar,2026-09-23T16:12:00Z,,2026-09-21T23:59:59Z,as_of_snapshot,pending,0,False,0.00,USD,operations
tenant_aura,sla_aur_000028,shp_aur_000028,car_aur_northstar,2026-09-17T06:02:00Z,2026-09-19T14:02:00Z,2026-09-21T23:59:59Z,delivered,breached,3360,True,1.16,USD,operations
tenant_aura,sla_aur_000029,shp_aur_000029,car_aur_northstar,2026-08-31T16:12:00Z,2026-08-30T16:12:00Z,2026-09-21T23:59:59Z,delivered,on_time,0,False,0.00,USD,operations
tenant_aura,sla_aur_000030,shp_aur_000030,car_aur_fedex_demo,2026-09-13T06:45:00Z,,2026-09-21T23:59:59Z,as_of_snapshot,breached,12554,False,0.00,USD,operations
tenant_aura,sla_aur_000031,shp_aur_000031,car_aur_northstar,2026-08-21T23:33:00Z,2026-08-22T22:33:00Z,2026-09-21T23:59:59Z,delivered,breached,1380,False,0.00,USD,operations
tenant_aura,sla_aur_000032,shp_aur_000032,car_aur_fedex_demo,2026-09-14T11:41:00Z,2026-09-13T23:41:00Z,2026-09-21T23:59:59Z,delivered,on_time,0,False,0.00,USD,operations
tenant_aura,sla_aur_000033,shp_aur_000033,car_aur_northstar,2026-08-16T02:57:00Z,2026-08-15T02:57:00Z,2026-09-21T23:59:59Z,delivered,on_time,0,False,0.00,USD,operations
tenant_aura,sla_aur_000034,shp_aur_000034,car_aur_blueline,2026-08-30T09:16:00Z,2026-08-29T03:16:00Z,2026-09-21T23:59:59Z,delivered,on_time,0,False,0.00,USD,operations
tenant_aura,sla_aur_000035,shp_aur_000035,car_aur_northstar,2026-08-22T10:11:00Z,2026-08-21T10:11:00Z,2026-09-21T23:59:59Z,delivered,on_time,0,False,0.00,USD,operations
tenant_aura,sla_aur_000036,shp_aur_000036,car_aur_blueline,2026-09-24T07:26:00Z,2026-09-21T23:59:59Z,2026-09-21T23:59:59Z,delivered,on_time,0,False,0.00,USD,operations
tenant_aura,sla_aur_000037,shp_aur_000037,car_aur_blueline,2026-09-19T05:31:00Z,2026-09-21T08:31:00Z,2026-09-21T23:59:59Z,delivered,breached,3060,True,1.56,USD,operations
tenant_aura,sla_aur_000038,shp_aur_000038,car_aur_northstar,2026-08-16T05:06:00Z,2026-08-17T07:06:00Z,2026-09-21T23:59:59Z,delivered,breached,1560,False,0.00,USD,operations
tenant_aura,sla_aur_000039,shp_aur_000039,car_aur_northstar,2026-08-16T10:27:00Z,,2026-09-21T23:59:59Z,as_of_snapshot,breached,52652,False,0.00,USD,operations
tenant_aura,sla_aur_000040,shp_aur_000040,car_aur_fedex_demo,2026-08-31T05:34:00Z,2026-09-02T05:34:00Z,2026-09-21T23:59:59Z,delivered,breached,2880,False,0.00,USD,operations
tenant_aura,sla_aur_000041,shp_aur_000041,car_aur_northstar,2026-09-13T05:21:00Z,2026-09-12T05:21:00Z,2026-09-21T23:59:59Z,delivered,on_time,0,False,0.00,USD,operations
tenant_aura,sla_aur_000042,shp_aur_000042,car_aur_fedex_demo,2026-08-28T04:51:00Z,2026-08-27T16:51:00Z,2026-09-21T23:59:59Z,delivered,on_time,0,False,0.00,USD,operations
tenant_aura,sla_aur_000043,shp_aur_000043,car_aur_northstar,2026-08-24T08:53:00Z,2026-08-23T08:53:00Z,2026-09-21T23:59:59Z,delivered,on_time,0,False,0.00,USD,operations
tenant_aura,sla_aur_000044,shp_aur_000044,car_aur_fedex_demo,2026-09-14T01:14:00Z,2026-09-13T13:14:00Z,2026-09-21T23:59:59Z,delivered,on_time,0,False,0.00,USD,operations
tenant_aura,sla_aur_000045,shp_aur_000045,car_aur_northstar,2026-09-17T23:03:00Z,2026-09-16T23:03:00Z,2026-09-21T23:59:59Z,delivered,on_time,0,False,0.00,USD,operations
tenant_aura,sla_aur_000046,shp_aur_000046,car_aur_northstar,2026-09-08T16:24:00Z,2026-09-07T16:24:00Z,2026-09-21T23:59:59Z,delivered,on_time,0,False,0.00,USD,operations
tenant_aura,sla_aur_000047,shp_aur_000047,car_aur_northstar,2026-08-19T01:39:00Z,2026-08-18T01:39:00Z,2026-09-21T23:59:59Z,delivered,on_time,0,False,0.00,USD,operations
tenant_aura,sla_aur_000048,shp_aur_000048,car_aur_fedex_demo,2026-08-17T17:26:00Z,2026-08-17T05:26:00Z,2026-09-21T23:59:59Z,delivered,on_time,0,False,0.00,USD,operations
tenant_aura,sla_aur_000049,shp_aur_000049,car_aur_blueline,2026-09-16T18:22:00Z,2026-09-17T21:22:00Z,2026-09-21T23:59:59Z,delivered,breached,1620,True,1.29,USD,operations
tenant_aura,sla_aur_000050,shp_aur_000050,car_aur_fedex_demo,2026-09-12T23:10:00Z,2026-09-12T11:10:00Z,2026-09-21T23:59:59Z,delivered,on_time,0,False,0.00,USD,operations
tenant_aura,sla_aur_000051,shp_aur_000051,car_aur_northstar,2026-09-18T22:45:00Z,2026-09-17T22:45:00Z,2026-09-21T23:59:59Z,delivered,on_time,0,False,0.00,USD,operations
tenant_aura,sla_aur_000052,shp_aur_000052,car_aur_northstar,2026-09-23T08:01:00Z,2026-09-21T23:59:59Z,2026-09-21T23:59:59Z,delivered,on_time,0,False,0.00,USD,operations
tenant_aura,sla_aur_000053,shp_aur_000053,car_aur_blueline,2026-09-19T20:28:00Z,2026-09-18T14:28:00Z,2026-09-21T23:59:59Z,delivered,on_time,0,False,0.00,USD,operations
tenant_aura,sla_aur_000054,shp_aur_000054,car_aur_northstar,2026-09-02T22:15:00Z,2026-09-03T08:15:00Z,2026-09-21T23:59:59Z,delivered,breached,600,True,0.89,USD,operations
tenant_aura,sla_aur_000055,shp_aur_000055,car_aur_blueline,2026-08-20T01:53:00Z,2026-08-18T19:53:00Z,2026-09-21T23:59:59Z,delivered,on_time,0,False,0.00,USD,operations
tenant_aura,sla_aur_000056,shp_aur_000056,car_aur_fedex_demo,2026-08-26T22:45:00Z,2026-08-26T10:45:00Z,2026-09-21T23:59:59Z,delivered,on_time,0,False,0.00,USD,operations
tenant_aura,sla_aur_000057,shp_aur_000057,car_aur_northstar,2026-09-21T19:09:00Z,2026-09-20T19:09:00Z,2026-09-21T23:59:59Z,delivered,on_time,0,False,0.00,USD,operations
tenant_aura,sla_aur_000058,shp_aur_000058,car_aur_blueline,2026-08-21T19:32:00Z,2026-08-24T06:32:00Z,2026-09-21T23:59:59Z,delivered,breached,3540,True,0.89,USD,operations
tenant_aura,sla_aur_000059,shp_aur_000059,car_aur_fedex_demo,2026-09-17T15:11:00Z,2026-09-17T03:11:00Z,2026-09-21T23:59:59Z,delivered,on_time,0,False,0.00,USD,operations
tenant_aura,sla_aur_000060,shp_aur_000060,car_aur_northstar,2026-08-28T20:54:00Z,2026-08-27T20:54:00Z,2026-09-21T23:59:59Z,delivered,on_time,0,False,0.00,USD,operations
tenant_aura,sla_aur_000061,shp_aur_000061,car_aur_northstar,2026-08-20T01:50:00Z,2026-08-19T01:50:00Z,2026-09-21T23:59:59Z,delivered,on_time,0,False,0.00,USD,operations
tenant_aura,sla_aur_000062,shp_aur_000062,car_aur_fedex_demo,2026-08-20T23:53:00Z,2026-08-20T11:53:00Z,2026-09-21T23:59:59Z,delivered,on_time,0,False,0.00,USD,operations
tenant_aura,sla_aur_000063,shp_aur_000063,car_aur_fedex_demo,2026-08-20T23:01:00Z,2026-08-20T11:01:00Z,2026-09-21T23:59:59Z,delivered,on_time,0,False,0.00,USD,operations
tenant_aura,sla_aur_000064,shp_aur_000064,car_aur_northstar,2026-08-30T06:35:00Z,,2026-09-21T23:59:59Z,as_of_snapshot,breached,32724,False,0.00,USD,operations
tenant_aura,sla_aur_000065,shp_aur_000065,car_aur_blueline,2026-09-12T09:35:00Z,2026-09-11T03:35:00Z,2026-09-21T23:59:59Z,delivered,on_time,0,False,0.00,USD,operations
tenant_aura,sla_aur_000066,shp_aur_000066,car_aur_blueline,2026-09-10T06:19:00Z,2026-09-11T16:19:00Z,2026-09-21T23:59:59Z,delivered,breached,2040,False,0.00,USD,operations
tenant_aura,sla_aur_000067,shp_aur_000067,car_aur_blueline,2026-09-06T19:24:00Z,2026-09-05T13:24:00Z,2026-09-21T23:59:59Z,delivered,on_time,0,False,0.00,USD,operations
tenant_aura,sla_aur_000068,shp_aur_000068,car_aur_fedex_demo,2026-08-31T19:21:00Z,2026-09-02T16:21:00Z,2026-09-21T23:59:59Z,delivered,breached,2700,True,1.29,USD,operations
tenant_aura,sla_aur_000069,shp_aur_000069,car_aur_northstar,2026-08-18T19:29:00Z,2026-08-17T19:29:00Z,2026-09-21T23:59:59Z,delivered,on_time,0,False,0.00,USD,operations
tenant_aura,sla_aur_000070,shp_aur_000070,car_aur_fedex_demo,2026-09-10T12:37:00Z,2026-09-10T00:37:00Z,2026-09-21T23:59:59Z,delivered,on_time,0,False,0.00,USD,operations
tenant_aura,sla_aur_000071,shp_aur_000071,car_aur_northstar,2026-08-23T09:11:00Z,2026-08-22T09:11:00Z,2026-09-21T23:59:59Z,delivered,on_time,0,False,0.00,USD,operations
tenant_aura,sla_aur_000072,shp_aur_000072,car_aur_blueline,2026-09-17T20:16:00Z,,2026-09-21T23:59:59Z,as_of_snapshot,breached,5983,False,0.00,USD,operations
tenant_aura,sla_aur_000073,shp_aur_000073,car_aur_fedex_demo,2026-08-20T23:09:00Z,2026-08-20T11:09:00Z,2026-09-21T23:59:59Z,delivered,on_time,0,False,0.00,USD,operations
tenant_aura,sla_aur_000074,shp_aur_000074,car_aur_northstar,2026-08-25T10:32:00Z,,2026-09-21T23:59:59Z,as_of_snapshot,breached,39687,False,0.00,USD,operations
tenant_aura,sla_aur_000075,shp_aur_000075,car_aur_fedex_demo,2026-09-04T16:00:00Z,,2026-09-21T23:59:59Z,as_of_snapshot,breached,24959,False,0.00,USD,operations
tenant_aura,sla_aur_000076,shp_aur_000076,car_aur_blueline,2026-09-20T01:20:00Z,2026-09-18T19:20:00Z,2026-09-21T23:59:59Z,delivered,on_time,0,False,0.00,USD,operations
tenant_aura,sla_aur_000077,shp_aur_000077,car_aur_fedex_demo,2026-08-19T21:18:00Z,2026-08-19T09:18:00Z,2026-09-21T23:59:59Z,delivered,on_time,0,False,0.00,USD,operations
tenant_aura,sla_aur_000078,shp_aur_000078,car_aur_northstar,2026-09-16T20:56:00Z,2026-09-15T20:56:00Z,2026-09-21T23:59:59Z,delivered,on_time,0,False,0.00,USD,operations
tenant_aura,sla_aur_000079,shp_aur_000079,car_aur_fedex_demo,2026-09-09T07:01:00Z,2026-09-08T19:01:00Z,2026-09-21T23:59:59Z,delivered,on_time,0,False,0.00,USD,operations
tenant_aura,sla_aur_000080,shp_aur_000080,car_aur_northstar,2026-09-05T11:49:00Z,2026-09-04T11:49:00Z,2026-09-21T23:59:59Z,delivered,on_time,0,False,0.00,USD,operations
tenant_aura,sla_aur_000081,shp_aur_000081,car_aur_northstar,2026-08-24T12:55:00Z,2026-08-23T12:55:00Z,2026-09-21T23:59:59Z,delivered,on_time,0,False,0.00,USD,operations
tenant_aura,sla_aur_000082,shp_aur_000082,car_aur_northstar,2026-09-10T17:24:00Z,2026-09-09T17:24:00Z,2026-09-21T23:59:59Z,delivered,on_time,0,False,0.00,USD,operations
tenant_aura,sla_aur_000083,shp_aur_000083,car_aur_blueline,2026-08-18T01:26:00Z,2026-08-16T19:26:00Z,2026-09-21T23:59:59Z,delivered,on_time,0,False,0.00,USD,operations
tenant_aura,sla_aur_000084,shp_aur_000084,car_aur_fedex_demo,2026-09-02T09:38:00Z,2026-09-01T21:38:00Z,2026-09-21T23:59:59Z,delivered,on_time,0,False,0.00,USD,operations
tenant_aura,sla_aur_000085,shp_aur_000085,car_aur_northstar,2026-08-26T14:05:00Z,2026-08-27T00:05:00Z,2026-09-21T23:59:59Z,delivered,breached,600,False,0.00,USD,operations
tenant_aura,sla_aur_000086,shp_aur_000086,car_aur_blueline,2026-09-03T17:29:00Z,2026-09-02T11:29:00Z,2026-09-21T23:59:59Z,delivered,on_time,0,False,0.00,USD,operations
tenant_aura,sla_aur_000087,shp_aur_000087,car_aur_fedex_demo,2026-08-28T19:12:00Z,2026-08-28T07:12:00Z,2026-09-21T23:59:59Z,delivered,on_time,0,False,0.00,USD,operations
tenant_aura,sla_aur_000088,shp_aur_000088,car_aur_fedex_demo,2026-09-05T23:01:00Z,2026-09-05T11:01:00Z,2026-09-21T23:59:59Z,delivered,on_time,0,False,0.00,USD,operations
tenant_aura,sla_aur_000089,shp_aur_000089,car_aur_fedex_demo,2026-08-29T04:52:00Z,2026-08-28T16:52:00Z,2026-09-21T23:59:59Z,delivered,on_time,0,False,0.00,USD,operations
tenant_aura,sla_aur_000090,shp_aur_000090,car_aur_blueline,2026-09-11T19:44:00Z,,2026-09-21T23:59:59Z,as_of_snapshot,breached,14655,False,0.00,USD,operations
tenant_aura,sla_aur_000091,shp_aur_000091,car_aur_northstar,2026-08-27T12:02:00Z,2026-08-26T12:02:00Z,2026-09-21T23:59:59Z,delivered,on_time,0,False,0.00,USD,operations
tenant_aura,sla_aur_000092,shp_aur_000092,car_aur_blueline,2026-09-23T06:48:00Z,2026-09-21T23:59:59Z,2026-09-21T23:59:59Z,delivered,on_time,0,False,0.00,USD,operations
tenant_aura,sla_aur_000093,shp_aur_000093,car_aur_blueline,2026-08-27T02:20:00Z,2026-08-25T20:20:00Z,2026-09-21T23:59:59Z,delivered,on_time,0,False,0.00,USD,operations
tenant_aura,sla_aur_000094,shp_aur_000094,car_aur_blueline,2026-09-07T02:03:00Z,2026-09-05T20:03:00Z,2026-09-21T23:59:59Z,delivered,on_time,0,False,0.00,USD,operations
tenant_aura,sla_aur_000095,shp_aur_000095,car_aur_fedex_demo,2026-09-19T06:24:00Z,2026-09-20T01:24:00Z,2026-09-21T23:59:59Z,delivered,breached,1140,False,0.00,USD,operations
tenant_aura,sla_aur_000096,shp_aur_000096,car_aur_fedex_demo,2026-09-03T08:16:00Z,2026-09-02T20:16:00Z,2026-09-21T23:59:59Z,delivered,on_time,0,False,0.00,USD,operations
tenant_aura,sla_aur_000097,shp_aur_000097,car_aur_northstar,2026-08-16T02:18:00Z,2026-08-15T02:18:00Z,2026-09-21T23:59:59Z,delivered,on_time,0,False,0.00,USD,operations
tenant_aura,sla_aur_000098,shp_aur_000098,car_aur_northstar,2026-09-14T06:06:00Z,2026-09-16T07:06:00Z,2026-09-21T23:59:59Z,delivered,breached,2940,True,1.43,USD,operations
tenant_aura,sla_aur_000099,shp_aur_000099,car_aur_blueline,2026-09-23T01:53:00Z,,2026-09-21T23:59:59Z,as_of_snapshot,pending,0,False,0.00,USD,operations
tenant_aura,sla_aur_000100,shp_aur_000100,car_aur_fedex_demo,2026-09-10T15:18:00Z,,2026-09-21T23:59:59Z,as_of_snapshot,breached,16361,False,0.00,USD,operations
tenant_aura,sla_aur_000101,shp_aur_000101,car_aur_northstar,2026-09-16T23:45:00Z,2026-09-15T23:45:00Z,2026-09-21T23:59:59Z,delivered,on_time,0,False,0.00,USD,operations
tenant_aura,sla_aur_000102,shp_aur_000102,car_aur_northstar,2026-09-06T23:52:00Z,2026-09-07T13:52:00Z,2026-09-21T23:59:59Z,delivered,breached,840,False,0.00,USD,operations
tenant_aura,sla_aur_000103,shp_aur_000103,car_aur_northstar,2026-08-16T12:11:00Z,2026-08-15T12:11:00Z,2026-09-21T23:59:59Z,delivered,on_time,0,False,0.00,USD,operations
tenant_aura,sla_aur_000104,shp_aur_000104,car_aur_northstar,2026-08-27T05:11:00Z,2026-08-26T05:11:00Z,2026-09-21T23:59:59Z,delivered,on_time,0,False,0.00,USD,operations
tenant_aura,sla_aur_000105,shp_aur_000105,car_aur_fedex_demo,2026-09-15T20:51:00Z,2026-09-15T08:51:00Z,2026-09-21T23:59:59Z,delivered,on_time,0,False,0.00,USD,operations
tenant_aura,sla_aur_000106,shp_aur_000106,car_aur_northstar,2026-09-07T15:26:00Z,2026-09-06T15:26:00Z,2026-09-21T23:59:59Z,delivered,on_time,0,False,0.00,USD,operations
tenant_aura,sla_aur_000107,shp_aur_000107,car_aur_fedex_demo,2026-09-21T09:04:00Z,2026-09-20T21:04:00Z,2026-09-21T23:59:59Z,delivered,on_time,0,False,0.00,USD,operations
tenant_aura,sla_aur_000108,shp_aur_000108,car_aur_fedex_demo,2026-09-04T22:59:00Z,2026-09-04T10:59:00Z,2026-09-21T23:59:59Z,delivered,on_time,0,False,0.00,USD,operations
tenant_aura,sla_aur_000109,shp_aur_000109,car_aur_blueline,2026-09-20T09:12:00Z,2026-09-21T23:12:00Z,2026-09-21T23:59:59Z,delivered,breached,2280,False,0.00,USD,operations
tenant_aura,sla_aur_000110,shp_aur_000110,car_aur_blueline,2026-09-12T06:22:00Z,2026-09-11T00:22:00Z,2026-09-21T23:59:59Z,delivered,on_time,0,False,0.00,USD,operations
tenant_aura,sla_aur_000111,shp_aur_000111,car_aur_northstar,2026-09-03T23:17:00Z,2026-09-02T23:17:00Z,2026-09-21T23:59:59Z,delivered,on_time,0,False,0.00,USD,operations
tenant_aura,sla_aur_000112,shp_aur_000112,car_aur_blueline,2026-09-16T10:48:00Z,2026-09-15T04:48:00Z,2026-09-21T23:59:59Z,delivered,on_time,0,False,0.00,USD,operations
tenant_aura,sla_aur_000113,shp_aur_000113,car_aur_blueline,2026-08-26T19:52:00Z,2026-08-25T13:52:00Z,2026-09-21T23:59:59Z,delivered,on_time,0,False,0.00,USD,operations
tenant_aura,sla_aur_000114,shp_aur_000114,car_aur_fedex_demo,2026-08-26T23:52:00Z,2026-08-26T11:52:00Z,2026-09-21T23:59:59Z,delivered,on_time,0,False,0.00,USD,operations
tenant_aura,sla_aur_000115,shp_aur_000115,car_aur_blueline,2026-09-08T02:42:00Z,2026-09-06T20:42:00Z,2026-09-21T23:59:59Z,delivered,on_time,0,False,0.00,USD,operations
tenant_aura,sla_aur_000116,shp_aur_000116,car_aur_blueline,2026-09-19T18:12:00Z,2026-09-18T12:12:00Z,2026-09-21T23:59:59Z,delivered,on_time,0,False,0.00,USD,operations
tenant_aura,sla_aur_000117,shp_aur_000117,car_aur_fedex_demo,2026-09-09T19:06:00Z,2026-09-09T07:06:00Z,2026-09-21T23:59:59Z,delivered,on_time,0,False,0.00,USD,operations
tenant_aura,sla_aur_000118,shp_aur_000118,car_aur_blueline,2026-09-24T07:37:00Z,2026-09-21T23:59:59Z,2026-09-21T23:59:59Z,delivered,on_time,0,False,0.00,USD,operations
tenant_aura,sla_aur_000119,shp_aur_000119,car_aur_northstar,2026-09-03T05:34:00Z,,2026-09-21T23:59:59Z,as_of_snapshot,breached,27025,False,0.00,USD,operations
tenant_aura,sla_aur_000120,shp_aur_000120,car_aur_fedex_demo,2026-09-05T10:29:00Z,2026-09-04T22:29:00Z,2026-09-21T23:59:59Z,delivered,on_time,0,False,0.00,USD,operations
tenant_aura,sla_aur_000121,shp_aur_000121,car_aur_northstar,2026-09-20T09:02:00Z,2026-09-19T09:02:00Z,2026-09-21T23:59:59Z,delivered,on_time,0,False,0.00,USD,operations
tenant_aura,sla_aur_000122,shp_aur_000122,car_aur_blueline,2026-09-09T15:03:00Z,2026-09-08T09:03:00Z,2026-09-21T23:59:59Z,delivered,on_time,0,False,0.00,USD,operations
tenant_aura,sla_aur_000123,shp_aur_000123,car_aur_fedex_demo,2026-08-26T06:26:00Z,,2026-09-21T23:59:59Z,as_of_snapshot,breached,38493,False,0.00,USD,operations
tenant_aura,sla_aur_000124,shp_aur_000124,car_aur_blueline,2026-09-03T15:40:00Z,2026-09-05T23:40:00Z,2026-09-21T23:59:59Z,delivered,breached,3360,True,1.56,USD,operations
tenant_aura,sla_aur_000125,shp_aur_000125,car_aur_fedex_demo,2026-09-02T12:38:00Z,2026-09-03T04:38:00Z,2026-09-21T23:59:59Z,delivered,breached,960,False,0.00,USD,operations
tenant_aura,sla_aur_000126,shp_aur_000126,car_aur_fedex_demo,2026-09-19T07:51:00Z,2026-09-18T19:51:00Z,2026-09-21T23:59:59Z,delivered,on_time,0,False,0.00,USD,operations
tenant_aura,sla_aur_000127,shp_aur_000127,car_aur_northstar,2026-08-28T00:01:00Z,2026-08-27T00:01:00Z,2026-09-21T23:59:59Z,delivered,on_time,0,False,0.00,USD,operations
tenant_aura,sla_aur_000128,shp_aur_000128,car_aur_fedex_demo,2026-08-31T04:28:00Z,,2026-09-21T23:59:59Z,as_of_snapshot,breached,31411,False,0.00,USD,operations
tenant_aura,sla_aur_000129,shp_aur_000129,car_aur_fedex_demo,2026-09-06T11:36:00Z,2026-09-05T23:36:00Z,2026-09-21T23:59:59Z,delivered,on_time,0,False,0.00,USD,operations
tenant_aura,sla_aur_000130,shp_aur_000130,car_aur_fedex_demo,2026-08-30T21:38:00Z,2026-08-30T09:38:00Z,2026-09-21T23:59:59Z,delivered,on_time,0,False,0.00,USD,operations
tenant_aura,sla_aur_000131,shp_aur_000131,car_aur_fedex_demo,2026-09-04T06:44:00Z,2026-09-06T13:44:00Z,2026-09-21T23:59:59Z,delivered,breached,3300,True,1.29,USD,operations
tenant_aura,sla_aur_000132,shp_aur_000132,car_aur_northstar,2026-09-01T00:33:00Z,2026-08-31T00:33:00Z,2026-09-21T23:59:59Z,delivered,on_time,0,False,0.00,USD,operations
tenant_aura,sla_aur_000133,shp_aur_000133,car_aur_blueline,2026-08-30T00:43:00Z,2026-08-30T09:43:00Z,2026-09-21T23:59:59Z,delivered,breached,540,False,0.00,USD,operations
tenant_aura,sla_aur_000134,shp_aur_000134,car_aur_northstar,2026-09-06T10:41:00Z,2026-09-05T10:41:00Z,2026-09-21T23:59:59Z,delivered,on_time,0,False,0.00,USD,operations
tenant_aura,sla_aur_000135,shp_aur_000135,car_aur_fedex_demo,2026-09-21T16:26:00Z,2026-09-21T04:26:00Z,2026-09-21T23:59:59Z,delivered,on_time,0,False,0.00,USD,operations
tenant_aura,sla_aur_000136,shp_aur_000136,car_aur_blueline,2026-08-28T14:48:00Z,,2026-09-21T23:59:59Z,as_of_snapshot,breached,35111,False,0.00,USD,operations
tenant_aura,sla_aur_000137,shp_aur_000137,car_aur_blueline,2026-08-17T11:48:00Z,2026-08-17T22:48:00Z,2026-09-21T23:59:59Z,delivered,breached,660,False,0.00,USD,operations
tenant_aura,sla_aur_000138,shp_aur_000138,car_aur_northstar,2026-09-10T14:08:00Z,2026-09-12T09:08:00Z,2026-09-21T23:59:59Z,delivered,breached,2580,False,0.00,USD,operations
tenant_aura,sla_aur_000139,shp_aur_000139,car_aur_blueline,2026-08-21T09:28:00Z,2026-08-20T03:28:00Z,2026-09-21T23:59:59Z,delivered,on_time,0,False,0.00,USD,operations
tenant_aura,sla_aur_000140,shp_aur_000140,car_aur_northstar,2026-09-18T02:08:00Z,2026-09-17T02:08:00Z,2026-09-21T23:59:59Z,delivered,on_time,0,False,0.00,USD,operations
tenant_aura,sla_aur_000141,shp_aur_000141,car_aur_northstar,2026-09-04T16:39:00Z,2026-09-03T16:39:00Z,2026-09-21T23:59:59Z,delivered,on_time,0,False,0.00,USD,operations
tenant_aura,sla_aur_000142,shp_aur_000142,car_aur_fedex_demo,2026-08-21T17:46:00Z,2026-08-24T04:46:00Z,2026-09-21T23:59:59Z,delivered,breached,3540,False,0.00,USD,operations
tenant_aura,sla_aur_000143,shp_aur_000143,car_aur_blueline,2026-08-28T11:56:00Z,2026-08-27T05:56:00Z,2026-09-21T23:59:59Z,delivered,on_time,0,False,0.00,USD,operations
tenant_aura,sla_aur_000144,shp_aur_000144,car_aur_northstar,2026-08-30T06:14:00Z,2026-08-29T06:14:00Z,2026-09-21T23:59:59Z,delivered,on_time,0,False,0.00,USD,operations
tenant_aura,sla_aur_000145,shp_aur_000145,car_aur_northstar,2026-09-14T03:42:00Z,,2026-09-21T23:59:59Z,as_of_snapshot,breached,11297,False,0.00,USD,operations
tenant_aura,sla_aur_000146,shp_aur_000146,car_aur_fedex_demo,2026-08-31T03:47:00Z,2026-08-30T15:47:00Z,2026-09-21T23:59:59Z,delivered,on_time,0,False,0.00,USD,operations
tenant_aura,sla_aur_000147,shp_aur_000147,car_aur_fedex_demo,2026-09-02T19:48:00Z,2026-09-02T07:48:00Z,2026-09-21T23:59:59Z,delivered,on_time,0,False,0.00,USD,operations
tenant_aura,sla_aur_000148,shp_aur_000148,car_aur_fedex_demo,2026-09-11T05:43:00Z,2026-09-10T17:43:00Z,2026-09-21T23:59:59Z,delivered,on_time,0,False,0.00,USD,operations
tenant_aura,sla_aur_000149,shp_aur_000149,car_aur_northstar,2026-08-17T18:25:00Z,2026-08-16T18:25:00Z,2026-09-21T23:59:59Z,delivered,on_time,0,False,0.00,USD,operations
tenant_aura,sla_aur_000150,shp_aur_000150,car_aur_blueline,2026-08-26T12:39:00Z,,2026-09-21T23:59:59Z,as_of_snapshot,breached,38120,False,0.00,USD,operations
tenant_aura,sla_aur_000151,shp_aur_000151,car_aur_fedex_demo,2026-09-02T00:20:00Z,,2026-09-21T23:59:59Z,as_of_snapshot,breached,28779,False,0.00,USD,operations
tenant_aura,sla_aur_000152,shp_aur_000152,car_aur_blueline,2026-08-26T22:27:00Z,,2026-09-21T23:59:59Z,as_of_snapshot,breached,37532,True,0.89,USD,operations
tenant_aura,sla_aur_000153,shp_aur_000153,car_aur_fedex_demo,2026-08-28T21:06:00Z,2026-08-28T09:06:00Z,2026-09-21T23:59:59Z,delivered,on_time,0,False,0.00,USD,operations
tenant_aura,sla_aur_000154,shp_aur_000154,car_aur_blueline,2026-09-03T05:09:00Z,2026-09-01T23:09:00Z,2026-09-21T23:59:59Z,delivered,on_time,0,False,0.00,USD,operations
tenant_aura,sla_aur_000155,shp_aur_000155,car_aur_fedex_demo,2026-08-24T07:23:00Z,2026-08-23T19:23:00Z,2026-09-21T23:59:59Z,delivered,on_time,0,False,0.00,USD,operations
tenant_aura,sla_aur_000156,shp_aur_000156,car_aur_northstar,2026-08-22T12:57:00Z,2026-08-21T12:57:00Z,2026-09-21T23:59:59Z,delivered,on_time,0,False,0.00,USD,operations
tenant_aura,sla_aur_000157,shp_aur_000157,car_aur_northstar,2026-09-02T05:00:00Z,2026-09-01T05:00:00Z,2026-09-21T23:59:59Z,delivered,on_time,0,False,0.00,USD,operations
tenant_aura,sla_aur_000158,shp_aur_000158,car_aur_blueline,2026-08-24T09:46:00Z,2026-08-26T15:46:00Z,2026-09-21T23:59:59Z,delivered,breached,3240,False,0.00,USD,operations
tenant_aura,sla_aur_000159,shp_aur_000159,car_aur_blueline,2026-09-07T23:39:00Z,2026-09-06T17:39:00Z,2026-09-21T23:59:59Z,delivered,on_time,0,False,0.00,USD,operations
tenant_aura,sla_aur_000160,shp_aur_000160,car_aur_fedex_demo,2026-09-12T02:55:00Z,2026-09-11T14:55:00Z,2026-09-21T23:59:59Z,delivered,on_time,0,False,0.00,USD,operations
tenant_aura,sla_aur_000161,shp_aur_000161,car_aur_northstar,2026-09-12T04:51:00Z,2026-09-11T04:51:00Z,2026-09-21T23:59:59Z,delivered,on_time,0,False,0.00,USD,operations
tenant_aura,sla_aur_000162,shp_aur_000162,car_aur_fedex_demo,2026-09-10T19:19:00Z,,2026-09-21T23:59:59Z,as_of_snapshot,breached,16120,False,0.00,USD,operations
tenant_aura,sla_aur_000163,shp_aur_000163,car_aur_fedex_demo,2026-09-07T00:58:00Z,,2026-09-21T23:59:59Z,as_of_snapshot,breached,21541,False,0.00,USD,operations
tenant_aura,sla_aur_000164,shp_aur_000164,car_aur_northstar,2026-08-31T00:14:00Z,2026-08-30T00:14:00Z,2026-09-21T23:59:59Z,delivered,on_time,0,False,0.00,USD,operations
tenant_aura,sla_aur_000165,shp_aur_000165,car_aur_fedex_demo,2026-09-07T16:45:00Z,2026-09-07T04:45:00Z,2026-09-21T23:59:59Z,delivered,on_time,0,False,0.00,USD,operations
tenant_aura,sla_aur_000166,shp_aur_000166,car_aur_fedex_demo,2026-08-19T00:48:00Z,2026-08-18T12:48:00Z,2026-09-21T23:59:59Z,delivered,on_time,0,False,0.00,USD,operations
tenant_aura,sla_aur_000167,shp_aur_000167,car_aur_northstar,2026-09-06T15:46:00Z,,2026-09-21T23:59:59Z,as_of_snapshot,breached,22093,True,1.02,USD,operations
tenant_aura,sla_aur_000168,shp_aur_000168,car_aur_blueline,2026-09-13T13:53:00Z,2026-09-12T07:53:00Z,2026-09-21T23:59:59Z,delivered,on_time,0,False,0.00,USD,operations
tenant_aura,sla_aur_000169,shp_aur_000169,car_aur_blueline,2026-08-18T22:23:00Z,2026-08-17T16:23:00Z,2026-09-21T23:59:59Z,delivered,on_time,0,False,0.00,USD,operations
tenant_aura,sla_aur_000170,shp_aur_000170,car_aur_blueline,2026-08-18T02:28:00Z,2026-08-16T20:28:00Z,2026-09-21T23:59:59Z,delivered,on_time,0,False,0.00,USD,operations
tenant_aura,sla_aur_000171,shp_aur_000171,car_aur_northstar,2026-09-07T14:49:00Z,2026-09-06T14:49:00Z,2026-09-21T23:59:59Z,delivered,on_time,0,False,0.00,USD,operations
tenant_aura,sla_aur_000172,shp_aur_000172,car_aur_blueline,2026-09-18T18:22:00Z,2026-09-17T12:22:00Z,2026-09-21T23:59:59Z,delivered,on_time,0,False,0.00,USD,operations
tenant_aura,sla_aur_000173,shp_aur_000173,car_aur_blueline,2026-09-05T16:28:00Z,2026-09-04T10:28:00Z,2026-09-21T23:59:59Z,delivered,on_time,0,False,0.00,USD,operations
tenant_aura,sla_aur_000174,shp_aur_000174,car_aur_northstar,2026-09-17T11:47:00Z,2026-09-16T11:47:00Z,2026-09-21T23:59:59Z,delivered,on_time,0,False,0.00,USD,operations
tenant_aura,sla_aur_000175,shp_aur_000175,car_aur_fedex_demo,2026-08-24T16:51:00Z,2026-08-24T04:51:00Z,2026-09-21T23:59:59Z,delivered,on_time,0,False,0.00,USD,operations
tenant_aura,sla_aur_000176,shp_aur_000176,car_aur_blueline,2026-09-19T10:13:00Z,2026-09-18T04:13:00Z,2026-09-21T23:59:59Z,delivered,on_time,0,False,0.00,USD,operations
tenant_aura,sla_aur_000177,shp_aur_000177,car_aur_blueline,2026-08-20T12:24:00Z,2026-08-20T23:24:00Z,2026-09-21T23:59:59Z,delivered,breached,660,False,0.00,USD,operations
tenant_aura,sla_aur_000178,shp_aur_000178,car_aur_northstar,2026-08-21T23:43:00Z,2026-08-20T23:43:00Z,2026-09-21T23:59:59Z,delivered,on_time,0,False,0.00,USD,operations
tenant_aura,sla_aur_000179,shp_aur_000179,car_aur_fedex_demo,2026-08-20T12:48:00Z,2026-08-20T00:48:00Z,2026-09-21T23:59:59Z,delivered,on_time,0,False,0.00,USD,operations
tenant_aura,sla_aur_000180,shp_aur_000180,car_aur_northstar,2026-09-24T06:05:00Z,2026-09-21T23:59:59Z,2026-09-21T23:59:59Z,delivered,on_time,0,False,0.00,USD,operations
tenant_aura,sla_aur_000181,shp_aur_000181,car_aur_blueline,2026-08-30T19:11:00Z,2026-08-29T13:11:00Z,2026-09-21T23:59:59Z,delivered,on_time,0,False,0.00,USD,operations
tenant_aura,sla_aur_000182,shp_aur_000182,car_aur_fedex_demo,2026-09-16T15:34:00Z,2026-09-16T03:34:00Z,2026-09-21T23:59:59Z,delivered,on_time,0,False,0.00,USD,operations
tenant_aura,sla_aur_000183,shp_aur_000183,car_aur_northstar,2026-09-11T01:33:00Z,2026-09-10T01:33:00Z,2026-09-21T23:59:59Z,delivered,on_time,0,False,0.00,USD,operations
tenant_aura,sla_aur_000184,shp_aur_000184,car_aur_blueline,2026-09-03T11:02:00Z,2026-09-02T05:02:00Z,2026-09-21T23:59:59Z,delivered,on_time,0,False,0.00,USD,operations
tenant_aura,sla_aur_000185,shp_aur_000185,car_aur_blueline,2026-09-08T22:51:00Z,2026-09-09T09:51:00Z,2026-09-21T23:59:59Z,delivered,breached,660,True,1.43,USD,operations
tenant_aura,sla_aur_000186,shp_aur_000186,car_aur_northstar,2026-09-19T18:08:00Z,2026-09-18T18:08:00Z,2026-09-21T23:59:59Z,delivered,on_time,0,False,0.00,USD,operations
tenant_aura,sla_aur_000187,shp_aur_000187,car_aur_fedex_demo,2026-08-29T11:04:00Z,2026-08-28T23:04:00Z,2026-09-21T23:59:59Z,delivered,on_time,0,False,0.00,USD,operations
tenant_aura,sla_aur_000188,shp_aur_000188,car_aur_blueline,2026-08-28T12:27:00Z,2026-08-27T06:27:00Z,2026-09-21T23:59:59Z,delivered,on_time,0,False,0.00,USD,operations
tenant_aura,sla_aur_000189,shp_aur_000189,car_aur_northstar,2026-08-22T03:37:00Z,2026-08-21T03:37:00Z,2026-09-21T23:59:59Z,delivered,on_time,0,False,0.00,USD,operations
tenant_aura,sla_aur_000190,shp_aur_000190,car_aur_fedex_demo,2026-08-29T08:13:00Z,2026-08-28T20:13:00Z,2026-09-21T23:59:59Z,delivered,on_time,0,False,0.00,USD,operations
tenant_aura,sla_aur_000191,shp_aur_000191,car_aur_fedex_demo,2026-09-11T19:24:00Z,2026-09-11T07:24:00Z,2026-09-21T23:59:59Z,delivered,on_time,0,False,0.00,USD,operations
tenant_aura,sla_aur_000192,shp_aur_000192,car_aur_blueline,2026-09-20T20:23:00Z,2026-09-19T14:23:00Z,2026-09-21T23:59:59Z,delivered,on_time,0,False,0.00,USD,operations
tenant_aura,sla_aur_000193,shp_aur_000193,car_aur_blueline,2026-08-22T16:24:00Z,2026-08-21T10:24:00Z,2026-09-21T23:59:59Z,delivered,on_time,0,False,0.00,USD,operations
tenant_aura,sla_aur_000194,shp_aur_000194,car_aur_northstar,2026-08-28T09:26:00Z,,2026-09-21T23:59:59Z,as_of_snapshot,breached,35433,False,0.00,USD,operations
tenant_aura,sla_aur_000195,shp_aur_000195,car_aur_northstar,2026-08-19T02:10:00Z,2026-08-18T02:10:00Z,2026-09-21T23:59:59Z,delivered,on_time,0,False,0.00,USD,operations
tenant_aura,sla_aur_000196,shp_aur_000196,car_aur_northstar,2026-09-14T05:09:00Z,2026-09-13T05:09:00Z,2026-09-21T23:59:59Z,delivered,on_time,0,False,0.00,USD,operations
tenant_aura,sla_aur_000197,shp_aur_000197,car_aur_blueline,2026-08-28T14:09:00Z,2026-08-27T08:09:00Z,2026-09-21T23:59:59Z,delivered,on_time,0,False,0.00,USD,operations
tenant_aura,sla_aur_000198,shp_aur_000198,car_aur_fedex_demo,2026-09-19T20:49:00Z,2026-09-19T08:49:00Z,2026-09-21T23:59:59Z,delivered,on_time,0,False,0.00,USD,operations
tenant_aura,sla_aur_000199,shp_aur_000199,car_aur_blueline,2026-09-11T12:26:00Z,2026-09-10T06:26:00Z,2026-09-21T23:59:59Z,delivered,on_time,0,False,0.00,USD,operations
tenant_aura,sla_aur_000200,shp_aur_000200,car_aur_fedex_demo,2026-09-03T11:49:00Z,,2026-09-21T23:59:59Z,as_of_snapshot,breached,26650,False,0.00,USD,operations
tenant_aura,sla_aur_000201,shp_aur_000201,car_aur_blueline,2026-08-22T12:51:00Z,2026-08-21T06:51:00Z,2026-09-21T23:59:59Z,delivered,on_time,0,False,0.00,USD,operations
tenant_aura,sla_aur_000202,shp_aur_000202,car_aur_fedex_demo,2026-08-27T14:15:00Z,2026-08-27T02:15:00Z,2026-09-21T23:59:59Z,delivered,on_time,0,False,0.00,USD,operations
tenant_aura,sla_aur_000203,shp_aur_000203,car_aur_fedex_demo,2026-08-28T17:27:00Z,2026-08-29T02:27:00Z,2026-09-21T23:59:59Z,delivered,breached,540,False,0.00,USD,operations
tenant_aura,sla_aur_000204,shp_aur_000204,car_aur_fedex_demo,2026-08-25T23:20:00Z,2026-08-25T11:20:00Z,2026-09-21T23:59:59Z,delivered,on_time,0,False,0.00,USD,operations
tenant_aura,sla_aur_000205,shp_aur_000205,car_aur_blueline,2026-09-23T15:21:00Z,2026-09-21T23:59:59Z,2026-09-21T23:59:59Z,delivered,on_time,0,False,0.00,USD,operations
tenant_aura,sla_aur_000206,shp_aur_000206,car_aur_blueline,2026-08-24T05:56:00Z,2026-08-25T00:56:00Z,2026-09-21T23:59:59Z,delivered,breached,1140,False,0.00,USD,operations
tenant_aura,sla_aur_000207,shp_aur_000207,car_aur_northstar,2026-09-07T06:24:00Z,2026-09-06T06:24:00Z,2026-09-21T23:59:59Z,delivered,on_time,0,False,0.00,USD,operations
tenant_aura,sla_aur_000208,shp_aur_000208,car_aur_northstar,2026-09-16T12:52:00Z,2026-09-15T12:52:00Z,2026-09-21T23:59:59Z,delivered,on_time,0,False,0.00,USD,operations
tenant_aura,sla_aur_000209,shp_aur_000209,car_aur_northstar,2026-08-18T19:21:00Z,,2026-09-21T23:59:59Z,as_of_snapshot,breached,49238,False,0.00,USD,operations
tenant_aura,sla_aur_000210,shp_aur_000210,car_aur_northstar,2026-09-18T20:21:00Z,2026-09-17T20:21:00Z,2026-09-21T23:59:59Z,delivered,on_time,0,False,0.00,USD,operations
tenant_aura,sla_aur_000211,shp_aur_000211,car_aur_fedex_demo,2026-09-04T12:18:00Z,2026-09-04T00:18:00Z,2026-09-21T23:59:59Z,delivered,on_time,0,False,0.00,USD,operations
tenant_aura,sla_aur_000212,shp_aur_000212,car_aur_fedex_demo,2026-09-20T07:11:00Z,2026-09-20T23:11:00Z,2026-09-21T23:59:59Z,delivered,breached,960,False,0.00,USD,operations
tenant_aura,sla_aur_000213,shp_aur_000213,car_aur_fedex_demo,2026-08-26T23:11:00Z,2026-08-26T11:11:00Z,2026-09-21T23:59:59Z,delivered,on_time,0,False,0.00,USD,operations
tenant_aura,sla_aur_000214,shp_aur_000214,car_aur_blueline,2026-09-15T09:19:00Z,2026-09-14T03:19:00Z,2026-09-21T23:59:59Z,delivered,on_time,0,False,0.00,USD,operations
tenant_aura,sla_aur_000215,shp_aur_000215,car_aur_blueline,2026-08-21T05:22:00Z,2026-08-19T23:22:00Z,2026-09-21T23:59:59Z,delivered,on_time,0,False,0.00,USD,operations
tenant_aura,sla_aur_000216,shp_aur_000216,car_aur_blueline,2026-08-23T04:51:00Z,2026-08-23T20:51:00Z,2026-09-21T23:59:59Z,delivered,breached,960,False,0.00,USD,operations
tenant_aura,sla_aur_000217,shp_aur_000217,car_aur_northstar,2026-09-09T12:12:00Z,2026-09-08T12:12:00Z,2026-09-21T23:59:59Z,delivered,on_time,0,False,0.00,USD,operations
tenant_aura,sla_aur_000218,shp_aur_000218,car_aur_northstar,2026-08-15T18:23:00Z,2026-08-14T18:23:00Z,2026-09-21T23:59:59Z,delivered,on_time,0,False,0.00,USD,operations
tenant_aura,sla_aur_000219,shp_aur_000219,car_aur_fedex_demo,2026-09-02T11:21:00Z,,2026-09-21T23:59:59Z,as_of_snapshot,breached,28118,False,0.00,USD,operations
tenant_aura,sla_aur_000220,shp_aur_000220,car_aur_northstar,2026-09-22T22:36:00Z,2026-09-21T23:59:59Z,2026-09-21T23:59:59Z,delivered,on_time,0,False,0.00,USD,operations
tenant_aura,sla_aur_000221,shp_aur_000221,car_aur_northstar,2026-09-03T02:58:00Z,2026-09-02T02:58:00Z,2026-09-21T23:59:59Z,delivered,on_time,0,False,0.00,USD,operations
tenant_aura,sla_aur_000222,shp_aur_000222,car_aur_fedex_demo,2026-08-19T22:01:00Z,2026-08-19T10:01:00Z,2026-09-21T23:59:59Z,delivered,on_time,0,False,0.00,USD,operations
tenant_aura,sla_aur_000223,shp_aur_000223,car_aur_northstar,2026-09-20T01:46:00Z,2026-09-20T15:46:00Z,2026-09-21T23:59:59Z,delivered,breached,840,False,0.00,USD,operations
tenant_aura,sla_aur_000224,shp_aur_000224,car_aur_northstar,2026-08-18T15:21:00Z,,2026-09-21T23:59:59Z,as_of_snapshot,breached,49478,False,0.00,USD,operations
tenant_aura,sla_aur_000225,shp_aur_000225,car_aur_blueline,2026-09-23T13:22:00Z,2026-09-21T23:59:59Z,2026-09-21T23:59:59Z,delivered,on_time,0,False,0.00,USD,operations
tenant_aura,sla_aur_000226,shp_aur_000226,car_aur_blueline,2026-08-31T08:42:00Z,2026-08-31T17:42:00Z,2026-09-21T23:59:59Z,delivered,breached,540,True,0.89,USD,operations
tenant_aura,sla_aur_000227,shp_aur_000227,car_aur_fedex_demo,2026-09-03T04:44:00Z,2026-09-04T12:44:00Z,2026-09-21T23:59:59Z,delivered,breached,1920,False,0.00,USD,operations
tenant_aura,sla_aur_000228,shp_aur_000228,car_aur_blueline,2026-09-22T05:45:00Z,2026-09-20T23:45:00Z,2026-09-21T23:59:59Z,delivered,on_time,0,False,0.00,USD,operations
tenant_aura,sla_aur_000229,shp_aur_000229,car_aur_northstar,2026-09-23T03:23:00Z,2026-09-21T23:59:59Z,2026-09-21T23:59:59Z,delivered,on_time,0,False,0.00,USD,operations
tenant_aura,sla_aur_000230,shp_aur_000230,car_aur_fedex_demo,2026-08-14T16:01:00Z,2026-08-14T04:01:00Z,2026-09-21T23:59:59Z,delivered,on_time,0,False,0.00,USD,operations
tenant_aura,sla_aur_000231,shp_aur_000231,car_aur_northstar,2026-09-03T18:48:00Z,2026-09-02T18:48:00Z,2026-09-21T23:59:59Z,delivered,on_time,0,False,0.00,USD,operations
tenant_aura,sla_aur_000232,shp_aur_000232,car_aur_fedex_demo,2026-08-30T09:58:00Z,2026-08-29T21:58:00Z,2026-09-21T23:59:59Z,delivered,on_time,0,False,0.00,USD,operations
tenant_aura,sla_aur_000233,shp_aur_000233,car_aur_blueline,2026-09-01T17:13:00Z,2026-09-03T02:13:00Z,2026-09-21T23:59:59Z,delivered,breached,1980,True,1.43,USD,operations
tenant_aura,sla_aur_000234,shp_aur_000234,car_aur_fedex_demo,2026-09-20T13:09:00Z,2026-09-21T22:09:00Z,2026-09-21T23:59:59Z,delivered,breached,1980,False,0.00,USD,operations
tenant_aura,sla_aur_000235,shp_aur_000235,car_aur_fedex_demo,2026-08-27T23:47:00Z,2026-08-27T11:47:00Z,2026-09-21T23:59:59Z,delivered,on_time,0,False,0.00,USD,operations
tenant_aura,sla_aur_000236,shp_aur_000236,car_aur_fedex_demo,2026-08-21T13:14:00Z,2026-08-21T01:14:00Z,2026-09-21T23:59:59Z,delivered,on_time,0,False,0.00,USD,operations
tenant_aura,sla_aur_000237,shp_aur_000237,car_aur_blueline,2026-08-31T06:56:00Z,2026-09-01T21:56:00Z,2026-09-21T23:59:59Z,delivered,breached,2340,True,1.70,USD,operations
tenant_aura,sla_aur_000238,shp_aur_000238,car_aur_northstar,2026-08-29T15:26:00Z,2026-08-28T15:26:00Z,2026-09-21T23:59:59Z,delivered,on_time,0,False,0.00,USD,operations
tenant_aura,sla_aur_000239,shp_aur_000239,car_aur_northstar,2026-09-05T17:32:00Z,2026-09-04T17:32:00Z,2026-09-21T23:59:59Z,delivered,on_time,0,False,0.00,USD,operations
tenant_aura,sla_aur_000240,shp_aur_000240,car_aur_fedex_demo,2026-08-22T15:00:00Z,2026-08-22T03:00:00Z,2026-09-21T23:59:59Z,delivered,on_time,0,False,0.00,USD,operations
tenant_aura,sla_aur_000241,shp_aur_000241,car_aur_blueline,2026-08-17T11:57:00Z,2026-08-18T10:57:00Z,2026-09-21T23:59:59Z,delivered,breached,1380,True,1.16,USD,operations
tenant_aura,sla_aur_000242,shp_aur_000242,car_aur_northstar,2026-09-08T22:14:00Z,2026-09-09T17:14:00Z,2026-09-21T23:59:59Z,delivered,breached,1140,True,0.89,USD,operations
tenant_aura,sla_aur_000243,shp_aur_000243,car_aur_blueline,2026-08-31T13:37:00Z,2026-09-02T10:37:00Z,2026-09-21T23:59:59Z,delivered,breached,2700,True,1.29,USD,operations
tenant_aura,sla_aur_000244,shp_aur_000244,car_aur_fedex_demo,2026-08-26T02:07:00Z,2026-08-27T00:07:00Z,2026-09-21T23:59:59Z,delivered,breached,1320,False,0.00,USD,operations
tenant_aura,sla_aur_000245,shp_aur_000245,car_aur_northstar,2026-09-12T14:41:00Z,,2026-09-21T23:59:59Z,as_of_snapshot,breached,13518,False,0.00,USD,operations
tenant_aura,sla_aur_000246,shp_aur_000246,car_aur_fedex_demo,2026-09-16T12:21:00Z,2026-09-18T05:21:00Z,2026-09-21T23:59:59Z,delivered,breached,2460,True,1.02,USD,operations
tenant_aura,sla_aur_000247,shp_aur_000247,car_aur_fedex_demo,2026-09-07T14:08:00Z,2026-09-07T02:08:00Z,2026-09-21T23:59:59Z,delivered,on_time,0,False,0.00,USD,operations
tenant_aura,sla_aur_000248,shp_aur_000248,car_aur_blueline,2026-09-10T20:11:00Z,2026-09-09T14:11:00Z,2026-09-21T23:59:59Z,delivered,on_time,0,False,0.00,USD,operations
tenant_aura,sla_aur_000249,shp_aur_000249,car_aur_fedex_demo,2026-08-23T02:07:00Z,2026-08-25T11:07:00Z,2026-09-21T23:59:59Z,delivered,breached,3420,False,0.00,USD,operations
tenant_aura,sla_aur_000250,shp_aur_000250,car_aur_blueline,2026-09-15T04:05:00Z,2026-09-13T22:05:00Z,2026-09-21T23:59:59Z,delivered,on_time,0,False,0.00,USD,operations
tenant_aura,sla_aur_000251,shp_aur_000251,car_aur_fedex_demo,2026-08-20T13:53:00Z,2026-08-20T01:53:00Z,2026-09-21T23:59:59Z,delivered,on_time,0,False,0.00,USD,operations
tenant_aura,sla_aur_000252,shp_aur_000252,car_aur_blueline,2026-09-14T00:17:00Z,2026-09-12T18:17:00Z,2026-09-21T23:59:59Z,delivered,on_time,0,False,0.00,USD,operations
tenant_aura,sla_aur_000253,shp_aur_000253,car_aur_fedex_demo,2026-08-23T13:41:00Z,2026-08-23T01:41:00Z,2026-09-21T23:59:59Z,delivered,on_time,0,False,0.00,USD,operations
tenant_aura,sla_aur_000254,shp_aur_000254,car_aur_northstar,2026-09-01T22:06:00Z,2026-08-31T22:06:00Z,2026-09-21T23:59:59Z,delivered,on_time,0,False,0.00,USD,operations
tenant_aura,sla_aur_000255,shp_aur_000255,car_aur_northstar,2026-09-21T21:45:00Z,2026-09-21T23:59:59Z,2026-09-21T23:59:59Z,delivered,breached,134,True,1.29,USD,operations
tenant_aura,sla_aur_000256,shp_aur_000256,car_aur_blueline,2026-09-13T15:57:00Z,2026-09-15T12:57:00Z,2026-09-21T23:59:59Z,delivered,breached,2700,False,0.00,USD,operations
tenant_aura,sla_aur_000257,shp_aur_000257,car_aur_fedex_demo,2026-09-10T21:41:00Z,,2026-09-21T23:59:59Z,as_of_snapshot,breached,15978,False,0.00,USD,operations
tenant_aura,sla_aur_000258,shp_aur_000258,car_aur_fedex_demo,2026-08-13T14:09:00Z,2026-08-13T02:09:00Z,2026-09-21T23:59:59Z,delivered,on_time,0,False,0.00,USD,operations
tenant_aura,sla_aur_000259,shp_aur_000259,car_aur_fedex_demo,2026-08-27T15:56:00Z,2026-08-27T03:56:00Z,2026-09-21T23:59:59Z,delivered,on_time,0,False,0.00,USD,operations
tenant_aura,sla_aur_000260,shp_aur_000260,car_aur_fedex_demo,2026-09-01T14:33:00Z,2026-09-01T02:33:00Z,2026-09-21T23:59:59Z,delivered,on_time,0,False,0.00,USD,operations
tenant_aura,sla_aur_000261,shp_aur_000261,car_aur_northstar,2026-09-13T18:04:00Z,,2026-09-21T23:59:59Z,as_of_snapshot,breached,11875,False,0.00,USD,operations
tenant_aura,sla_aur_000262,shp_aur_000262,car_aur_blueline,2026-09-23T18:01:00Z,2026-09-21T23:59:59Z,2026-09-21T23:59:59Z,delivered,on_time,0,False,0.00,USD,operations
tenant_aura,sla_aur_000263,shp_aur_000263,car_aur_blueline,2026-08-19T23:17:00Z,2026-08-21T15:17:00Z,2026-09-21T23:59:59Z,delivered,breached,2400,False,0.00,USD,operations
tenant_aura,sla_aur_000264,shp_aur_000264,car_aur_northstar,2026-09-24T00:55:00Z,2026-09-21T23:59:59Z,2026-09-21T23:59:59Z,delivered,on_time,0,False,0.00,USD,operations
tenant_aura,sla_aur_000265,shp_aur_000265,car_aur_northstar,2026-09-14T07:05:00Z,2026-09-13T07:05:00Z,2026-09-21T23:59:59Z,delivered,on_time,0,False,0.00,USD,operations
tenant_aura,sla_aur_000266,shp_aur_000266,car_aur_fedex_demo,2026-08-19T02:58:00Z,2026-08-20T11:58:00Z,2026-09-21T23:59:59Z,delivered,breached,1980,True,1.02,USD,operations
tenant_aura,sla_aur_000267,shp_aur_000267,car_aur_northstar,2026-08-28T02:55:00Z,2026-08-28T14:55:00Z,2026-09-21T23:59:59Z,delivered,breached,720,True,0.89,USD,operations
tenant_aura,sla_aur_000268,shp_aur_000268,car_aur_fedex_demo,2026-09-02T16:47:00Z,2026-09-02T04:47:00Z,2026-09-21T23:59:59Z,delivered,on_time,0,False,0.00,USD,operations
tenant_aura,sla_aur_000269,shp_aur_000269,car_aur_fedex_demo,2026-08-15T06:19:00Z,2026-08-14T18:19:00Z,2026-09-21T23:59:59Z,delivered,on_time,0,False,0.00,USD,operations
tenant_aura,sla_aur_000270,shp_aur_000270,car_aur_fedex_demo,2026-08-25T12:35:00Z,2026-08-25T00:35:00Z,2026-09-21T23:59:59Z,delivered,on_time,0,False,0.00,USD,operations
tenant_aura,sla_aur_000271,shp_aur_000271,car_aur_fedex_demo,2026-09-11T12:48:00Z,2026-09-11T00:48:00Z,2026-09-21T23:59:59Z,delivered,on_time,0,False,0.00,USD,operations
tenant_aura,sla_aur_000272,shp_aur_000272,car_aur_fedex_demo,2026-09-19T17:04:00Z,2026-09-19T05:04:00Z,2026-09-21T23:59:59Z,delivered,on_time,0,False,0.00,USD,operations
tenant_aura,sla_aur_000273,shp_aur_000273,car_aur_fedex_demo,2026-09-15T04:48:00Z,2026-09-14T16:48:00Z,2026-09-21T23:59:59Z,delivered,on_time,0,False,0.00,USD,operations
tenant_aura,sla_aur_000274,shp_aur_000274,car_aur_fedex_demo,2026-09-17T10:00:00Z,,2026-09-21T23:59:59Z,as_of_snapshot,breached,6599,True,1.56,USD,operations
tenant_aura,sla_aur_000275,shp_aur_000275,car_aur_blueline,2026-08-23T10:54:00Z,2026-08-22T04:54:00Z,2026-09-21T23:59:59Z,delivered,on_time,0,False,0.00,USD,operations
tenant_aura,sla_aur_000276,shp_aur_000276,car_aur_fedex_demo,2026-08-14T13:37:00Z,2026-08-14T01:37:00Z,2026-09-21T23:59:59Z,delivered,on_time,0,False,0.00,USD,operations
tenant_aura,sla_aur_000277,shp_aur_000277,car_aur_northstar,2026-08-24T14:27:00Z,2026-08-23T14:27:00Z,2026-09-21T23:59:59Z,delivered,on_time,0,False,0.00,USD,operations
tenant_aura,sla_aur_000278,shp_aur_000278,car_aur_blueline,2026-08-24T02:46:00Z,2026-08-22T20:46:00Z,2026-09-21T23:59:59Z,delivered,on_time,0,False,0.00,USD,operations
tenant_aura,sla_aur_000279,shp_aur_000279,car_aur_fedex_demo,2026-08-28T06:06:00Z,2026-08-27T18:06:00Z,2026-09-21T23:59:59Z,delivered,on_time,0,False,0.00,USD,operations
tenant_aura,sla_aur_000280,shp_aur_000280,car_aur_northstar,2026-09-21T04:54:00Z,2026-09-20T04:54:00Z,2026-09-21T23:59:59Z,delivered,on_time,0,False,0.00,USD,operations
tenant_aura,sla_aur_000281,shp_aur_000281,car_aur_northstar,2026-09-03T02:16:00Z,2026-09-02T02:16:00Z,2026-09-21T23:59:59Z,delivered,on_time,0,False,0.00,USD,operations
tenant_aura,sla_aur_000282,shp_aur_000282,car_aur_fedex_demo,2026-08-20T13:10:00Z,2026-08-20T01:10:00Z,2026-09-21T23:59:59Z,delivered,on_time,0,False,0.00,USD,operations
tenant_aura,sla_aur_000283,shp_aur_000283,car_aur_northstar,2026-09-10T06:34:00Z,2026-09-09T06:34:00Z,2026-09-21T23:59:59Z,delivered,on_time,0,False,0.00,USD,operations
tenant_aura,sla_aur_000284,shp_aur_000284,car_aur_fedex_demo,2026-08-23T02:29:00Z,2026-08-22T14:29:00Z,2026-09-21T23:59:59Z,delivered,on_time,0,False,0.00,USD,operations
tenant_aura,sla_aur_000285,shp_aur_000285,car_aur_fedex_demo,2026-08-22T18:24:00Z,2026-08-22T06:24:00Z,2026-09-21T23:59:59Z,delivered,on_time,0,False,0.00,USD,operations
tenant_aura,sla_aur_000286,shp_aur_000286,car_aur_fedex_demo,2026-08-19T07:21:00Z,2026-08-20T13:21:00Z,2026-09-21T23:59:59Z,delivered,breached,1800,True,1.56,USD,operations
tenant_aura,sla_aur_000287,shp_aur_000287,car_aur_northstar,2026-09-04T18:29:00Z,2026-09-03T18:29:00Z,2026-09-21T23:59:59Z,delivered,on_time,0,False,0.00,USD,operations
tenant_aura,sla_aur_000288,shp_aur_000288,car_aur_northstar,2026-08-26T04:30:00Z,2026-08-25T04:30:00Z,2026-09-21T23:59:59Z,delivered,on_time,0,False,0.00,USD,operations
tenant_aura,sla_aur_000289,shp_aur_000289,car_aur_blueline,2026-09-23T17:16:00Z,2026-09-21T23:59:59Z,2026-09-21T23:59:59Z,delivered,on_time,0,False,0.00,USD,operations
tenant_aura,sla_aur_000290,shp_aur_000290,car_aur_northstar,2026-09-01T01:59:00Z,2026-08-31T01:59:00Z,2026-09-21T23:59:59Z,delivered,on_time,0,False,0.00,USD,operations
tenant_aura,sla_aur_000291,shp_aur_000291,car_aur_northstar,2026-08-29T10:46:00Z,2026-08-28T10:46:00Z,2026-09-21T23:59:59Z,delivered,on_time,0,False,0.00,USD,operations
tenant_aura,sla_aur_000292,shp_aur_000292,car_aur_blueline,2026-08-26T02:23:00Z,2026-08-24T20:23:00Z,2026-09-21T23:59:59Z,delivered,on_time,0,False,0.00,USD,operations
tenant_aura,sla_aur_000293,shp_aur_000293,car_aur_northstar,2026-08-20T08:20:00Z,2026-08-19T08:20:00Z,2026-09-21T23:59:59Z,delivered,on_time,0,False,0.00,USD,operations
tenant_aura,sla_aur_000294,shp_aur_000294,car_aur_fedex_demo,2026-09-08T08:01:00Z,,2026-09-21T23:59:59Z,as_of_snapshot,breached,19678,False,0.00,USD,operations
tenant_aura,sla_aur_000295,shp_aur_000295,car_aur_blueline,2026-09-20T04:25:00Z,,2026-09-21T23:59:59Z,as_of_snapshot,breached,2614,False,0.00,USD,operations
tenant_aura,sla_aur_000296,shp_aur_000296,car_aur_northstar,2026-09-03T17:23:00Z,2026-09-06T05:23:00Z,2026-09-21T23:59:59Z,delivered,breached,3600,True,1.29,USD,operations
tenant_aura,sla_aur_000297,shp_aur_000297,car_aur_blueline,2026-09-09T01:08:00Z,2026-09-11T11:08:00Z,2026-09-21T23:59:59Z,delivered,breached,3480,True,1.02,USD,operations
tenant_aura,sla_aur_000298,shp_aur_000298,car_aur_fedex_demo,2026-08-16T21:28:00Z,2026-08-16T09:28:00Z,2026-09-21T23:59:59Z,delivered,on_time,0,False,0.00,USD,operations
tenant_aura,sla_aur_000299,shp_aur_000299,car_aur_blueline,2026-09-04T13:42:00Z,2026-09-03T07:42:00Z,2026-09-21T23:59:59Z,delivered,on_time,0,False,0.00,USD,operations
tenant_aura,sla_aur_000300,shp_aur_000300,car_aur_blueline,2026-09-13T16:39:00Z,2026-09-12T10:39:00Z,2026-09-21T23:59:59Z,delivered,on_time,0,False,0.00,USD,operations
tenant_aura,sla_aur_000301,shp_aur_000301,car_aur_blueline,2026-09-14T18:51:00Z,2026-09-13T12:51:00Z,2026-09-21T23:59:59Z,delivered,on_time,0,False,0.00,USD,operations
tenant_aura,sla_aur_000302,shp_aur_000302,car_aur_blueline,2026-09-05T16:15:00Z,2026-09-08T02:15:00Z,2026-09-21T23:59:59Z,delivered,breached,3480,False,0.00,USD,operations
tenant_aura,sla_aur_000303,shp_aur_000303,car_aur_northstar,2026-08-27T22:50:00Z,2026-08-26T22:50:00Z,2026-09-21T23:59:59Z,delivered,on_time,0,False,0.00,USD,operations
tenant_aura,sla_aur_000304,shp_aur_000304,car_aur_northstar,2026-08-31T21:10:00Z,2026-08-30T21:10:00Z,2026-09-21T23:59:59Z,delivered,on_time,0,False,0.00,USD,operations
tenant_aura,sla_aur_000305,shp_aur_000305,car_aur_fedex_demo,2026-09-20T21:54:00Z,2026-09-20T09:54:00Z,2026-09-21T23:59:59Z,delivered,on_time,0,False,0.00,USD,operations
tenant_aura,sla_aur_000306,shp_aur_000306,car_aur_blueline,2026-09-12T10:20:00Z,2026-09-11T04:20:00Z,2026-09-21T23:59:59Z,delivered,on_time,0,False,0.00,USD,operations
tenant_aura,sla_aur_000307,shp_aur_000307,car_aur_fedex_demo,2026-09-12T11:57:00Z,2026-09-13T13:57:00Z,2026-09-21T23:59:59Z,delivered,breached,1560,False,0.00,USD,operations
tenant_aura,sla_aur_000308,shp_aur_000308,car_aur_fedex_demo,2026-09-19T12:55:00Z,2026-09-19T00:55:00Z,2026-09-21T23:59:59Z,delivered,on_time,0,False,0.00,USD,operations
tenant_aura,sla_aur_000309,shp_aur_000309,car_aur_blueline,2026-09-02T12:22:00Z,2026-09-01T06:22:00Z,2026-09-21T23:59:59Z,delivered,on_time,0,False,0.00,USD,operations
tenant_aura,sla_aur_000310,shp_aur_000310,car_aur_blueline,2026-09-17T08:40:00Z,2026-09-16T02:40:00Z,2026-09-21T23:59:59Z,delivered,on_time,0,False,0.00,USD,operations
tenant_aura,sla_aur_000311,shp_aur_000311,car_aur_fedex_demo,2026-09-15T11:28:00Z,2026-09-14T23:28:00Z,2026-09-21T23:59:59Z,delivered,on_time,0,False,0.00,USD,operations
tenant_aura,sla_aur_000312,shp_aur_000312,car_aur_fedex_demo,2026-08-30T09:02:00Z,2026-08-29T21:02:00Z,2026-09-21T23:59:59Z,delivered,on_time,0,False,0.00,USD,operations
tenant_aura,sla_aur_000313,shp_aur_000313,car_aur_fedex_demo,2026-08-18T16:59:00Z,,2026-09-21T23:59:59Z,as_of_snapshot,breached,49380,False,0.00,USD,operations
tenant_aura,sla_aur_000314,shp_aur_000314,car_aur_fedex_demo,2026-08-29T17:43:00Z,2026-08-29T05:43:00Z,2026-09-21T23:59:59Z,delivered,on_time,0,False,0.00,USD,operations
tenant_aura,sla_aur_000315,shp_aur_000315,car_aur_blueline,2026-09-04T16:58:00Z,2026-09-03T10:58:00Z,2026-09-21T23:59:59Z,delivered,on_time,0,False,0.00,USD,operations
tenant_aura,sla_aur_000316,shp_aur_000316,car_aur_northstar,2026-09-12T22:15:00Z,2026-09-11T22:15:00Z,2026-09-21T23:59:59Z,delivered,on_time,0,False,0.00,USD,operations
tenant_aura,sla_aur_000317,shp_aur_000317,car_aur_northstar,2026-09-05T14:56:00Z,2026-09-04T14:56:00Z,2026-09-21T23:59:59Z,delivered,on_time,0,False,0.00,USD,operations
tenant_aura,sla_aur_000318,shp_aur_000318,car_aur_blueline,2026-09-22T06:34:00Z,2026-09-21T00:34:00Z,2026-09-21T23:59:59Z,delivered,on_time,0,False,0.00,USD,operations
tenant_aura,sla_aur_000319,shp_aur_000319,car_aur_fedex_demo,2026-08-14T02:15:00Z,2026-08-13T14:15:00Z,2026-09-21T23:59:59Z,delivered,on_time,0,False,0.00,USD,operations
tenant_aura,sla_aur_000320,shp_aur_000320,car_aur_northstar,2026-09-09T01:55:00Z,2026-09-08T01:55:00Z,2026-09-21T23:59:59Z,delivered,on_time,0,False,0.00,USD,operations
tenant_aura,sla_aur_000321,shp_aur_000321,car_aur_blueline,2026-09-12T05:41:00Z,2026-09-10T23:41:00Z,2026-09-21T23:59:59Z,delivered,on_time,0,False,0.00,USD,operations
tenant_aura,sla_aur_000322,shp_aur_000322,car_aur_northstar,2026-08-21T16:02:00Z,2026-08-20T16:02:00Z,2026-09-21T23:59:59Z,delivered,on_time,0,False,0.00,USD,operations
tenant_aura,sla_aur_000323,shp_aur_000323,car_aur_fedex_demo,2026-09-17T06:51:00Z,2026-09-16T18:51:00Z,2026-09-21T23:59:59Z,delivered,on_time,0,False,0.00,USD,operations
tenant_aura,sla_aur_000324,shp_aur_000324,car_aur_blueline,2026-09-14T03:02:00Z,2026-09-12T21:02:00Z,2026-09-21T23:59:59Z,delivered,on_time,0,False,0.00,USD,operations
tenant_aura,sla_aur_000325,shp_aur_000325,car_aur_northstar,2026-09-22T20:50:00Z,2026-09-21T20:50:00Z,2026-09-21T23:59:59Z,delivered,on_time,0,False,0.00,USD,operations
tenant_aura,sla_aur_000326,shp_aur_000326,car_aur_fedex_demo,2026-08-30T04:57:00Z,2026-08-29T16:57:00Z,2026-09-21T23:59:59Z,delivered,on_time,0,False,0.00,USD,operations
tenant_aura,sla_aur_000327,shp_aur_000327,car_aur_fedex_demo,2026-08-20T11:54:00Z,2026-08-19T23:54:00Z,2026-09-21T23:59:59Z,delivered,on_time,0,False,0.00,USD,operations
tenant_aura,sla_aur_000328,shp_aur_000328,car_aur_blueline,2026-09-12T23:23:00Z,2026-09-11T17:23:00Z,2026-09-21T23:59:59Z,delivered,on_time,0,False,0.00,USD,operations
tenant_aura,sla_aur_000329,shp_aur_000329,car_aur_blueline,2026-08-18T08:10:00Z,2026-08-19T20:10:00Z,2026-09-21T23:59:59Z,delivered,breached,2160,True,1.16,USD,operations
tenant_aura,sla_aur_000330,shp_aur_000330,car_aur_fedex_demo,2026-09-03T05:28:00Z,2026-09-02T17:28:00Z,2026-09-21T23:59:59Z,delivered,on_time,0,False,0.00,USD,operations
tenant_aura,sla_aur_000331,shp_aur_000331,car_aur_fedex_demo,2026-09-14T14:49:00Z,2026-09-16T07:49:00Z,2026-09-21T23:59:59Z,delivered,breached,2460,False,0.00,USD,operations
tenant_aura,sla_aur_000332,shp_aur_000332,car_aur_northstar,2026-09-01T10:56:00Z,2026-08-31T10:56:00Z,2026-09-21T23:59:59Z,delivered,on_time,0,False,0.00,USD,operations
tenant_aura,sla_aur_000333,shp_aur_000333,car_aur_fedex_demo,2026-09-08T03:04:00Z,2026-09-07T15:04:00Z,2026-09-21T23:59:59Z,delivered,on_time,0,False,0.00,USD,operations
tenant_aura,sla_aur_000334,shp_aur_000334,car_aur_blueline,2026-09-21T01:53:00Z,2026-09-19T19:53:00Z,2026-09-21T23:59:59Z,delivered,on_time,0,False,0.00,USD,operations
tenant_aura,sla_aur_000335,shp_aur_000335,car_aur_blueline,2026-08-19T15:40:00Z,2026-08-18T09:40:00Z,2026-09-21T23:59:59Z,delivered,on_time,0,False,0.00,USD,operations
tenant_aura,sla_aur_000336,shp_aur_000336,car_aur_blueline,2026-08-26T21:34:00Z,,2026-09-21T23:59:59Z,as_of_snapshot,breached,37585,True,1.43,USD,operations
tenant_aura,sla_aur_000337,shp_aur_000337,car_aur_northstar,2026-08-29T18:17:00Z,2026-08-30T14:17:00Z,2026-09-21T23:59:59Z,delivered,breached,1200,False,0.00,USD,operations
tenant_aura,sla_aur_000338,shp_aur_000338,car_aur_northstar,2026-08-29T03:38:00Z,,2026-09-21T23:59:59Z,as_of_snapshot,breached,34341,False,0.00,USD,operations
tenant_aura,sla_aur_000339,shp_aur_000339,car_aur_blueline,2026-09-14T08:59:00Z,2026-09-13T02:59:00Z,2026-09-21T23:59:59Z,delivered,on_time,0,False,0.00,USD,operations
tenant_aura,sla_aur_000340,shp_aur_000340,car_aur_fedex_demo,2026-09-06T21:35:00Z,2026-09-07T22:35:00Z,2026-09-21T23:59:59Z,delivered,breached,1500,False,0.00,USD,operations
tenant_aura,sla_aur_000341,shp_aur_000341,car_aur_blueline,2026-09-12T10:17:00Z,2026-09-11T04:17:00Z,2026-09-21T23:59:59Z,delivered,on_time,0,False,0.00,USD,operations
tenant_aura,sla_aur_000342,shp_aur_000342,car_aur_fedex_demo,2026-08-13T15:50:00Z,2026-08-15T23:50:00Z,2026-09-21T23:59:59Z,delivered,breached,3360,True,1.02,USD,operations
tenant_aura,sla_aur_000343,shp_aur_000343,car_aur_northstar,2026-08-30T22:31:00Z,2026-08-29T22:31:00Z,2026-09-21T23:59:59Z,delivered,on_time,0,False,0.00,USD,operations
tenant_aura,sla_aur_000344,shp_aur_000344,car_aur_northstar,2026-09-13T19:58:00Z,2026-09-12T19:58:00Z,2026-09-21T23:59:59Z,delivered,on_time,0,False,0.00,USD,operations
tenant_aura,sla_aur_000345,shp_aur_000345,car_aur_blueline,2026-08-29T00:18:00Z,2026-08-27T18:18:00Z,2026-09-21T23:59:59Z,delivered,on_time,0,False,0.00,USD,operations
tenant_aura,sla_aur_000346,shp_aur_000346,car_aur_blueline,2026-08-26T03:08:00Z,2026-08-27T00:08:00Z,2026-09-21T23:59:59Z,delivered,breached,1260,False,0.00,USD,operations
tenant_aura,sla_aur_000347,shp_aur_000347,car_aur_blueline,2026-09-18T17:51:00Z,2026-09-17T11:51:00Z,2026-09-21T23:59:59Z,delivered,on_time,0,False,0.00,USD,operations
tenant_aura,sla_aur_000348,shp_aur_000348,car_aur_northstar,2026-09-12T20:20:00Z,2026-09-11T20:20:00Z,2026-09-21T23:59:59Z,delivered,on_time,0,False,0.00,USD,operations
tenant_aura,sla_aur_000349,shp_aur_000349,car_aur_blueline,2026-09-03T05:46:00Z,2026-09-01T23:46:00Z,2026-09-21T23:59:59Z,delivered,on_time,0,False,0.00,USD,operations
tenant_aura,sla_aur_000350,shp_aur_000350,car_aur_fedex_demo,2026-09-15T05:21:00Z,2026-09-14T17:21:00Z,2026-09-21T23:59:59Z,delivered,on_time,0,False,0.00,USD,operations
tenant_aura,sla_aur_000351,shp_aur_000351,car_aur_fedex_demo,2026-08-27T06:29:00Z,2026-08-26T18:29:00Z,2026-09-21T23:59:59Z,delivered,on_time,0,False,0.00,USD,operations
tenant_aura,sla_aur_000352,shp_aur_000352,car_aur_northstar,2026-09-11T04:46:00Z,2026-09-10T04:46:00Z,2026-09-21T23:59:59Z,delivered,on_time,0,False,0.00,USD,operations
tenant_aura,sla_aur_000353,shp_aur_000353,car_aur_northstar,2026-09-21T01:18:00Z,2026-09-20T01:18:00Z,2026-09-21T23:59:59Z,delivered,on_time,0,False,0.00,USD,operations
tenant_aura,sla_aur_000354,shp_aur_000354,car_aur_blueline,2026-09-26T02:32:00Z,2026-09-21T23:59:59Z,2026-09-21T23:59:59Z,delivered,on_time,0,False,0.00,USD,operations
tenant_aura,sla_aur_000355,shp_aur_000355,car_aur_blueline,2026-09-01T18:45:00Z,2026-08-31T12:45:00Z,2026-09-21T23:59:59Z,delivered,on_time,0,False,0.00,USD,operations
tenant_aura,sla_aur_000356,shp_aur_000356,car_aur_fedex_demo,2026-08-16T02:57:00Z,2026-08-15T14:57:00Z,2026-09-21T23:59:59Z,delivered,on_time,0,False,0.00,USD,operations
tenant_aura,sla_aur_000357,shp_aur_000357,car_aur_blueline,2026-09-25T15:22:00Z,2026-09-21T23:59:59Z,2026-09-21T23:59:59Z,delivered,on_time,0,False,0.00,USD,operations
tenant_aura,sla_aur_000358,shp_aur_000358,car_aur_blueline,2026-09-20T03:34:00Z,2026-09-18T21:34:00Z,2026-09-21T23:59:59Z,delivered,on_time,0,False,0.00,USD,operations
tenant_aura,sla_aur_000359,shp_aur_000359,car_aur_blueline,2026-08-18T10:20:00Z,2026-08-17T04:20:00Z,2026-09-21T23:59:59Z,delivered,on_time,0,False,0.00,USD,operations
tenant_aura,sla_aur_000360,shp_aur_000360,car_aur_fedex_demo,2026-09-15T15:57:00Z,2026-09-16T18:57:00Z,2026-09-21T23:59:59Z,delivered,breached,1620,False,0.00,USD,operations
tenant_aura,sla_aur_000361,shp_aur_000361,car_aur_fedex_demo,2026-08-27T15:18:00Z,,2026-09-21T23:59:59Z,as_of_snapshot,breached,36521,False,0.00,USD,operations
tenant_aura,sla_aur_000362,shp_aur_000362,car_aur_northstar,2026-09-13T11:43:00Z,2026-09-12T11:43:00Z,2026-09-21T23:59:59Z,delivered,on_time,0,False,0.00,USD,operations
tenant_aura,sla_aur_000363,shp_aur_000363,car_aur_blueline,2026-09-07T05:31:00Z,2026-09-05T23:31:00Z,2026-09-21T23:59:59Z,delivered,on_time,0,False,0.00,USD,operations
tenant_aura,sla_aur_000364,shp_aur_000364,car_aur_fedex_demo,2026-09-09T07:11:00Z,2026-09-08T19:11:00Z,2026-09-21T23:59:59Z,delivered,on_time,0,False,0.00,USD,operations
tenant_aura,sla_aur_000365,shp_aur_000365,car_aur_northstar,2026-08-31T06:10:00Z,2026-08-31T17:10:00Z,2026-09-21T23:59:59Z,delivered,breached,660,True,1.43,USD,operations
tenant_aura,sla_aur_000366,shp_aur_000366,car_aur_blueline,2026-09-15T21:06:00Z,,2026-09-21T23:59:59Z,as_of_snapshot,breached,8813,False,0.00,USD,operations
tenant_aura,sla_aur_000367,shp_aur_000367,car_aur_northstar,2026-08-17T08:03:00Z,2026-08-19T15:03:00Z,2026-09-21T23:59:59Z,delivered,breached,3300,True,1.29,USD,operations
tenant_aura,sla_aur_000368,shp_aur_000368,car_aur_blueline,2026-08-18T06:54:00Z,,2026-09-21T23:59:59Z,as_of_snapshot,breached,49985,False,0.00,USD,operations
tenant_aura,sla_aur_000369,shp_aur_000369,car_aur_fedex_demo,2026-09-09T03:20:00Z,2026-09-08T15:20:00Z,2026-09-21T23:59:59Z,delivered,on_time,0,False,0.00,USD,operations
tenant_aura,sla_aur_000370,shp_aur_000370,car_aur_fedex_demo,2026-08-18T16:40:00Z,2026-08-18T04:40:00Z,2026-09-21T23:59:59Z,delivered,on_time,0,False,0.00,USD,operations
tenant_aura,sla_aur_000371,shp_aur_000371,car_aur_fedex_demo,2026-08-17T18:30:00Z,,2026-09-21T23:59:59Z,as_of_snapshot,breached,50729,False,0.00,USD,operations
tenant_aura,sla_aur_000372,shp_aur_000372,car_aur_fedex_demo,2026-08-19T09:36:00Z,2026-08-18T21:36:00Z,2026-09-21T23:59:59Z,delivered,on_time,0,False,0.00,USD,operations
tenant_aura,sla_aur_000373,shp_aur_000373,car_aur_blueline,2026-08-25T10:19:00Z,2026-08-24T04:19:00Z,2026-09-21T23:59:59Z,delivered,on_time,0,False,0.00,USD,operations
tenant_aura,sla_aur_000374,shp_aur_000374,car_aur_blueline,2026-09-18T16:23:00Z,2026-09-17T10:23:00Z,2026-09-21T23:59:59Z,delivered,on_time,0,False,0.00,USD,operations
tenant_aura,sla_aur_000375,shp_aur_000375,car_aur_fedex_demo,2026-09-13T14:58:00Z,2026-09-13T02:58:00Z,2026-09-21T23:59:59Z,delivered,on_time,0,False,0.00,USD,operations
tenant_aura,sla_aur_000376,shp_aur_000376,car_aur_blueline,2026-09-04T00:12:00Z,2026-09-05T04:12:00Z,2026-09-21T23:59:59Z,delivered,breached,1680,True,1.43,USD,operations
tenant_aura,sla_aur_000377,shp_aur_000377,car_aur_northstar,2026-08-25T17:07:00Z,2026-08-24T17:07:00Z,2026-09-21T23:59:59Z,delivered,on_time,0,False,0.00,USD,operations
tenant_aura,sla_aur_000378,shp_aur_000378,car_aur_northstar,2026-08-21T06:55:00Z,2026-08-20T06:55:00Z,2026-09-21T23:59:59Z,delivered,on_time,0,False,0.00,USD,operations
tenant_aura,sla_aur_000379,shp_aur_000379,car_aur_blueline,2026-09-24T14:16:00Z,2026-09-21T23:59:59Z,2026-09-21T23:59:59Z,delivered,on_time,0,False,0.00,USD,operations
tenant_aura,sla_aur_000380,shp_aur_000380,car_aur_fedex_demo,2026-08-22T22:53:00Z,2026-08-23T17:53:00Z,2026-09-21T23:59:59Z,delivered,breached,1140,False,0.00,USD,operations
tenant_aura,sla_aur_000381,shp_aur_000381,car_aur_fedex_demo,2026-09-20T08:27:00Z,2026-09-21T23:59:59Z,2026-09-21T23:59:59Z,delivered,breached,2372,False,0.00,USD,operations
tenant_aura,sla_aur_000382,shp_aur_000382,car_aur_fedex_demo,2026-09-22T00:29:00Z,2026-09-21T23:59:59Z,2026-09-21T23:59:59Z,delivered,on_time,0,False,0.00,USD,operations
tenant_aura,sla_aur_000383,shp_aur_000383,car_aur_northstar,2026-09-20T16:56:00Z,2026-09-21T10:56:00Z,2026-09-21T23:59:59Z,delivered,breached,1080,True,1.16,USD,operations
tenant_aura,sla_aur_000384,shp_aur_000384,car_aur_northstar,2026-09-19T13:15:00Z,2026-09-20T09:15:00Z,2026-09-21T23:59:59Z,delivered,breached,1200,False,0.00,USD,operations
tenant_aura,sla_aur_000385,shp_aur_000385,car_aur_blueline,2026-09-21T21:12:00Z,2026-09-20T15:12:00Z,2026-09-21T23:59:59Z,delivered,on_time,0,False,0.00,USD,operations
tenant_aura,sla_aur_000386,shp_aur_000386,car_aur_northstar,2026-08-23T10:31:00Z,2026-08-22T10:31:00Z,2026-09-21T23:59:59Z,delivered,on_time,0,False,0.00,USD,operations
tenant_aura,sla_aur_000387,shp_aur_000387,car_aur_blueline,2026-09-20T03:58:00Z,2026-09-18T21:58:00Z,2026-09-21T23:59:59Z,delivered,on_time,0,False,0.00,USD,operations
tenant_aura,sla_aur_000388,shp_aur_000388,car_aur_fedex_demo,2026-08-20T00:10:00Z,2026-08-19T12:10:00Z,2026-09-21T23:59:59Z,delivered,on_time,0,False,0.00,USD,operations
tenant_aura,sla_aur_000389,shp_aur_000389,car_aur_blueline,2026-09-02T23:29:00Z,2026-09-01T17:29:00Z,2026-09-21T23:59:59Z,delivered,on_time,0,False,0.00,USD,operations
tenant_aura,sla_aur_000390,shp_aur_000390,car_aur_blueline,2026-09-14T04:41:00Z,2026-09-12T22:41:00Z,2026-09-21T23:59:59Z,delivered,on_time,0,False,0.00,USD,operations
tenant_aura,sla_aur_000391,shp_aur_000391,car_aur_fedex_demo,2026-09-01T08:54:00Z,2026-08-31T20:54:00Z,2026-09-21T23:59:59Z,delivered,on_time,0,False,0.00,USD,operations
tenant_aura,sla_aur_000392,shp_aur_000392,car_aur_fedex_demo,2026-08-24T09:15:00Z,2026-08-23T21:15:00Z,2026-09-21T23:59:59Z,delivered,on_time,0,False,0.00,USD,operations
tenant_aura,sla_aur_000393,shp_aur_000393,car_aur_blueline,2026-09-16T04:27:00Z,2026-09-14T22:27:00Z,2026-09-21T23:59:59Z,delivered,on_time,0,False,0.00,USD,operations
tenant_aura,sla_aur_000394,shp_aur_000394,car_aur_fedex_demo,2026-09-02T01:59:00Z,2026-09-01T13:59:00Z,2026-09-21T23:59:59Z,delivered,on_time,0,False,0.00,USD,operations
tenant_aura,sla_aur_000395,shp_aur_000395,car_aur_fedex_demo,2026-08-25T10:26:00Z,2026-08-26T01:26:00Z,2026-09-21T23:59:59Z,delivered,breached,900,False,0.00,USD,operations
tenant_aura,sla_aur_000396,shp_aur_000396,car_aur_fedex_demo,2026-09-08T05:25:00Z,2026-09-07T17:25:00Z,2026-09-21T23:59:59Z,delivered,on_time,0,False,0.00,USD,operations
tenant_aura,sla_aur_000397,shp_aur_000397,car_aur_northstar,2026-09-01T20:41:00Z,2026-08-31T20:41:00Z,2026-09-21T23:59:59Z,delivered,on_time,0,False,0.00,USD,operations
tenant_aura,sla_aur_000398,shp_aur_000398,car_aur_northstar,2026-08-22T16:37:00Z,2026-08-21T16:37:00Z,2026-09-21T23:59:59Z,delivered,on_time,0,False,0.00,USD,operations
tenant_aura,sla_aur_000399,shp_aur_000399,car_aur_northstar,2026-09-04T07:31:00Z,2026-09-03T07:31:00Z,2026-09-21T23:59:59Z,delivered,on_time,0,False,0.00,USD,operations
tenant_aura,sla_aur_000400,shp_aur_000400,car_aur_blueline,2026-09-04T21:09:00Z,2026-09-03T15:09:00Z,2026-09-21T23:59:59Z,delivered,on_time,0,False,0.00,USD,operations
tenant_aura,sla_aur_000401,shp_aur_000401,car_aur_northstar,2026-09-03T22:24:00Z,2026-09-04T12:24:00Z,2026-09-21T23:59:59Z,delivered,breached,840,True,1.16,USD,operations
tenant_aura,sla_aur_000402,shp_aur_000402,car_aur_fedex_demo,2026-09-10T09:51:00Z,2026-09-11T11:51:00Z,2026-09-21T23:59:59Z,delivered,breached,1560,False,0.00,USD,operations
tenant_aura,sla_aur_000403,shp_aur_000403,car_aur_northstar,2026-08-24T22:08:00Z,2026-08-26T13:08:00Z,2026-09-21T23:59:59Z,delivered,breached,2340,True,1.02,USD,operations
tenant_aura,sla_aur_000404,shp_aur_000404,car_aur_northstar,2026-09-09T18:56:00Z,2026-09-08T18:56:00Z,2026-09-21T23:59:59Z,delivered,on_time,0,False,0.00,USD,operations
tenant_aura,sla_aur_000405,shp_aur_000405,car_aur_northstar,2026-08-19T10:39:00Z,2026-08-18T10:39:00Z,2026-09-21T23:59:59Z,delivered,on_time,0,False,0.00,USD,operations
tenant_aura,sla_aur_000406,shp_aur_000406,car_aur_fedex_demo,2026-09-06T02:34:00Z,2026-09-08T13:34:00Z,2026-09-21T23:59:59Z,delivered,breached,3540,True,1.70,USD,operations
tenant_aura,sla_aur_000407,shp_aur_000407,car_aur_fedex_demo,2026-08-16T17:23:00Z,,2026-09-21T23:59:59Z,as_of_snapshot,breached,52236,False,0.00,USD,operations
tenant_aura,sla_aur_000408,shp_aur_000408,car_aur_blueline,2026-08-20T18:25:00Z,2026-08-19T12:25:00Z,2026-09-21T23:59:59Z,delivered,on_time,0,False,0.00,USD,operations
tenant_aura,sla_aur_000409,shp_aur_000409,car_aur_northstar,2026-09-17T17:56:00Z,2026-09-19T13:56:00Z,2026-09-21T23:59:59Z,delivered,breached,2640,True,1.02,USD,operations
tenant_aura,sla_aur_000410,shp_aur_000410,car_aur_fedex_demo,2026-09-02T08:28:00Z,2026-09-01T20:28:00Z,2026-09-21T23:59:59Z,delivered,on_time,0,False,0.00,USD,operations
tenant_aura,sla_aur_000411,shp_aur_000411,car_aur_blueline,2026-08-21T08:56:00Z,2026-08-20T02:56:00Z,2026-09-21T23:59:59Z,delivered,on_time,0,False,0.00,USD,operations
tenant_aura,sla_aur_000412,shp_aur_000412,car_aur_northstar,2026-09-17T23:48:00Z,2026-09-20T10:48:00Z,2026-09-21T23:59:59Z,delivered,breached,3540,True,0.89,USD,operations
tenant_aura,sla_aur_000413,shp_aur_000413,car_aur_blueline,2026-08-20T07:20:00Z,2026-08-19T01:20:00Z,2026-09-21T23:59:59Z,delivered,on_time,0,False,0.00,USD,operations
tenant_aura,sla_aur_000414,shp_aur_000414,car_aur_blueline,2026-09-15T23:09:00Z,2026-09-14T17:09:00Z,2026-09-21T23:59:59Z,delivered,on_time,0,False,0.00,USD,operations
tenant_aura,sla_aur_000415,shp_aur_000415,car_aur_fedex_demo,2026-08-23T05:06:00Z,2026-08-22T17:06:00Z,2026-09-21T23:59:59Z,delivered,on_time,0,False,0.00,USD,operations
tenant_aura,sla_aur_000416,shp_aur_000416,car_aur_fedex_demo,2026-08-23T00:08:00Z,,2026-09-21T23:59:59Z,as_of_snapshot,breached,43191,False,0.00,USD,operations
tenant_aura,sla_aur_000417,shp_aur_000417,car_aur_fedex_demo,2026-09-05T19:22:00Z,,2026-09-21T23:59:59Z,as_of_snapshot,breached,23317,False,0.00,USD,operations
tenant_aura,sla_aur_000418,shp_aur_000418,car_aur_blueline,2026-09-16T18:12:00Z,2026-09-15T12:12:00Z,2026-09-21T23:59:59Z,delivered,on_time,0,False,0.00,USD,operations
tenant_aura,sla_aur_000419,shp_aur_000419,car_aur_fedex_demo,2026-09-04T01:51:00Z,2026-09-03T13:51:00Z,2026-09-21T23:59:59Z,delivered,on_time,0,False,0.00,USD,operations
tenant_aura,sla_aur_000420,shp_aur_000420,car_aur_northstar,2026-09-15T20:08:00Z,2026-09-14T20:08:00Z,2026-09-21T23:59:59Z,delivered,on_time,0,False,0.00,USD,operations
tenant_aura,sla_aur_000421,shp_aur_000421,car_aur_blueline,2026-09-21T00:15:00Z,2026-09-19T18:15:00Z,2026-09-21T23:59:59Z,delivered,on_time,0,False,0.00,USD,operations
tenant_aura,sla_aur_000422,shp_aur_000422,car_aur_fedex_demo,2026-08-15T18:48:00Z,2026-08-15T06:48:00Z,2026-09-21T23:59:59Z,delivered,on_time,0,False,0.00,USD,operations
tenant_aura,sla_aur_000423,shp_aur_000423,car_aur_blueline,2026-09-05T14:17:00Z,2026-09-07T23:17:00Z,2026-09-21T23:59:59Z,delivered,breached,3420,True,1.29,USD,operations
tenant_aura,sla_aur_000424,shp_aur_000424,car_aur_fedex_demo,2026-08-15T11:08:00Z,,2026-09-21T23:59:59Z,as_of_snapshot,breached,54051,False,0.00,USD,operations
tenant_aura,sla_aur_000425,shp_aur_000425,car_aur_northstar,2026-09-10T13:28:00Z,2026-09-11T16:28:00Z,2026-09-21T23:59:59Z,delivered,breached,1620,True,1.16,USD,operations
tenant_aura,sla_aur_000426,shp_aur_000426,car_aur_fedex_demo,2026-09-20T18:26:00Z,2026-09-20T06:26:00Z,2026-09-21T23:59:59Z,delivered,on_time,0,False,0.00,USD,operations
tenant_aura,sla_aur_000427,shp_aur_000427,car_aur_blueline,2026-09-05T09:33:00Z,2026-09-04T03:33:00Z,2026-09-21T23:59:59Z,delivered,on_time,0,False,0.00,USD,operations
tenant_aura,sla_aur_000428,shp_aur_000428,car_aur_blueline,2026-09-10T00:08:00Z,2026-09-11T08:08:00Z,2026-09-21T23:59:59Z,delivered,breached,1920,True,0.89,USD,operations
tenant_aura,sla_aur_000429,shp_aur_000429,car_aur_blueline,2026-09-14T20:53:00Z,2026-09-13T14:53:00Z,2026-09-21T23:59:59Z,delivered,on_time,0,False,0.00,USD,operations
tenant_aura,sla_aur_000430,shp_aur_000430,car_aur_fedex_demo,2026-08-15T07:33:00Z,2026-08-14T19:33:00Z,2026-09-21T23:59:59Z,delivered,on_time,0,False,0.00,USD,operations
tenant_aura,sla_aur_000431,shp_aur_000431,car_aur_blueline,2026-08-30T14:14:00Z,2026-09-01T17:14:00Z,2026-09-21T23:59:59Z,delivered,breached,3060,True,0.89,USD,operations
tenant_aura,sla_aur_000432,shp_aur_000432,car_aur_fedex_demo,2026-09-15T18:38:00Z,2026-09-15T06:38:00Z,2026-09-21T23:59:59Z,delivered,on_time,0,False,0.00,USD,operations
tenant_aura,sla_aur_000433,shp_aur_000433,car_aur_fedex_demo,2026-09-19T04:25:00Z,2026-09-18T16:25:00Z,2026-09-21T23:59:59Z,delivered,on_time,0,False,0.00,USD,operations
tenant_aura,sla_aur_000434,shp_aur_000434,car_aur_blueline,2026-09-14T09:29:00Z,2026-09-13T03:29:00Z,2026-09-21T23:59:59Z,delivered,on_time,0,False,0.00,USD,operations
tenant_aura,sla_aur_000435,shp_aur_000435,car_aur_fedex_demo,2026-09-15T06:59:00Z,2026-09-14T18:59:00Z,2026-09-21T23:59:59Z,delivered,on_time,0,False,0.00,USD,operations
tenant_aura,sla_aur_000436,shp_aur_000436,car_aur_blueline,2026-09-10T11:59:59Z,2026-09-09T05:59:59Z,2026-09-21T23:59:59Z,delivered,on_time,0,False,0.00,USD,operations
tenant_aura,sla_aur_000437,shp_aur_000437,car_aur_blueline,2026-09-19T11:59:59Z,2026-09-18T05:59:59Z,2026-09-21T23:59:59Z,delivered,on_time,0,False,0.00,USD,operations
tenant_aura,sla_aur_000438,shp_aur_000438,car_aur_fedex_demo,2026-09-13T11:59:59Z,2026-09-12T23:59:59Z,2026-09-21T23:59:59Z,delivered,on_time,0,False,0.00,USD,operations
tenant_aura,sla_aur_000439,shp_aur_000439,car_aur_fedex_demo,2026-09-08T11:59:59Z,2026-09-07T23:59:59Z,2026-09-21T23:59:59Z,delivered,on_time,0,False,0.00,USD,operations
tenant_aura,sla_aur_000440,shp_aur_000440,car_aur_fedex_demo,2026-09-08T11:59:59Z,,2026-09-21T23:59:59Z,as_of_snapshot,breached,19440,False,0.00,USD,operations
tenant_aura,sla_aur_000441,shp_aur_000441,car_aur_fedex_demo,2026-09-10T11:59:59Z,,2026-09-21T23:59:59Z,as_of_snapshot,breached,16560,False,0.00,USD,operations
tenant_aura,sla_aur_000442,shp_aur_000442,car_aur_fedex_demo,2026-09-08T11:59:59Z,2026-09-07T23:59:59Z,2026-09-21T23:59:59Z,delivered,on_time,0,False,0.00,USD,operations
tenant_aura,sla_aur_000443,shp_aur_000443,car_aur_fedex_demo,2026-09-11T11:59:59Z,,2026-09-21T23:59:59Z,as_of_snapshot,breached,15120,False,0.00,USD,operations
tenant_aura,sla_aur_000444,shp_aur_000444,car_aur_blueline,2026-09-16T11:59:59Z,,2026-09-21T23:59:59Z,as_of_snapshot,breached,7920,False,0.00,USD,operations
tenant_aura,sla_aur_000445,shp_aur_000445,car_aur_fedex_demo,2026-09-06T11:59:59Z,,2026-09-21T23:59:59Z,as_of_snapshot,breached,22320,False,0.00,USD,operations
tenant_aura,sla_aur_000446,shp_aur_000446,car_aur_northstar,2026-09-13T11:59:59Z,2026-09-14T07:59:59Z,2026-09-21T23:59:59Z,delivered,breached,1200,False,0.00,USD,operations
tenant_aura,sla_aur_000447,shp_aur_000447,car_aur_northstar,2026-09-23T11:59:59Z,2026-09-21T23:59:59Z,2026-09-21T23:59:59Z,delivered,on_time,0,False,0.00,USD,operations
tenant_aura,sla_aur_000448,shp_aur_000448,car_aur_blueline,2026-09-21T11:59:59Z,2026-09-20T05:59:59Z,2026-09-21T23:59:59Z,delivered,on_time,0,False,0.00,USD,operations
tenant_aura,sla_aur_000449,shp_aur_000449,car_aur_northstar,2026-09-14T11:59:59Z,2026-09-15T02:59:59Z,2026-09-21T23:59:59Z,delivered,breached,900,False,0.00,USD,operations
tenant_aura,sla_aur_000450,shp_aur_000450,car_aur_blueline,2026-09-17T11:59:59Z,2026-09-16T05:59:59Z,2026-09-21T23:59:59Z,delivered,on_time,0,False,0.00,USD,operations
tenant_aura,sla_aur_000451,shp_aur_000451,car_aur_northstar,2026-09-11T11:59:59Z,2026-09-10T11:59:59Z,2026-09-21T23:59:59Z,delivered,on_time,0,False,0.00,USD,operations
tenant_aura,sla_aur_000452,shp_aur_000452,car_aur_blueline,2026-09-17T11:59:59Z,2026-09-16T05:59:59Z,2026-09-21T23:59:59Z,delivered,on_time,0,False,0.00,USD,operations
tenant_aura,sla_aur_000453,shp_aur_000453,car_aur_fedex_demo,2026-09-18T11:59:59Z,,2026-09-21T23:59:59Z,as_of_snapshot,breached,5040,False,0.00,USD,operations
tenant_aura,sla_aur_000454,shp_aur_000454,car_aur_fedex_demo,2026-09-12T11:59:59Z,,2026-09-21T23:59:59Z,as_of_snapshot,breached,13680,False,0.00,USD,operations
tenant_aura,sla_aur_000455,shp_aur_000455,car_aur_fedex_demo,2026-09-08T11:59:59Z,,2026-09-21T23:59:59Z,as_of_snapshot,breached,19440,False,0.00,USD,operations
tenant_aura,sla_aur_000456,shp_aur_000456,car_aur_fedex_demo,2026-09-17T11:59:59Z,,2026-09-21T23:59:59Z,as_of_snapshot,breached,6480,False,0.00,USD,operations
tenant_aura,sla_aur_000457,shp_aur_000457,car_aur_fedex_demo,2026-09-15T11:59:59Z,,2026-09-21T23:59:59Z,as_of_snapshot,breached,9360,True,9.61,USD,operations
tenant_aura,sla_aur_000458,shp_aur_000458,car_aur_blueline,2026-09-12T11:59:59Z,,2026-09-21T23:59:59Z,as_of_snapshot,breached,13680,True,11.05,USD,operations
tenant_aura,sla_aur_000459,shp_aur_000459,car_aur_northstar,2026-09-14T11:59:59Z,,2026-09-21T23:59:59Z,as_of_snapshot,breached,10800,False,0.00,USD,operations
