tenant_id,manifest_entry_id,shipment_id,carrier_id,tracking_number,service_level,reported_weight_kg,base_charge_amount,fuel_surcharge_amount,reported_charge_amount,currency_code,manifest_date,delivery_status,sensitivity
tenant_aura,mft_aur_000001,shp_aur_000001,car_aur_northstar,TRK-AUR-00000001,standard,3.250,12.72,1.53,14.25,USD,2026-08-23T05:39:00Z,delivered,operations
tenant_aura,mft_aur_000002,shp_aur_000002,car_aur_northstar,TRK-AUR-00000002,standard,3.900,13.93,1.67,15.60,USD,2026-08-18T09:02:00Z,delivered,operations
tenant_aura,mft_aur_000003,shp_aur_000003,car_aur_fedex_demo,TRK-AUR-00000003,expedited,1.300,9.11,1.09,10.20,USD,2026-09-04T08:01:00Z,delivered,operations
tenant_aura,mft_aur_000004,shp_aur_000004,car_aur_blueline,TRK-AUR-00000004,standard,5.200,16.34,1.96,18.30,USD,2026-09-10T16:10:00Z,in_transit,operations
tenant_aura,mft_aur_000005,shp_aur_000005,car_aur_northstar,TRK-AUR-00000005,standard,1.300,9.11,1.09,10.20,USD,2026-09-15T17:38:00Z,delivered,operations
tenant_aura,mft_aur_000006,shp_aur_000006,car_aur_blueline,TRK-AUR-00000006,standard,1.300,9.11,1.09,10.20,USD,2026-08-27T07:03:00Z,delivered,operations
tenant_aura,mft_aur_000007,shp_aur_000007,car_aur_northstar,TRK-AUR-00000007,standard,2.600,11.52,1.38,12.90,USD,2026-09-06T04:28:00Z,delivered,operations
tenant_aura,mft_aur_000008,shp_aur_000008,car_aur_fedex_demo,TRK-AUR-00000008,expedited,3.900,13.93,1.67,15.60,USD,2026-08-15T11:13:00Z,delivered,operations
tenant_aura,mft_aur_000009,shp_aur_000009,car_aur_northstar,TRK-AUR-00000009,standard,0.650,7.90,0.95,8.85,USD,2026-09-07T23:12:00Z,delivered,operations
tenant_aura,mft_aur_000010,shp_aur_000010,car_aur_northstar,TRK-AUR-00000010,standard,1.300,9.11,1.09,10.20,USD,2026-09-20T12:22:00Z,delivered,operations
tenant_aura,mft_aur_000011,shp_aur_000011,car_aur_northstar,TRK-AUR-00000011,standard,3.250,12.72,1.53,14.25,USD,2026-08-17T22:48:00Z,delivered,operations
tenant_aura,mft_aur_000012,shp_aur_000012,car_aur_fedex_demo,TRK-AUR-00000012,expedited,3.250,12.72,1.53,14.25,USD,2026-08-28T16:35:00Z,delivered,operations
tenant_aura,mft_aur_000013,shp_aur_000013,car_aur_northstar,TRK-AUR-00000013,standard,1.950,10.31,1.24,11.55,USD,2026-09-05T05:42:00Z,delayed,operations
tenant_aura,mft_aur_000014,shp_aur_000014,car_aur_fedex_demo,TRK-AUR-00000014,expedited,3.900,13.93,1.67,15.60,USD,2026-09-09T22:08:00Z,delivered,operations
tenant_aura,mft_aur_000015,shp_aur_000015,car_aur_northstar,TRK-AUR-00000015,standard,4.550,15.13,1.82,16.95,USD,2026-09-12T00:49:00Z,delivered,operations
tenant_aura,mft_aur_000016,shp_aur_000016,car_aur_northstar,TRK-AUR-00000016,standard,1.300,9.11,1.09,10.20,USD,2026-08-17T05:43:00Z,delivered,operations
tenant_aura,mft_aur_000017,shp_aur_000017,car_aur_northstar,TRK-AUR-00000017,standard,3.900,13.93,1.67,15.60,USD,2026-09-08T06:11:00Z,in_transit,operations
tenant_aura,mft_aur_000018,shp_aur_000018,car_aur_northstar,TRK-AUR-00000018,standard,1.300,9.11,1.09,10.20,USD,2026-08-24T14:50:00Z,delivered,operations
tenant_aura,mft_aur_000019,shp_aur_000019,car_aur_fedex_demo,TRK-AUR-00000019,expedited,3.900,13.93,1.67,15.60,USD,2026-09-09T04:40:00Z,delivered,operations
tenant_aura,mft_aur_000020,shp_aur_000020,car_aur_fedex_demo,TRK-AUR-00000020,expedited,3.900,13.93,1.67,15.60,USD,2026-09-04T15:01:00Z,delayed,operations
tenant_aura,mft_aur_000021,shp_aur_000021,car_aur_fedex_demo,TRK-AUR-00000021,expedited,7.150,19.96,2.39,22.35,USD,2026-08-29T21:05:00Z,delayed,operations
tenant_aura,mft_aur_000022,shp_aur_000022,car_aur_blueline,TRK-AUR-00000022,standard,1.950,10.31,1.24,11.55,USD,2026-08-15T16:06:00Z,delivered,operations
tenant_aura,mft_aur_000023,shp_aur_000023,car_aur_blueline,TRK-AUR-00000023,standard,1.300,9.11,1.09,10.20,USD,2026-09-13T05:23:00Z,delivered,operations
tenant_aura,mft_aur_000024,shp_aur_000024,car_aur_fedex_demo,TRK-AUR-00000024,expedited,2.600,11.52,1.38,12.90,USD,2026-09-18T01:22:00Z,delivered,operations
tenant_aura,mft_aur_000025,shp_aur_000025,car_aur_blueline,TRK-AUR-00000025,standard,4.550,15.13,1.82,16.95,USD,2026-09-11T10:19:00Z,in_transit,operations
tenant_aura,mft_aur_000026,shp_aur_000026,car_aur_blueline,TRK-AUR-00000026,standard,2.600,11.52,1.38,12.90,USD,2026-09-16T19:25:00Z,delivered,operations
tenant_aura,mft_aur_000027,shp_aur_000027,car_aur_northstar,TRK-AUR-00000027,standard,1.300,9.11,1.09,10.20,USD,2026-09-19T16:12:00Z,in_transit,operations
tenant_aura,mft_aur_000028,shp_aur_000028,car_aur_northstar,TRK-AUR-00000028,standard,1.950,10.31,1.24,11.55,USD,2026-09-13T06:02:00Z,delivered,operations
tenant_aura,mft_aur_000029,shp_aur_000029,car_aur_northstar,TRK-AUR-00000029,standard,1.300,9.11,1.09,10.20,USD,2026-08-27T16:12:00Z,delivered,operations
tenant_aura,mft_aur_000030,shp_aur_000030,car_aur_fedex_demo,TRK-AUR-00000030,expedited,4.550,15.13,1.82,16.95,USD,2026-09-11T06:45:00Z,in_transit,operations
tenant_aura,mft_aur_000031,shp_aur_000031,car_aur_northstar,TRK-AUR-00000031,standard,1.950,10.31,1.24,11.55,USD,2026-08-17T23:33:00Z,delivered,operations
tenant_aura,mft_aur_000032,shp_aur_000032,car_aur_fedex_demo,TRK-AUR-00000032,expedited,3.900,13.93,1.67,15.60,USD,2026-09-12T11:41:00Z,delivered,operations
tenant_aura,mft_aur_000033,shp_aur_000033,car_aur_northstar,TRK-AUR-00000033,standard,1.300,9.11,1.09,10.20,USD,2026-08-12T02:57:00Z,delivered,operations
tenant_aura,mft_aur_000034,shp_aur_000034,car_aur_blueline,TRK-AUR-00000034,standard,2.600,11.52,1.38,12.90,USD,2026-08-25T09:16:00Z,delivered,operations
tenant_aura,mft_aur_000035,shp_aur_000035,car_aur_northstar,TRK-AUR-00000035,standard,4.550,15.13,1.82,16.95,USD,2026-08-18T10:11:00Z,delivered,operations
tenant_aura,mft_aur_000036,shp_aur_000036,car_aur_blueline,TRK-AUR-00000036,standard,5.200,16.34,1.96,18.30,USD,2026-09-19T07:26:00Z,delivered,operations
tenant_aura,mft_aur_000037,shp_aur_000037,car_aur_blueline,TRK-AUR-00000037,standard,3.900,13.93,1.67,15.60,USD,2026-09-14T05:31:00Z,delivered,operations
tenant_aura,mft_aur_000038,shp_aur_000038,car_aur_northstar,TRK-AUR-00000038,standard,1.300,9.11,1.09,10.20,USD,2026-08-12T05:06:00Z,delivered,operations
tenant_aura,mft_aur_000039,shp_aur_000039,car_aur_northstar,TRK-AUR-00000039,standard,3.250,12.72,1.53,14.25,USD,2026-08-12T10:27:00Z,in_transit,operations
tenant_aura,mft_aur_000040,shp_aur_000040,car_aur_fedex_demo,TRK-AUR-00000040,expedited,1.300,9.11,1.09,10.20,USD,2026-08-29T05:34:00Z,delivered,operations
tenant_aura,mft_aur_000041,shp_aur_000041,car_aur_northstar,TRK-AUR-00000041,standard,3.900,13.93,1.67,15.60,USD,2026-09-09T05:21:00Z,delivered,operations
tenant_aura,mft_aur_000042,shp_aur_000042,car_aur_fedex_demo,TRK-AUR-00000042,expedited,1.950,10.31,1.24,11.55,USD,2026-08-26T04:51:00Z,delivered,operations
tenant_aura,mft_aur_000043,shp_aur_000043,car_aur_northstar,TRK-AUR-00000043,standard,2.600,11.52,1.38,12.90,USD,2026-08-20T08:53:00Z,delivered,operations
tenant_aura,mft_aur_000044,shp_aur_000044,car_aur_fedex_demo,TRK-AUR-00000044,expedited,2.600,11.52,1.38,12.90,USD,2026-09-12T01:14:00Z,delivered,operations
tenant_aura,mft_aur_000045,shp_aur_000045,car_aur_northstar,TRK-AUR-00000045,standard,3.900,13.93,1.67,15.60,USD,2026-09-13T23:03:00Z,delivered,operations
tenant_aura,mft_aur_000046,shp_aur_000046,car_aur_northstar,TRK-AUR-00000046,standard,1.300,9.11,1.09,10.20,USD,2026-09-04T16:24:00Z,delivered,operations
tenant_aura,mft_aur_000047,shp_aur_000047,car_aur_northstar,TRK-AUR-00000047,standard,1.950,10.31,1.24,11.55,USD,2026-08-15T01:39:00Z,delivered,operations
tenant_aura,mft_aur_000048,shp_aur_000048,car_aur_fedex_demo,TRK-AUR-00000048,expedited,3.250,12.72,1.53,14.25,USD,2026-08-15T17:26:00Z,delivered,operations
tenant_aura,mft_aur_000049,shp_aur_000049,car_aur_blueline,TRK-AUR-00000049,standard,2.600,11.52,1.38,12.90,USD,2026-09-11T18:22:00Z,delivered,operations
tenant_aura,mft_aur_000050,shp_aur_000050,car_aur_fedex_demo,TRK-AUR-00000050,expedited,3.900,13.93,1.67,15.60,USD,2026-09-10T23:10:00Z,delivered,operations
tenant_aura,mft_aur_000051,shp_aur_000051,car_aur_northstar,TRK-AUR-00000051,standard,2.600,11.52,1.38,12.90,USD,2026-09-14T22:45:00Z,delivered,operations
tenant_aura,mft_aur_000052,shp_aur_000052,car_aur_northstar,TRK-AUR-00000052,standard,4.550,15.13,1.82,16.95,USD,2026-09-19T08:01:00Z,delivered,operations
tenant_aura,mft_aur_000053,shp_aur_000053,car_aur_blueline,TRK-AUR-00000053,standard,3.250,12.72,1.53,14.25,USD,2026-09-14T20:28:00Z,delivered,operations
tenant_aura,mft_aur_000054,shp_aur_000054,car_aur_northstar,TRK-AUR-00000054,standard,0.650,7.90,0.95,8.85,USD,2026-08-29T22:15:00Z,delivered,operations
tenant_aura,mft_aur_000055,shp_aur_000055,car_aur_blueline,TRK-AUR-00000055,standard,1.300,9.11,1.09,10.20,USD,2026-08-15T01:53:00Z,delivered,operations
tenant_aura,mft_aur_000056,shp_aur_000056,car_aur_fedex_demo,TRK-AUR-00000056,expedited,3.900,13.93,1.67,15.60,USD,2026-08-24T22:45:00Z,delivered,operations
tenant_aura,mft_aur_000057,shp_aur_000057,car_aur_northstar,TRK-AUR-00000057,standard,0.650,7.90,0.95,8.85,USD,2026-09-17T19:09:00Z,delivered,operations
tenant_aura,mft_aur_000058,shp_aur_000058,car_aur_blueline,TRK-AUR-00000058,standard,0.650,7.90,0.95,8.85,USD,2026-08-16T19:32:00Z,delivered,operations
tenant_aura,mft_aur_000059,shp_aur_000059,car_aur_fedex_demo,TRK-AUR-00000059,expedited,2.600,11.52,1.38,12.90,USD,2026-09-15T15:11:00Z,delivered,operations
tenant_aura,mft_aur_000060,shp_aur_000060,car_aur_northstar,TRK-AUR-00000060,standard,0.650,7.90,0.95,8.85,USD,2026-08-24T20:54:00Z,delivered,operations
tenant_aura,mft_aur_000061,shp_aur_000061,car_aur_northstar,TRK-AUR-00000061,standard,1.300,9.11,1.09,10.20,USD,2026-08-16T01:50:00Z,delivered,operations
tenant_aura,mft_aur_000062,shp_aur_000062,car_aur_fedex_demo,TRK-AUR-00000062,expedited,1.300,9.11,1.09,10.20,USD,2026-08-18T23:53:00Z,delivered,operations
tenant_aura,mft_aur_000063,shp_aur_000063,car_aur_fedex_demo,TRK-AUR-00000063,expedited,3.250,12.72,1.53,14.25,USD,2026-08-18T23:01:00Z,delivered,operations
tenant_aura,mft_aur_000064,shp_aur_000064,car_aur_northstar,TRK-AUR-00000064,standard,3.250,12.72,1.53,14.25,USD,2026-08-26T06:35:00Z,in_transit,operations
tenant_aura,mft_aur_000065,shp_aur_000065,car_aur_blueline,TRK-AUR-00000065,standard,1.300,9.11,1.09,10.20,USD,2026-09-07T09:35:00Z,delivered,operations
tenant_aura,mft_aur_000066,shp_aur_000066,car_aur_blueline,TRK-AUR-00000066,standard,2.600,11.52,1.38,12.90,USD,2026-09-05T06:19:00Z,delivered,operations
tenant_aura,mft_aur_000067,shp_aur_000067,car_aur_blueline,TRK-AUR-00000067,standard,1.300,9.11,1.09,10.20,USD,2026-09-01T19:24:00Z,delivered,operations
tenant_aura,mft_aur_000068,shp_aur_000068,car_aur_fedex_demo,TRK-AUR-00000068,expedited,2.600,11.52,1.38,12.90,USD,2026-08-29T19:21:00Z,delivered,operations
tenant_aura,mft_aur_000069,shp_aur_000069,car_aur_northstar,TRK-AUR-00000069,standard,3.250,12.72,1.53,14.25,USD,2026-08-14T19:29:00Z,delivered,operations
tenant_aura,mft_aur_000070,shp_aur_000070,car_aur_fedex_demo,TRK-AUR-00000070,expedited,1.950,10.31,1.24,11.55,USD,2026-09-08T12:37:00Z,delivered,operations
tenant_aura,mft_aur_000071,shp_aur_000071,car_aur_northstar,TRK-AUR-00000071,standard,1.300,9.11,1.09,10.20,USD,2026-08-19T09:11:00Z,delivered,operations
tenant_aura,mft_aur_000072,shp_aur_000072,car_aur_blueline,TRK-AUR-00000072,standard,3.900,13.93,1.67,15.60,USD,2026-09-12T20:16:00Z,delayed,operations
tenant_aura,mft_aur_000073,shp_aur_000073,car_aur_fedex_demo,TRK-AUR-00000073,expedited,3.250,12.72,1.53,14.25,USD,2026-08-18T23:09:00Z,delivered,operations
tenant_aura,mft_aur_000074,shp_aur_000074,car_aur_northstar,TRK-AUR-00000074,standard,2.600,11.52,1.38,12.90,USD,2026-08-21T10:32:00Z,in_transit,operations
tenant_aura,mft_aur_000075,shp_aur_000075,car_aur_fedex_demo,TRK-AUR-00000075,expedited,0.650,7.90,0.95,8.85,USD,2026-09-02T16:00:00Z,in_transit,operations
tenant_aura,mft_aur_000076,shp_aur_000076,car_aur_blueline,TRK-AUR-00000076,standard,1.950,10.31,1.24,11.55,USD,2026-09-15T01:20:00Z,delivered,operations
tenant_aura,mft_aur_000077,shp_aur_000077,car_aur_fedex_demo,TRK-AUR-00000077,expedited,1.300,9.11,1.09,10.20,USD,2026-08-17T21:18:00Z,delivered,operations
tenant_aura,mft_aur_000078,shp_aur_000078,car_aur_northstar,TRK-AUR-00000078,standard,2.600,11.52,1.38,12.90,USD,2026-09-12T20:56:00Z,delivered,operations
tenant_aura,mft_aur_000079,shp_aur_000079,car_aur_fedex_demo,TRK-AUR-00000079,expedited,1.950,10.31,1.24,11.55,USD,2026-09-07T07:01:00Z,delivered,operations
tenant_aura,mft_aur_000080,shp_aur_000080,car_aur_northstar,TRK-AUR-00000080,standard,2.600,11.52,1.38,12.90,USD,2026-09-01T11:49:00Z,delivered,operations
tenant_aura,mft_aur_000081,shp_aur_000081,car_aur_northstar,TRK-AUR-00000081,standard,3.250,12.72,1.53,14.25,USD,2026-08-20T12:55:00Z,delivered,operations
tenant_aura,mft_aur_000082,shp_aur_000082,car_aur_northstar,TRK-AUR-00000082,standard,1.950,10.31,1.24,11.55,USD,2026-09-06T17:24:00Z,delivered,operations
tenant_aura,mft_aur_000083,shp_aur_000083,car_aur_blueline,TRK-AUR-00000083,standard,1.950,10.31,1.24,11.55,USD,2026-08-13T01:26:00Z,delivered,operations
tenant_aura,mft_aur_000084,shp_aur_000084,car_aur_fedex_demo,TRK-AUR-00000084,expedited,0.650,7.90,0.95,8.85,USD,2026-08-31T09:38:00Z,delivered,operations
tenant_aura,mft_aur_000085,shp_aur_000085,car_aur_northstar,TRK-AUR-00000085,standard,0.650,7.90,0.95,8.85,USD,2026-08-22T14:05:00Z,delivered,operations
tenant_aura,mft_aur_000086,shp_aur_000086,car_aur_blueline,TRK-AUR-00000086,standard,1.950,10.31,1.24,11.55,USD,2026-08-29T17:29:00Z,delivered,operations
tenant_aura,mft_aur_000087,shp_aur_000087,car_aur_fedex_demo,TRK-AUR-00000087,expedited,2.600,11.52,1.38,12.90,USD,2026-08-26T19:12:00Z,delivered,operations
tenant_aura,mft_aur_000088,shp_aur_000088,car_aur_fedex_demo,TRK-AUR-00000088,expedited,1.950,10.31,1.24,11.55,USD,2026-09-03T23:01:00Z,delivered,operations
tenant_aura,mft_aur_000089,shp_aur_000089,car_aur_fedex_demo,TRK-AUR-00000089,expedited,0.650,7.90,0.95,8.85,USD,2026-08-27T04:52:00Z,delivered,operations
tenant_aura,mft_aur_000090,shp_aur_000090,car_aur_blueline,TRK-AUR-00000090,standard,1.950,10.31,1.24,11.55,USD,2026-09-06T19:44:00Z,in_transit,operations
tenant_aura,mft_aur_000091,shp_aur_000091,car_aur_northstar,TRK-AUR-00000091,standard,1.950,10.31,1.24,11.55,USD,2026-08-23T12:02:00Z,delivered,operations
tenant_aura,mft_aur_000092,shp_aur_000092,car_aur_blueline,TRK-AUR-00000092,standard,1.300,9.11,1.09,10.20,USD,2026-09-18T06:48:00Z,delivered,operations
tenant_aura,mft_aur_000093,shp_aur_000093,car_aur_blueline,TRK-AUR-00000093,standard,3.250,12.72,1.53,14.25,USD,2026-08-22T02:20:00Z,delivered,operations
tenant_aura,mft_aur_000094,shp_aur_000094,car_aur_blueline,TRK-AUR-00000094,standard,1.300,9.11,1.09,10.20,USD,2026-09-02T02:03:00Z,delivered,operations
tenant_aura,mft_aur_000095,shp_aur_000095,car_aur_fedex_demo,TRK-AUR-00000095,expedited,0.650,7.90,0.95,8.85,USD,2026-09-17T06:24:00Z,delivered,operations
tenant_aura,mft_aur_000096,shp_aur_000096,car_aur_fedex_demo,TRK-AUR-00000096,expedited,0.650,7.90,0.95,8.85,USD,2026-09-01T08:16:00Z,delivered,operations
tenant_aura,mft_aur_000097,shp_aur_000097,car_aur_northstar,TRK-AUR-00000097,standard,5.200,16.34,1.96,18.30,USD,2026-08-12T02:18:00Z,delivered,operations
tenant_aura,mft_aur_000098,shp_aur_000098,car_aur_northstar,TRK-AUR-00000098,standard,3.250,12.72,1.53,14.25,USD,2026-09-10T06:06:00Z,delivered,operations
tenant_aura,mft_aur_000099,shp_aur_000099,car_aur_blueline,TRK-AUR-00000099,standard,4.550,15.13,1.82,16.95,USD,2026-09-18T01:53:00Z,in_transit,operations
tenant_aura,mft_aur_000100,shp_aur_000100,car_aur_fedex_demo,TRK-AUR-00000100,expedited,0.650,7.90,0.95,8.85,USD,2026-09-08T15:18:00Z,in_transit,operations
tenant_aura,mft_aur_000101,shp_aur_000101,car_aur_northstar,TRK-AUR-00000101,standard,1.300,9.11,1.09,10.20,USD,2026-09-12T23:45:00Z,delivered,operations
tenant_aura,mft_aur_000102,shp_aur_000102,car_aur_northstar,TRK-AUR-00000102,standard,2.600,11.52,1.38,12.90,USD,2026-09-02T23:52:00Z,delivered,operations
tenant_aura,mft_aur_000103,shp_aur_000103,car_aur_northstar,TRK-AUR-00000103,standard,2.600,11.52,1.38,12.90,USD,2026-08-12T12:11:00Z,delivered,operations
tenant_aura,mft_aur_000104,shp_aur_000104,car_aur_northstar,TRK-AUR-00000104,standard,4.550,15.13,1.82,16.95,USD,2026-08-23T05:11:00Z,delivered,operations
tenant_aura,mft_aur_000105,shp_aur_000105,car_aur_fedex_demo,TRK-AUR-00000105,expedited,1.950,10.31,1.24,11.55,USD,2026-09-13T20:51:00Z,delivered,operations
tenant_aura,mft_aur_000106,shp_aur_000106,car_aur_northstar,TRK-AUR-00000106,standard,1.950,10.31,1.24,11.55,USD,2026-09-03T15:26:00Z,delivered,operations
tenant_aura,mft_aur_000107,shp_aur_000107,car_aur_fedex_demo,TRK-AUR-00000107,expedited,0.650,7.90,0.95,8.85,USD,2026-09-19T09:04:00Z,delivered,operations
tenant_aura,mft_aur_000108,shp_aur_000108,car_aur_fedex_demo,TRK-AUR-00000108,expedited,1.300,9.11,1.09,10.20,USD,2026-09-02T22:59:00Z,delivered,operations
tenant_aura,mft_aur_000109,shp_aur_000109,car_aur_blueline,TRK-AUR-00000109,standard,1.300,9.11,1.09,10.20,USD,2026-09-15T09:12:00Z,delivered,operations
tenant_aura,mft_aur_000110,shp_aur_000110,car_aur_blueline,TRK-AUR-00000110,standard,1.300,9.11,1.09,10.20,USD,2026-09-07T06:22:00Z,delivered,operations
tenant_aura,mft_aur_000111,shp_aur_000111,car_aur_northstar,TRK-AUR-00000111,standard,1.950,10.31,1.24,11.55,USD,2026-08-30T23:17:00Z,delivered,operations
tenant_aura,mft_aur_000112,shp_aur_000112,car_aur_blueline,TRK-AUR-00000112,standard,2.600,11.52,1.38,12.90,USD,2026-09-11T10:48:00Z,delivered,operations
tenant_aura,mft_aur_000113,shp_aur_000113,car_aur_blueline,TRK-AUR-00000113,standard,3.250,12.72,1.53,14.25,USD,2026-08-21T19:52:00Z,delivered,operations
tenant_aura,mft_aur_000114,shp_aur_000114,car_aur_fedex_demo,TRK-AUR-00000114,expedited,3.900,13.93,1.67,15.60,USD,2026-08-24T23:52:00Z,delivered,operations
tenant_aura,mft_aur_000115,shp_aur_000115,car_aur_blueline,TRK-AUR-00000115,standard,0.650,7.90,0.95,8.85,USD,2026-09-03T02:42:00Z,delivered,operations
tenant_aura,mft_aur_000116,shp_aur_000116,car_aur_blueline,TRK-AUR-00000116,standard,4.550,15.13,1.82,16.95,USD,2026-09-14T18:12:00Z,delivered,operations
tenant_aura,mft_aur_000117,shp_aur_000117,car_aur_fedex_demo,TRK-AUR-00000117,expedited,0.650,7.90,0.95,8.85,USD,2026-09-07T19:06:00Z,delivered,operations
tenant_aura,mft_aur_000118,shp_aur_000118,car_aur_blueline,TRK-AUR-00000118,standard,2.600,11.52,1.38,12.90,USD,2026-09-19T07:37:00Z,delivered,operations
tenant_aura,mft_aur_000119,shp_aur_000119,car_aur_northstar,TRK-AUR-00000119,standard,0.650,7.90,0.95,8.85,USD,2026-08-30T05:34:00Z,in_transit,operations
tenant_aura,mft_aur_000120,shp_aur_000120,car_aur_fedex_demo,TRK-AUR-00000120,expedited,3.250,12.72,1.53,14.25,USD,2026-09-03T10:29:00Z,delivered,operations
tenant_aura,mft_aur_000121,shp_aur_000121,car_aur_northstar,TRK-AUR-00000121,standard,0.650,7.90,0.95,8.85,USD,2026-09-16T09:02:00Z,delivered,operations
tenant_aura,mft_aur_000122,shp_aur_000122,car_aur_blueline,TRK-AUR-00000122,standard,4.550,15.13,1.82,16.95,USD,2026-09-04T15:03:00Z,delivered,operations
tenant_aura,mft_aur_000123,shp_aur_000123,car_aur_fedex_demo,TRK-AUR-00000123,expedited,3.250,12.72,1.53,14.25,USD,2026-08-24T06:26:00Z,in_transit,operations
tenant_aura,mft_aur_000124,shp_aur_000124,car_aur_blueline,TRK-AUR-00000124,standard,3.900,13.93,1.67,15.60,USD,2026-08-29T15:40:00Z,delivered,operations
tenant_aura,mft_aur_000125,shp_aur_000125,car_aur_fedex_demo,TRK-AUR-00000125,expedited,1.950,10.31,1.24,11.55,USD,2026-08-31T12:38:00Z,delivered,operations
tenant_aura,mft_aur_000126,shp_aur_000126,car_aur_fedex_demo,TRK-AUR-00000126,expedited,3.900,13.93,1.67,15.60,USD,2026-09-17T07:51:00Z,delivered,operations
tenant_aura,mft_aur_000127,shp_aur_000127,car_aur_northstar,TRK-AUR-00000127,standard,1.300,9.11,1.09,10.20,USD,2026-08-24T00:01:00Z,delivered,operations
tenant_aura,mft_aur_000128,shp_aur_000128,car_aur_fedex_demo,TRK-AUR-00000128,expedited,1.950,10.31,1.24,11.55,USD,2026-08-29T04:28:00Z,in_transit,operations
tenant_aura,mft_aur_000129,shp_aur_000129,car_aur_fedex_demo,TRK-AUR-00000129,expedited,0.650,7.90,0.95,8.85,USD,2026-09-04T11:36:00Z,delivered,operations
tenant_aura,mft_aur_000130,shp_aur_000130,car_aur_fedex_demo,TRK-AUR-00000130,expedited,1.300,9.11,1.09,10.20,USD,2026-08-28T21:38:00Z,delivered,operations
tenant_aura,mft_aur_000131,shp_aur_000131,car_aur_fedex_demo,TRK-AUR-00000131,expedited,2.600,11.52,1.38,12.90,USD,2026-09-02T06:44:00Z,delivered,operations
tenant_aura,mft_aur_000132,shp_aur_000132,car_aur_northstar,TRK-AUR-00000132,standard,3.900,13.93,1.67,15.60,USD,2026-08-28T00:33:00Z,delivered,operations
tenant_aura,mft_aur_000133,shp_aur_000133,car_aur_blueline,TRK-AUR-00000133,standard,0.650,7.90,0.95,8.85,USD,2026-08-25T00:43:00Z,delivered,operations
tenant_aura,mft_aur_000134,shp_aur_000134,car_aur_northstar,TRK-AUR-00000134,standard,1.300,9.11,1.09,10.20,USD,2026-09-02T10:41:00Z,delivered,operations
tenant_aura,mft_aur_000135,shp_aur_000135,car_aur_fedex_demo,TRK-AUR-00000135,expedited,2.600,11.52,1.38,12.90,USD,2026-09-19T16:26:00Z,delivered,operations
tenant_aura,mft_aur_000136,shp_aur_000136,car_aur_blueline,TRK-AUR-00000136,standard,1.300,9.11,1.09,10.20,USD,2026-08-23T14:48:00Z,delayed,operations
tenant_aura,mft_aur_000137,shp_aur_000137,car_aur_blueline,TRK-AUR-00000137,standard,1.300,9.11,1.09,10.20,USD,2026-08-12T11:48:00Z,delivered,operations
tenant_aura,mft_aur_000138,shp_aur_000138,car_aur_northstar,TRK-AUR-00000138,standard,0.650,7.90,0.95,8.85,USD,2026-09-06T14:08:00Z,delivered,operations
tenant_aura,mft_aur_000139,shp_aur_000139,car_aur_blueline,TRK-AUR-00000139,standard,1.300,9.11,1.09,10.20,USD,2026-08-16T09:28:00Z,delivered,operations
tenant_aura,mft_aur_000140,shp_aur_000140,car_aur_northstar,TRK-AUR-00000140,standard,1.300,9.11,1.09,10.20,USD,2026-09-14T02:08:00Z,delivered,operations
tenant_aura,mft_aur_000141,shp_aur_000141,car_aur_northstar,TRK-AUR-00000141,standard,1.950,10.31,1.24,11.55,USD,2026-08-31T16:39:00Z,delivered,operations
tenant_aura,mft_aur_000142,shp_aur_000142,car_aur_fedex_demo,TRK-AUR-00000142,expedited,1.950,10.31,1.24,11.55,USD,2026-08-19T17:46:00Z,delivered,operations
tenant_aura,mft_aur_000143,shp_aur_000143,car_aur_blueline,TRK-AUR-00000143,standard,3.250,12.72,1.53,14.25,USD,2026-08-23T11:56:00Z,delivered,operations
tenant_aura,mft_aur_000144,shp_aur_000144,car_aur_northstar,TRK-AUR-00000144,standard,0.650,7.90,0.95,8.85,USD,2026-08-26T06:14:00Z,delivered,operations
tenant_aura,mft_aur_000145,shp_aur_000145,car_aur_northstar,TRK-AUR-00000145,standard,3.900,13.93,1.67,15.60,USD,2026-09-10T03:42:00Z,in_transit,operations
tenant_aura,mft_aur_000146,shp_aur_000146,car_aur_fedex_demo,TRK-AUR-00000146,expedited,1.950,10.31,1.24,11.55,USD,2026-08-29T03:47:00Z,delivered,operations
tenant_aura,mft_aur_000147,shp_aur_000147,car_aur_fedex_demo,TRK-AUR-00000147,expedited,3.250,12.72,1.53,14.25,USD,2026-08-31T19:48:00Z,delivered,operations
tenant_aura,mft_aur_000148,shp_aur_000148,car_aur_fedex_demo,TRK-AUR-00000148,expedited,0.650,7.90,0.95,8.85,USD,2026-09-09T05:43:00Z,delivered,operations
tenant_aura,mft_aur_000149,shp_aur_000149,car_aur_northstar,TRK-AUR-00000149,standard,3.250,12.72,1.53,14.25,USD,2026-08-13T18:25:00Z,delivered,operations
tenant_aura,mft_aur_000150,shp_aur_000150,car_aur_blueline,TRK-AUR-00000150,standard,1.300,9.11,1.09,10.20,USD,2026-08-21T12:39:00Z,in_transit,operations
tenant_aura,mft_aur_000151,shp_aur_000151,car_aur_fedex_demo,TRK-AUR-00000151,expedited,0.650,7.90,0.95,8.85,USD,2026-08-31T00:20:00Z,in_transit,operations
tenant_aura,mft_aur_000152,shp_aur_000152,car_aur_blueline,TRK-AUR-00000152,standard,0.650,7.90,0.95,8.85,USD,2026-08-21T22:27:00Z,delayed,operations
tenant_aura,mft_aur_000153,shp_aur_000153,car_aur_fedex_demo,TRK-AUR-00000153,expedited,1.950,10.31,1.24,11.55,USD,2026-08-26T21:06:00Z,delivered,operations
tenant_aura,mft_aur_000154,shp_aur_000154,car_aur_blueline,TRK-AUR-00000154,standard,3.250,12.72,1.53,14.25,USD,2026-08-29T05:09:00Z,delivered,operations
tenant_aura,mft_aur_000155,shp_aur_000155,car_aur_fedex_demo,TRK-AUR-00000155,expedited,1.950,10.31,1.24,11.55,USD,2026-08-22T07:23:00Z,delivered,operations
tenant_aura,mft_aur_000156,shp_aur_000156,car_aur_northstar,TRK-AUR-00000156,standard,1.950,10.31,1.24,11.55,USD,2026-08-18T12:57:00Z,delivered,operations
tenant_aura,mft_aur_000157,shp_aur_000157,car_aur_northstar,TRK-AUR-00000157,standard,3.900,13.93,1.67,15.60,USD,2026-08-29T05:00:00Z,delivered,operations
tenant_aura,mft_aur_000158,shp_aur_000158,car_aur_blueline,TRK-AUR-00000158,standard,3.900,13.93,1.67,15.60,USD,2026-08-19T09:46:00Z,delivered,operations
tenant_aura,mft_aur_000159,shp_aur_000159,car_aur_blueline,TRK-AUR-00000159,standard,0.650,7.90,0.95,8.85,USD,2026-09-02T23:39:00Z,delivered,operations
tenant_aura,mft_aur_000160,shp_aur_000160,car_aur_fedex_demo,TRK-AUR-00000160,expedited,3.250,12.72,1.53,14.25,USD,2026-09-10T02:55:00Z,delivered,operations
tenant_aura,mft_aur_000161,shp_aur_000161,car_aur_northstar,TRK-AUR-00000161,standard,0.650,7.90,0.95,8.85,USD,2026-09-08T04:51:00Z,delivered,operations
tenant_aura,mft_aur_000162,shp_aur_000162,car_aur_fedex_demo,TRK-AUR-00000162,expedited,2.600,11.52,1.38,12.90,USD,2026-09-08T19:19:00Z,in_transit,operations
tenant_aura,mft_aur_000163,shp_aur_000163,car_aur_fedex_demo,TRK-AUR-00000163,expedited,3.250,12.72,1.53,14.25,USD,2026-09-05T00:58:00Z,in_transit,operations
tenant_aura,mft_aur_000164,shp_aur_000164,car_aur_northstar,TRK-AUR-00000164,standard,1.300,9.11,1.09,10.20,USD,2026-08-27T00:14:00Z,delivered,operations
tenant_aura,mft_aur_000165,shp_aur_000165,car_aur_fedex_demo,TRK-AUR-00000165,expedited,4.550,15.13,1.82,16.95,USD,2026-09-05T16:45:00Z,delivered,operations
tenant_aura,mft_aur_000166,shp_aur_000166,car_aur_fedex_demo,TRK-AUR-00000166,expedited,3.250,12.72,1.53,14.25,USD,2026-08-17T00:48:00Z,delivered,operations
tenant_aura,mft_aur_000167,shp_aur_000167,car_aur_northstar,TRK-AUR-00000167,standard,1.300,9.11,1.09,10.20,USD,2026-09-02T15:46:00Z,delayed,operations
tenant_aura,mft_aur_000168,shp_aur_000168,car_aur_blueline,TRK-AUR-00000168,standard,6.500,18.75,2.25,21.00,USD,2026-09-08T13:53:00Z,delivered,operations
tenant_aura,mft_aur_000169,shp_aur_000169,car_aur_blueline,TRK-AUR-00000169,standard,1.950,10.31,1.24,11.55,USD,2026-08-13T22:23:00Z,delivered,operations
tenant_aura,mft_aur_000170,shp_aur_000170,car_aur_blueline,TRK-AUR-00000170,standard,2.600,11.52,1.38,12.90,USD,2026-08-13T02:28:00Z,delivered,operations
tenant_aura,mft_aur_000171,shp_aur_000171,car_aur_northstar,TRK-AUR-00000171,standard,1.950,10.31,1.24,11.55,USD,2026-09-03T14:49:00Z,delivered,operations
tenant_aura,mft_aur_000172,shp_aur_000172,car_aur_blueline,TRK-AUR-00000172,standard,1.950,10.31,1.24,11.55,USD,2026-09-13T18:22:00Z,delivered,operations
tenant_aura,mft_aur_000173,shp_aur_000173,car_aur_blueline,TRK-AUR-00000173,standard,1.950,10.31,1.24,11.55,USD,2026-08-31T16:28:00Z,delivered,operations
tenant_aura,mft_aur_000174,shp_aur_000174,car_aur_northstar,TRK-AUR-00000174,standard,0.650,7.90,0.95,8.85,USD,2026-09-13T11:47:00Z,delivered,operations
tenant_aura,mft_aur_000175,shp_aur_000175,car_aur_fedex_demo,TRK-AUR-00000175,expedited,3.250,12.72,1.53,14.25,USD,2026-08-22T16:51:00Z,delivered,operations
tenant_aura,mft_aur_000176,shp_aur_000176,car_aur_blueline,TRK-AUR-00000176,standard,4.550,15.13,1.82,16.95,USD,2026-09-14T10:13:00Z,delivered,operations
tenant_aura,mft_aur_000177,shp_aur_000177,car_aur_blueline,TRK-AUR-00000177,standard,0.650,7.90,0.95,8.85,USD,2026-08-15T12:24:00Z,delivered,operations
tenant_aura,mft_aur_000178,shp_aur_000178,car_aur_northstar,TRK-AUR-00000178,standard,1.950,10.31,1.24,11.55,USD,2026-08-17T23:43:00Z,delivered,operations
tenant_aura,mft_aur_000179,shp_aur_000179,car_aur_fedex_demo,TRK-AUR-00000179,expedited,1.950,10.31,1.24,11.55,USD,2026-08-18T12:48:00Z,delivered,operations
tenant_aura,mft_aur_000180,shp_aur_000180,car_aur_northstar,TRK-AUR-00000180,standard,3.900,13.93,1.67,15.60,USD,2026-09-20T06:05:00Z,delivered,operations
tenant_aura,mft_aur_000181,shp_aur_000181,car_aur_blueline,TRK-AUR-00000181,standard,0.650,7.90,0.95,8.85,USD,2026-08-25T19:11:00Z,delivered,operations
tenant_aura,mft_aur_000182,shp_aur_000182,car_aur_fedex_demo,TRK-AUR-00000182,expedited,1.950,10.31,1.24,11.55,USD,2026-09-14T15:34:00Z,delivered,operations
tenant_aura,mft_aur_000183,shp_aur_000183,car_aur_northstar,TRK-AUR-00000183,standard,3.250,12.72,1.53,14.25,USD,2026-09-07T01:33:00Z,delivered,operations
tenant_aura,mft_aur_000184,shp_aur_000184,car_aur_blueline,TRK-AUR-00000184,standard,1.300,9.11,1.09,10.20,USD,2026-08-29T11:02:00Z,delivered,operations
tenant_aura,mft_aur_000185,shp_aur_000185,car_aur_blueline,TRK-AUR-00000185,standard,3.250,12.72,1.53,14.25,USD,2026-09-03T22:51:00Z,delivered,operations
tenant_aura,mft_aur_000186,shp_aur_000186,car_aur_northstar,TRK-AUR-00000186,standard,1.950,10.31,1.24,11.55,USD,2026-09-15T18:08:00Z,delivered,operations
tenant_aura,mft_aur_000187,shp_aur_000187,car_aur_fedex_demo,TRK-AUR-00000187,expedited,2.600,11.52,1.38,12.90,USD,2026-08-27T11:04:00Z,delivered,operations
tenant_aura,mft_aur_000188,shp_aur_000188,car_aur_blueline,TRK-AUR-00000188,standard,3.250,12.72,1.53,14.25,USD,2026-08-23T12:27:00Z,delivered,operations
tenant_aura,mft_aur_000189,shp_aur_000189,car_aur_northstar,TRK-AUR-00000189,standard,4.550,15.13,1.82,16.95,USD,2026-08-18T03:37:00Z,delivered,operations
tenant_aura,mft_aur_000190,shp_aur_000190,car_aur_fedex_demo,TRK-AUR-00000190,expedited,2.600,11.52,1.38,12.90,USD,2026-08-27T08:13:00Z,delivered,operations
tenant_aura,mft_aur_000191,shp_aur_000191,car_aur_fedex_demo,TRK-AUR-00000191,expedited,3.900,13.93,1.67,15.60,USD,2026-09-09T19:24:00Z,delivered,operations
tenant_aura,mft_aur_000192,shp_aur_000192,car_aur_blueline,TRK-AUR-00000192,standard,2.600,11.52,1.38,12.90,USD,2026-09-15T20:23:00Z,delivered,operations
tenant_aura,mft_aur_000193,shp_aur_000193,car_aur_blueline,TRK-AUR-00000193,standard,1.300,9.11,1.09,10.20,USD,2026-08-17T16:24:00Z,delivered,operations
tenant_aura,mft_aur_000194,shp_aur_000194,car_aur_northstar,TRK-AUR-00000194,standard,3.250,12.72,1.53,14.25,USD,2026-08-24T09:26:00Z,delayed,operations
tenant_aura,mft_aur_000195,shp_aur_000195,car_aur_northstar,TRK-AUR-00000195,standard,1.300,9.11,1.09,10.20,USD,2026-08-15T02:10:00Z,delivered,operations
tenant_aura,mft_aur_000196,shp_aur_000196,car_aur_northstar,TRK-AUR-00000196,standard,3.250,12.72,1.53,14.25,USD,2026-09-10T05:09:00Z,delivered,operations
tenant_aura,mft_aur_000197,shp_aur_000197,car_aur_blueline,TRK-AUR-00000197,standard,1.300,9.11,1.09,10.20,USD,2026-08-23T14:09:00Z,delivered,operations
tenant_aura,mft_aur_000198,shp_aur_000198,car_aur_fedex_demo,TRK-AUR-00000198,expedited,3.900,13.93,1.67,15.60,USD,2026-09-17T20:49:00Z,delivered,operations
tenant_aura,mft_aur_000199,shp_aur_000199,car_aur_blueline,TRK-AUR-00000199,standard,1.950,10.31,1.24,11.55,USD,2026-09-06T12:26:00Z,delivered,operations
tenant_aura,mft_aur_000200,shp_aur_000200,car_aur_fedex_demo,TRK-AUR-00000200,expedited,1.950,10.31,1.24,11.55,USD,2026-09-01T11:49:00Z,in_transit,operations
tenant_aura,mft_aur_000201,shp_aur_000201,car_aur_blueline,TRK-AUR-00000201,standard,2.600,11.52,1.38,12.90,USD,2026-08-17T12:51:00Z,delivered,operations
tenant_aura,mft_aur_000202,shp_aur_000202,car_aur_fedex_demo,TRK-AUR-00000202,expedited,1.950,10.31,1.24,11.55,USD,2026-08-25T14:15:00Z,delivered,operations
tenant_aura,mft_aur_000203,shp_aur_000203,car_aur_fedex_demo,TRK-AUR-00000203,expedited,3.900,13.93,1.67,15.60,USD,2026-08-26T17:27:00Z,delivered,operations
tenant_aura,mft_aur_000204,shp_aur_000204,car_aur_fedex_demo,TRK-AUR-00000204,expedited,2.600,11.52,1.38,12.90,USD,2026-08-23T23:20:00Z,delivered,operations
tenant_aura,mft_aur_000205,shp_aur_000205,car_aur_blueline,TRK-AUR-00000205,standard,1.300,9.11,1.09,10.20,USD,2026-09-18T15:21:00Z,delivered,operations
tenant_aura,mft_aur_000206,shp_aur_000206,car_aur_blueline,TRK-AUR-00000206,standard,1.950,10.31,1.24,11.55,USD,2026-08-19T05:56:00Z,delivered,operations
tenant_aura,mft_aur_000207,shp_aur_000207,car_aur_northstar,TRK-AUR-00000207,standard,1.950,10.31,1.24,11.55,USD,2026-09-03T06:24:00Z,delivered,operations
tenant_aura,mft_aur_000208,shp_aur_000208,car_aur_northstar,TRK-AUR-00000208,standard,3.900,13.93,1.67,15.60,USD,2026-09-12T12:52:00Z,delivered,operations
tenant_aura,mft_aur_000209,shp_aur_000209,car_aur_northstar,TRK-AUR-00000209,standard,1.950,10.31,1.24,11.55,USD,2026-08-14T19:21:00Z,in_transit,operations
tenant_aura,mft_aur_000210,shp_aur_000210,car_aur_northstar,TRK-AUR-00000210,standard,1.300,9.11,1.09,10.20,USD,2026-09-14T20:21:00Z,delivered,operations
tenant_aura,mft_aur_000211,shp_aur_000211,car_aur_fedex_demo,TRK-AUR-00000211,expedited,3.250,12.72,1.53,14.25,USD,2026-09-02T12:18:00Z,delivered,operations
tenant_aura,mft_aur_000212,shp_aur_000212,car_aur_fedex_demo,TRK-AUR-00000212,expedited,1.300,9.11,1.09,10.20,USD,2026-09-18T07:11:00Z,delivered,operations
tenant_aura,mft_aur_000213,shp_aur_000213,car_aur_fedex_demo,TRK-AUR-00000213,expedited,0.650,7.90,0.95,8.85,USD,2026-08-24T23:11:00Z,delivered,operations
tenant_aura,mft_aur_000214,shp_aur_000214,car_aur_blueline,TRK-AUR-00000214,standard,1.300,9.11,1.09,10.20,USD,2026-09-10T09:19:00Z,delivered,operations
tenant_aura,mft_aur_000215,shp_aur_000215,car_aur_blueline,TRK-AUR-00000215,standard,0.650,7.90,0.95,8.85,USD,2026-08-16T05:22:00Z,delivered,operations
tenant_aura,mft_aur_000216,shp_aur_000216,car_aur_blueline,TRK-AUR-00000216,standard,2.600,11.52,1.38,12.90,USD,2026-08-18T04:51:00Z,delivered,operations
tenant_aura,mft_aur_000217,shp_aur_000217,car_aur_northstar,TRK-AUR-00000217,standard,2.600,11.52,1.38,12.90,USD,2026-09-05T12:12:00Z,delivered,operations
tenant_aura,mft_aur_000218,shp_aur_000218,car_aur_northstar,TRK-AUR-00000218,standard,1.300,9.11,1.09,10.20,USD,2026-08-11T18:23:00Z,delivered,operations
tenant_aura,mft_aur_000219,shp_aur_000219,car_aur_fedex_demo,TRK-AUR-00000219,expedited,1.300,9.11,1.09,10.20,USD,2026-08-31T11:21:00Z,delayed,operations
tenant_aura,mft_aur_000220,shp_aur_000220,car_aur_northstar,TRK-AUR-00000220,standard,1.950,10.31,1.24,11.55,USD,2026-09-18T22:36:00Z,delivered,operations
tenant_aura,mft_aur_000221,shp_aur_000221,car_aur_northstar,TRK-AUR-00000221,standard,3.250,12.72,1.53,14.25,USD,2026-08-30T02:58:00Z,delivered,operations
tenant_aura,mft_aur_000222,shp_aur_000222,car_aur_fedex_demo,TRK-AUR-00000222,expedited,2.600,11.52,1.38,12.90,USD,2026-08-17T22:01:00Z,delivered,operations
tenant_aura,mft_aur_000223,shp_aur_000223,car_aur_northstar,TRK-AUR-00000223,standard,1.950,10.31,1.24,11.55,USD,2026-09-16T01:46:00Z,delivered,operations
tenant_aura,mft_aur_000224,shp_aur_000224,car_aur_northstar,TRK-AUR-00000224,standard,2.600,11.52,1.38,12.90,USD,2026-08-14T15:21:00Z,in_transit,operations
tenant_aura,mft_aur_000225,shp_aur_000225,car_aur_blueline,TRK-AUR-00000225,standard,1.950,10.31,1.24,11.55,USD,2026-09-18T13:22:00Z,delivered,operations
tenant_aura,mft_aur_000226,shp_aur_000226,car_aur_blueline,TRK-AUR-00000226,standard,0.650,7.90,0.95,8.85,USD,2026-08-26T08:42:00Z,delivered,operations
tenant_aura,mft_aur_000227,shp_aur_000227,car_aur_fedex_demo,TRK-AUR-00000227,expedited,2.600,11.52,1.38,12.90,USD,2026-09-01T04:44:00Z,delivered,operations
tenant_aura,mft_aur_000228,shp_aur_000228,car_aur_blueline,TRK-AUR-00000228,standard,1.950,10.31,1.24,11.55,USD,2026-09-17T05:45:00Z,delivered,operations
tenant_aura,mft_aur_000229,shp_aur_000229,car_aur_northstar,TRK-AUR-00000229,standard,2.600,11.52,1.38,12.90,USD,2026-09-19T03:23:00Z,delivered,operations
tenant_aura,mft_aur_000230,shp_aur_000230,car_aur_fedex_demo,TRK-AUR-00000230,expedited,2.600,11.52,1.38,12.90,USD,2026-08-12T16:01:00Z,delivered,operations
tenant_aura,mft_aur_000231,shp_aur_000231,car_aur_northstar,TRK-AUR-00000231,standard,3.250,12.72,1.53,14.25,USD,2026-08-30T18:48:00Z,delivered,operations
tenant_aura,mft_aur_000232,shp_aur_000232,car_aur_fedex_demo,TRK-AUR-00000232,expedited,2.600,11.52,1.38,12.90,USD,2026-08-28T09:58:00Z,delivered,operations
tenant_aura,mft_aur_000233,shp_aur_000233,car_aur_blueline,TRK-AUR-00000233,standard,3.250,12.72,1.53,14.25,USD,2026-08-27T17:13:00Z,delivered,operations
tenant_aura,mft_aur_000234,shp_aur_000234,car_aur_fedex_demo,TRK-AUR-00000234,expedited,2.600,11.52,1.38,12.90,USD,2026-09-18T13:09:00Z,delivered,operations
tenant_aura,mft_aur_000235,shp_aur_000235,car_aur_fedex_demo,TRK-AUR-00000235,expedited,0.650,7.90,0.95,8.85,USD,2026-08-25T23:47:00Z,delivered,operations
tenant_aura,mft_aur_000236,shp_aur_000236,car_aur_fedex_demo,TRK-AUR-00000236,expedited,1.300,9.11,1.09,10.20,USD,2026-08-19T13:14:00Z,delivered,operations
tenant_aura,mft_aur_000237,shp_aur_000237,car_aur_blueline,TRK-AUR-00000237,standard,4.550,15.13,1.82,16.95,USD,2026-08-26T06:56:00Z,delivered,operations
tenant_aura,mft_aur_000238,shp_aur_000238,car_aur_northstar,TRK-AUR-00000238,standard,2.600,11.52,1.38,12.90,USD,2026-08-25T15:26:00Z,delivered,operations
tenant_aura,mft_aur_000239,shp_aur_000239,car_aur_northstar,TRK-AUR-00000239,standard,1.300,9.11,1.09,10.20,USD,2026-09-01T17:32:00Z,delivered,operations
tenant_aura,mft_aur_000240,shp_aur_000240,car_aur_fedex_demo,TRK-AUR-00000240,expedited,2.600,11.52,1.38,12.90,USD,2026-08-20T15:00:00Z,delivered,operations
tenant_aura,mft_aur_000241,shp_aur_000241,car_aur_blueline,TRK-AUR-00000241,standard,1.950,10.31,1.24,11.55,USD,2026-08-12T11:57:00Z,delivered,operations
tenant_aura,mft_aur_000242,shp_aur_000242,car_aur_northstar,TRK-AUR-00000242,standard,0.650,7.90,0.95,8.85,USD,2026-09-04T22:14:00Z,delivered,operations
tenant_aura,mft_aur_000243,shp_aur_000243,car_aur_blueline,TRK-AUR-00000243,standard,2.600,11.52,1.38,12.90,USD,2026-08-26T13:37:00Z,delivered,operations
tenant_aura,mft_aur_000244,shp_aur_000244,car_aur_fedex_demo,TRK-AUR-00000244,expedited,3.250,12.72,1.53,14.25,USD,2026-08-24T02:07:00Z,delivered,operations
tenant_aura,mft_aur_000245,shp_aur_000245,car_aur_northstar,TRK-AUR-00000245,standard,0.650,7.90,0.95,8.85,USD,2026-09-08T14:41:00Z,in_transit,operations
tenant_aura,mft_aur_000246,shp_aur_000246,car_aur_fedex_demo,TRK-AUR-00000246,expedited,1.300,9.11,1.09,10.20,USD,2026-09-14T12:21:00Z,delivered,operations
tenant_aura,mft_aur_000247,shp_aur_000247,car_aur_fedex_demo,TRK-AUR-00000247,expedited,2.600,11.52,1.38,12.90,USD,2026-09-05T14:08:00Z,delivered,operations
tenant_aura,mft_aur_000248,shp_aur_000248,car_aur_blueline,TRK-AUR-00000248,standard,0.650,7.90,0.95,8.85,USD,2026-09-05T20:11:00Z,delivered,operations
tenant_aura,mft_aur_000249,shp_aur_000249,car_aur_fedex_demo,TRK-AUR-00000249,expedited,1.300,9.11,1.09,10.20,USD,2026-08-21T02:07:00Z,delivered,operations
tenant_aura,mft_aur_000250,shp_aur_000250,car_aur_blueline,TRK-AUR-00000250,standard,5.200,16.34,1.96,18.30,USD,2026-09-10T04:05:00Z,delivered,operations
tenant_aura,mft_aur_000251,shp_aur_000251,car_aur_fedex_demo,TRK-AUR-00000251,expedited,2.600,11.52,1.38,12.90,USD,2026-08-18T13:53:00Z,delivered,operations
tenant_aura,mft_aur_000252,shp_aur_000252,car_aur_blueline,TRK-AUR-00000252,standard,1.300,9.11,1.09,10.20,USD,2026-09-09T00:17:00Z,delivered,operations
tenant_aura,mft_aur_000253,shp_aur_000253,car_aur_fedex_demo,TRK-AUR-00000253,expedited,1.300,9.11,1.09,10.20,USD,2026-08-21T13:41:00Z,delivered,operations
tenant_aura,mft_aur_000254,shp_aur_000254,car_aur_northstar,TRK-AUR-00000254,standard,0.650,7.90,0.95,8.85,USD,2026-08-28T22:06:00Z,delivered,operations
tenant_aura,mft_aur_000255,shp_aur_000255,car_aur_northstar,TRK-AUR-00000255,standard,2.600,11.52,1.38,12.90,USD,2026-09-17T21:45:00Z,delivered,operations
tenant_aura,mft_aur_000256,shp_aur_000256,car_aur_blueline,TRK-AUR-00000256,standard,1.950,10.31,1.24,11.55,USD,2026-09-08T15:57:00Z,delivered,operations
tenant_aura,mft_aur_000257,shp_aur_000257,car_aur_fedex_demo,TRK-AUR-00000257,expedited,3.250,12.72,1.53,14.25,USD,2026-09-08T21:41:00Z,in_transit,operations
tenant_aura,mft_aur_000258,shp_aur_000258,car_aur_fedex_demo,TRK-AUR-00000258,expedited,1.950,10.31,1.24,11.55,USD,2026-08-11T14:09:00Z,delivered,operations
tenant_aura,mft_aur_000259,shp_aur_000259,car_aur_fedex_demo,TRK-AUR-00000259,expedited,0.650,7.90,0.95,8.85,USD,2026-08-25T15:56:00Z,delivered,operations
tenant_aura,mft_aur_000260,shp_aur_000260,car_aur_fedex_demo,TRK-AUR-00000260,expedited,2.600,11.52,1.38,12.90,USD,2026-08-30T14:33:00Z,delivered,operations
tenant_aura,mft_aur_000261,shp_aur_000261,car_aur_northstar,TRK-AUR-00000261,standard,2.600,11.52,1.38,12.90,USD,2026-09-09T18:04:00Z,in_transit,operations
tenant_aura,mft_aur_000262,shp_aur_000262,car_aur_blueline,TRK-AUR-00000262,standard,0.650,7.90,0.95,8.85,USD,2026-09-18T18:01:00Z,delivered,operations
tenant_aura,mft_aur_000263,shp_aur_000263,car_aur_blueline,TRK-AUR-00000263,standard,0.650,7.90,0.95,8.85,USD,2026-08-14T23:17:00Z,delivered,operations
tenant_aura,mft_aur_000264,shp_aur_000264,car_aur_northstar,TRK-AUR-00000264,standard,5.200,16.34,1.96,18.30,USD,2026-09-20T00:55:00Z,delivered,operations
tenant_aura,mft_aur_000265,shp_aur_000265,car_aur_northstar,TRK-AUR-00000265,standard,1.950,10.31,1.24,11.55,USD,2026-09-10T07:05:00Z,delivered,operations
tenant_aura,mft_aur_000266,shp_aur_000266,car_aur_fedex_demo,TRK-AUR-00000266,expedited,1.300,9.11,1.09,10.20,USD,2026-08-17T02:58:00Z,delivered,operations
tenant_aura,mft_aur_000267,shp_aur_000267,car_aur_northstar,TRK-AUR-00000267,standard,0.650,7.90,0.95,8.85,USD,2026-08-24T02:55:00Z,delivered,operations
tenant_aura,mft_aur_000268,shp_aur_000268,car_aur_fedex_demo,TRK-AUR-00000268,expedited,2.600,11.52,1.38,12.90,USD,2026-08-31T16:47:00Z,delivered,operations
tenant_aura,mft_aur_000269,shp_aur_000269,car_aur_fedex_demo,TRK-AUR-00000269,expedited,4.550,15.13,1.82,16.95,USD,2026-08-13T06:19:00Z,delivered,operations
tenant_aura,mft_aur_000270,shp_aur_000270,car_aur_fedex_demo,TRK-AUR-00000270,expedited,3.250,12.72,1.53,14.25,USD,2026-08-23T12:35:00Z,delivered,operations
tenant_aura,mft_aur_000271,shp_aur_000271,car_aur_fedex_demo,TRK-AUR-00000271,expedited,3.250,12.72,1.53,14.25,USD,2026-09-09T12:48:00Z,delivered,operations
tenant_aura,mft_aur_000272,shp_aur_000272,car_aur_fedex_demo,TRK-AUR-00000272,expedited,3.900,13.93,1.67,15.60,USD,2026-09-17T17:04:00Z,delivered,operations
tenant_aura,mft_aur_000273,shp_aur_000273,car_aur_fedex_demo,TRK-AUR-00000273,expedited,3.250,12.72,1.53,14.25,USD,2026-09-13T04:48:00Z,delivered,operations
tenant_aura,mft_aur_000274,shp_aur_000274,car_aur_fedex_demo,TRK-AUR-00000274,expedited,3.900,13.93,1.67,15.60,USD,2026-09-15T10:00:00Z,delayed,operations
tenant_aura,mft_aur_000275,shp_aur_000275,car_aur_blueline,TRK-AUR-00000275,standard,0.650,7.90,0.95,8.85,USD,2026-08-18T10:54:00Z,delivered,operations
tenant_aura,mft_aur_000276,shp_aur_000276,car_aur_fedex_demo,TRK-AUR-00000276,expedited,2.600,11.52,1.38,12.90,USD,2026-08-12T13:37:00Z,delivered,operations
tenant_aura,mft_aur_000277,shp_aur_000277,car_aur_northstar,TRK-AUR-00000277,standard,0.650,7.90,0.95,8.85,USD,2026-08-20T14:27:00Z,delivered,operations
tenant_aura,mft_aur_000278,shp_aur_000278,car_aur_blueline,TRK-AUR-00000278,standard,0.650,7.90,0.95,8.85,USD,2026-08-19T02:46:00Z,delivered,operations
tenant_aura,mft_aur_000279,shp_aur_000279,car_aur_fedex_demo,TRK-AUR-00000279,expedited,2.600,11.52,1.38,12.90,USD,2026-08-26T06:06:00Z,delivered,operations
tenant_aura,mft_aur_000280,shp_aur_000280,car_aur_northstar,TRK-AUR-00000280,standard,3.250,12.72,1.53,14.25,USD,2026-09-17T04:54:00Z,delivered,operations
tenant_aura,mft_aur_000281,shp_aur_000281,car_aur_northstar,TRK-AUR-00000281,standard,1.950,10.31,1.24,11.55,USD,2026-08-30T02:16:00Z,delivered,operations
tenant_aura,mft_aur_000282,shp_aur_000282,car_aur_fedex_demo,TRK-AUR-00000282,expedited,2.600,11.52,1.38,12.90,USD,2026-08-18T13:10:00Z,delivered,operations
tenant_aura,mft_aur_000283,shp_aur_000283,car_aur_northstar,TRK-AUR-00000283,standard,1.950,10.31,1.24,11.55,USD,2026-09-06T06:34:00Z,delivered,operations
tenant_aura,mft_aur_000284,shp_aur_000284,car_aur_fedex_demo,TRK-AUR-00000284,expedited,1.950,10.31,1.24,11.55,USD,2026-08-21T02:29:00Z,delivered,operations
tenant_aura,mft_aur_000285,shp_aur_000285,car_aur_fedex_demo,TRK-AUR-00000285,expedited,2.600,11.52,1.38,12.90,USD,2026-08-20T18:24:00Z,delivered,operations
tenant_aura,mft_aur_000286,shp_aur_000286,car_aur_fedex_demo,TRK-AUR-00000286,expedited,3.900,13.93,1.67,15.60,USD,2026-08-17T07:21:00Z,delivered,operations
tenant_aura,mft_aur_000287,shp_aur_000287,car_aur_northstar,TRK-AUR-00000287,standard,3.900,13.93,1.67,15.60,USD,2026-08-31T18:29:00Z,delivered,operations
tenant_aura,mft_aur_000288,shp_aur_000288,car_aur_northstar,TRK-AUR-00000288,standard,1.950,10.31,1.24,11.55,USD,2026-08-22T04:30:00Z,delivered,operations
tenant_aura,mft_aur_000289,shp_aur_000289,car_aur_blueline,TRK-AUR-00000289,standard,1.950,10.31,1.24,11.55,USD,2026-09-18T17:16:00Z,delivered,operations
tenant_aura,mft_aur_000290,shp_aur_000290,car_aur_northstar,TRK-AUR-00000290,standard,2.600,11.52,1.38,12.90,USD,2026-08-28T01:59:00Z,delivered,operations
tenant_aura,mft_aur_000291,shp_aur_000291,car_aur_northstar,TRK-AUR-00000291,standard,1.300,9.11,1.09,10.20,USD,2026-08-25T10:46:00Z,delivered,operations
tenant_aura,mft_aur_000292,shp_aur_000292,car_aur_blueline,TRK-AUR-00000292,standard,5.850,17.54,2.11,19.65,USD,2026-08-21T02:23:00Z,delivered,operations
tenant_aura,mft_aur_000293,shp_aur_000293,car_aur_northstar,TRK-AUR-00000293,standard,1.300,9.11,1.09,10.20,USD,2026-08-16T08:20:00Z,delivered,operations
tenant_aura,mft_aur_000294,shp_aur_000294,car_aur_fedex_demo,TRK-AUR-00000294,expedited,2.600,11.52,1.38,12.90,USD,2026-09-06T08:01:00Z,delayed,operations
tenant_aura,mft_aur_000295,shp_aur_000295,car_aur_blueline,TRK-AUR-00000295,standard,3.900,13.93,1.67,15.60,USD,2026-09-15T04:25:00Z,in_transit,operations
tenant_aura,mft_aur_000296,shp_aur_000296,car_aur_northstar,TRK-AUR-00000296,standard,2.600,11.52,1.38,12.90,USD,2026-08-30T17:23:00Z,delivered,operations
tenant_aura,mft_aur_000297,shp_aur_000297,car_aur_blueline,TRK-AUR-00000297,standard,1.300,9.11,1.09,10.20,USD,2026-09-04T01:08:00Z,delivered,operations
tenant_aura,mft_aur_000298,shp_aur_000298,car_aur_fedex_demo,TRK-AUR-00000298,expedited,3.250,12.72,1.53,14.25,USD,2026-08-14T21:28:00Z,delivered,operations
tenant_aura,mft_aur_000299,shp_aur_000299,car_aur_blueline,TRK-AUR-00000299,standard,1.950,10.31,1.24,11.55,USD,2026-08-30T13:42:00Z,delivered,operations
tenant_aura,mft_aur_000300,shp_aur_000300,car_aur_blueline,TRK-AUR-00000300,standard,1.950,10.31,1.24,11.55,USD,2026-09-08T16:39:00Z,delivered,operations
tenant_aura,mft_aur_000301,shp_aur_000301,car_aur_blueline,TRK-AUR-00000301,standard,3.900,13.93,1.67,15.60,USD,2026-09-09T18:51:00Z,delivered,operations
tenant_aura,mft_aur_000302,shp_aur_000302,car_aur_blueline,TRK-AUR-00000302,standard,2.600,11.52,1.38,12.90,USD,2026-08-31T16:15:00Z,delivered,operations
tenant_aura,mft_aur_000303,shp_aur_000303,car_aur_northstar,TRK-AUR-00000303,standard,0.650,7.90,0.95,8.85,USD,2026-08-23T22:50:00Z,delivered,operations
tenant_aura,mft_aur_000304,shp_aur_000304,car_aur_northstar,TRK-AUR-00000304,standard,0.650,7.90,0.95,8.85,USD,2026-08-27T21:10:00Z,delivered,operations
tenant_aura,mft_aur_000305,shp_aur_000305,car_aur_fedex_demo,TRK-AUR-00000305,expedited,1.950,10.31,1.24,11.55,USD,2026-09-18T21:54:00Z,delivered,operations
tenant_aura,mft_aur_000306,shp_aur_000306,car_aur_blueline,TRK-AUR-00000306,standard,1.300,9.11,1.09,10.20,USD,2026-09-07T10:20:00Z,delivered,operations
tenant_aura,mft_aur_000307,shp_aur_000307,car_aur_fedex_demo,TRK-AUR-00000307,expedited,1.300,9.11,1.09,10.20,USD,2026-09-10T11:57:00Z,delivered,operations
tenant_aura,mft_aur_000308,shp_aur_000308,car_aur_fedex_demo,TRK-AUR-00000308,expedited,3.250,12.72,1.53,14.25,USD,2026-09-17T12:55:00Z,delivered,operations
tenant_aura,mft_aur_000309,shp_aur_000309,car_aur_blueline,TRK-AUR-00000309,standard,1.300,9.11,1.09,10.20,USD,2026-08-28T12:22:00Z,delivered,operations
tenant_aura,mft_aur_000310,shp_aur_000310,car_aur_blueline,TRK-AUR-00000310,standard,1.950,10.31,1.24,11.55,USD,2026-09-12T08:40:00Z,delivered,operations
tenant_aura,mft_aur_000311,shp_aur_000311,car_aur_fedex_demo,TRK-AUR-00000311,expedited,2.600,11.52,1.38,12.90,USD,2026-09-13T11:28:00Z,delivered,operations
tenant_aura,mft_aur_000312,shp_aur_000312,car_aur_fedex_demo,TRK-AUR-00000312,expedited,1.300,9.11,1.09,10.20,USD,2026-08-28T09:02:00Z,delivered,operations
tenant_aura,mft_aur_000313,shp_aur_000313,car_aur_fedex_demo,TRK-AUR-00000313,expedited,2.600,11.52,1.38,12.90,USD,2026-08-16T16:59:00Z,in_transit,operations
tenant_aura,mft_aur_000314,shp_aur_000314,car_aur_fedex_demo,TRK-AUR-00000314,expedited,3.900,13.93,1.67,15.60,USD,2026-08-27T17:43:00Z,delivered,operations
tenant_aura,mft_aur_000315,shp_aur_000315,car_aur_blueline,TRK-AUR-00000315,standard,5.200,16.34,1.96,18.30,USD,2026-08-30T16:58:00Z,delivered,operations
tenant_aura,mft_aur_000316,shp_aur_000316,car_aur_northstar,TRK-AUR-00000316,standard,1.950,10.31,1.24,11.55,USD,2026-09-08T22:15:00Z,delivered,operations
tenant_aura,mft_aur_000317,shp_aur_000317,car_aur_northstar,TRK-AUR-00000317,standard,0.650,7.90,0.95,8.85,USD,2026-09-01T14:56:00Z,delivered,operations
tenant_aura,mft_aur_000318,shp_aur_000318,car_aur_blueline,TRK-AUR-00000318,standard,3.900,13.93,1.67,15.60,USD,2026-09-17T06:34:00Z,delivered,operations
tenant_aura,mft_aur_000319,shp_aur_000319,car_aur_fedex_demo,TRK-AUR-00000319,expedited,1.300,9.11,1.09,10.20,USD,2026-08-12T02:15:00Z,delivered,operations
tenant_aura,mft_aur_000320,shp_aur_000320,car_aur_northstar,TRK-AUR-00000320,standard,1.950,10.31,1.24,11.55,USD,2026-09-05T01:55:00Z,delivered,operations
tenant_aura,mft_aur_000321,shp_aur_000321,car_aur_blueline,TRK-AUR-00000321,standard,4.550,15.13,1.82,16.95,USD,2026-09-07T05:41:00Z,delivered,operations
tenant_aura,mft_aur_000322,shp_aur_000322,car_aur_northstar,TRK-AUR-00000322,standard,1.950,10.31,1.24,11.55,USD,2026-08-17T16:02:00Z,delivered,operations
tenant_aura,mft_aur_000323,shp_aur_000323,car_aur_fedex_demo,TRK-AUR-00000323,expedited,1.950,10.31,1.24,11.55,USD,2026-09-15T06:51:00Z,delivered,operations
tenant_aura,mft_aur_000324,shp_aur_000324,car_aur_blueline,TRK-AUR-00000324,standard,0.650,7.90,0.95,8.85,USD,2026-09-09T03:02:00Z,delivered,operations
tenant_aura,mft_aur_000325,shp_aur_000325,car_aur_northstar,TRK-AUR-00000325,standard,1.300,9.11,1.09,10.20,USD,2026-09-18T20:50:00Z,delivered,operations
tenant_aura,mft_aur_000326,shp_aur_000326,car_aur_fedex_demo,TRK-AUR-00000326,expedited,0.650,7.90,0.95,8.85,USD,2026-08-28T04:57:00Z,delivered,operations
tenant_aura,mft_aur_000327,shp_aur_000327,car_aur_fedex_demo,TRK-AUR-00000327,expedited,2.600,11.52,1.38,12.90,USD,2026-08-18T11:54:00Z,delivered,operations
tenant_aura,mft_aur_000328,shp_aur_000328,car_aur_blueline,TRK-AUR-00000328,standard,1.300,9.11,1.09,10.20,USD,2026-09-07T23:23:00Z,delivered,operations
tenant_aura,mft_aur_000329,shp_aur_000329,car_aur_blueline,TRK-AUR-00000329,standard,1.950,10.31,1.24,11.55,USD,2026-08-13T08:10:00Z,delivered,operations
tenant_aura,mft_aur_000330,shp_aur_000330,car_aur_fedex_demo,TRK-AUR-00000330,expedited,2.600,11.52,1.38,12.90,USD,2026-09-01T05:28:00Z,delivered,operations
tenant_aura,mft_aur_000331,shp_aur_000331,car_aur_fedex_demo,TRK-AUR-00000331,expedited,1.950,10.31,1.24,11.55,USD,2026-09-12T14:49:00Z,delivered,operations
tenant_aura,mft_aur_000332,shp_aur_000332,car_aur_northstar,TRK-AUR-00000332,standard,0.650,7.90,0.95,8.85,USD,2026-08-28T10:56:00Z,delivered,operations
tenant_aura,mft_aur_000333,shp_aur_000333,car_aur_fedex_demo,TRK-AUR-00000333,expedited,1.950,10.31,1.24,11.55,USD,2026-09-06T03:04:00Z,delivered,operations
tenant_aura,mft_aur_000334,shp_aur_000334,car_aur_blueline,TRK-AUR-00000334,standard,2.600,11.52,1.38,12.90,USD,2026-09-16T01:53:00Z,delivered,operations
tenant_aura,mft_aur_000335,shp_aur_000335,car_aur_blueline,TRK-AUR-00000335,standard,3.900,13.93,1.67,15.60,USD,2026-08-14T15:40:00Z,delivered,operations
tenant_aura,mft_aur_000336,shp_aur_000336,car_aur_blueline,TRK-AUR-00000336,standard,3.250,12.72,1.53,14.25,USD,2026-08-21T21:34:00Z,delayed,operations
tenant_aura,mft_aur_000337,shp_aur_000337,car_aur_northstar,TRK-AUR-00000337,standard,1.950,10.31,1.24,11.55,USD,2026-08-25T18:17:00Z,delivered,operations
tenant_aura,mft_aur_000338,shp_aur_000338,car_aur_northstar,TRK-AUR-00000338,standard,1.950,10.31,1.24,11.55,USD,2026-08-25T03:38:00Z,in_transit,operations
tenant_aura,mft_aur_000339,shp_aur_000339,car_aur_blueline,TRK-AUR-00000339,standard,0.650,7.90,0.95,8.85,USD,2026-09-09T08:59:00Z,delivered,operations
tenant_aura,mft_aur_000340,shp_aur_000340,car_aur_fedex_demo,TRK-AUR-00000340,expedited,3.250,12.72,1.53,14.25,USD,2026-09-04T21:35:00Z,delivered,operations
tenant_aura,mft_aur_000341,shp_aur_000341,car_aur_blueline,TRK-AUR-00000341,standard,2.600,11.52,1.38,12.90,USD,2026-09-07T10:17:00Z,delivered,operations
tenant_aura,mft_aur_000342,shp_aur_000342,car_aur_fedex_demo,TRK-AUR-00000342,expedited,1.300,9.11,1.09,10.20,USD,2026-08-11T15:50:00Z,delivered,operations
tenant_aura,mft_aur_000343,shp_aur_000343,car_aur_northstar,TRK-AUR-00000343,standard,3.900,13.93,1.67,15.60,USD,2026-08-26T22:31:00Z,delivered,operations
tenant_aura,mft_aur_000344,shp_aur_000344,car_aur_northstar,TRK-AUR-00000344,standard,2.600,11.52,1.38,12.90,USD,2026-09-09T19:58:00Z,delivered,operations
tenant_aura,mft_aur_000345,shp_aur_000345,car_aur_blueline,TRK-AUR-00000345,standard,5.850,17.54,2.11,19.65,USD,2026-08-24T00:18:00Z,delivered,operations
tenant_aura,mft_aur_000346,shp_aur_000346,car_aur_blueline,TRK-AUR-00000346,standard,1.950,10.31,1.24,11.55,USD,2026-08-21T03:08:00Z,delivered,operations
tenant_aura,mft_aur_000347,shp_aur_000347,car_aur_blueline,TRK-AUR-00000347,standard,2.600,11.52,1.38,12.90,USD,2026-09-13T17:51:00Z,delivered,operations
tenant_aura,mft_aur_000348,shp_aur_000348,car_aur_northstar,TRK-AUR-00000348,standard,3.250,12.72,1.53,14.25,USD,2026-09-08T20:20:00Z,delivered,operations
tenant_aura,mft_aur_000349,shp_aur_000349,car_aur_blueline,TRK-AUR-00000349,standard,1.300,9.11,1.09,10.20,USD,2026-08-29T05:46:00Z,delivered,operations
tenant_aura,mft_aur_000350,shp_aur_000350,car_aur_fedex_demo,TRK-AUR-00000350,expedited,3.900,13.93,1.67,15.60,USD,2026-09-13T05:21:00Z,delivered,operations
tenant_aura,mft_aur_000351,shp_aur_000351,car_aur_fedex_demo,TRK-AUR-00000351,expedited,2.600,11.52,1.38,12.90,USD,2026-08-25T06:29:00Z,delivered,operations
tenant_aura,mft_aur_000352,shp_aur_000352,car_aur_northstar,TRK-AUR-00000352,standard,2.600,11.52,1.38,12.90,USD,2026-09-07T04:46:00Z,delivered,operations
tenant_aura,mft_aur_000353,shp_aur_000353,car_aur_northstar,TRK-AUR-00000353,standard,0.650,7.90,0.95,8.85,USD,2026-09-17T01:18:00Z,delivered,operations
tenant_aura,mft_aur_000354,shp_aur_000354,car_aur_blueline,TRK-AUR-00000354,standard,1.300,9.11,1.09,10.20,USD,2026-09-21T02:32:00Z,delivered,operations
tenant_aura,mft_aur_000355,shp_aur_000355,car_aur_blueline,TRK-AUR-00000355,standard,1.950,10.31,1.24,11.55,USD,2026-08-27T18:45:00Z,delivered,operations
tenant_aura,mft_aur_000356,shp_aur_000356,car_aur_fedex_demo,TRK-AUR-00000356,expedited,3.900,13.93,1.67,15.60,USD,2026-08-14T02:57:00Z,delivered,operations
tenant_aura,mft_aur_000357,shp_aur_000357,car_aur_blueline,TRK-AUR-00000357,standard,1.300,9.11,1.09,10.20,USD,2026-09-20T15:22:00Z,delivered,operations
tenant_aura,mft_aur_000358,shp_aur_000358,car_aur_blueline,TRK-AUR-00000358,standard,3.900,13.93,1.67,15.60,USD,2026-09-15T03:34:00Z,delivered,operations
tenant_aura,mft_aur_000359,shp_aur_000359,car_aur_blueline,TRK-AUR-00000359,standard,3.250,12.72,1.53,14.25,USD,2026-08-13T10:20:00Z,delivered,operations
tenant_aura,mft_aur_000360,shp_aur_000360,car_aur_fedex_demo,TRK-AUR-00000360,expedited,1.950,10.31,1.24,11.55,USD,2026-09-13T15:57:00Z,delivered,operations
tenant_aura,mft_aur_000361,shp_aur_000361,car_aur_fedex_demo,TRK-AUR-00000361,expedited,0.650,7.90,0.95,8.85,USD,2026-08-25T15:18:00Z,in_transit,operations
tenant_aura,mft_aur_000362,shp_aur_000362,car_aur_northstar,TRK-AUR-00000362,standard,1.300,9.11,1.09,10.20,USD,2026-09-09T11:43:00Z,delivered,operations
tenant_aura,mft_aur_000363,shp_aur_000363,car_aur_blueline,TRK-AUR-00000363,standard,0.650,7.90,0.95,8.85,USD,2026-09-02T05:31:00Z,delivered,operations
tenant_aura,mft_aur_000364,shp_aur_000364,car_aur_fedex_demo,TRK-AUR-00000364,expedited,5.200,16.34,1.96,18.30,USD,2026-09-07T07:11:00Z,delivered,operations
tenant_aura,mft_aur_000365,shp_aur_000365,car_aur_northstar,TRK-AUR-00000365,standard,3.250,12.72,1.53,14.25,USD,2026-08-27T06:10:00Z,delivered,operations
tenant_aura,mft_aur_000366,shp_aur_000366,car_aur_blueline,TRK-AUR-00000366,standard,0.650,7.90,0.95,8.85,USD,2026-09-10T21:06:00Z,delayed,operations
tenant_aura,mft_aur_000367,shp_aur_000367,car_aur_northstar,TRK-AUR-00000367,standard,2.600,11.52,1.38,12.90,USD,2026-08-13T08:03:00Z,delivered,operations
tenant_aura,mft_aur_000368,shp_aur_000368,car_aur_blueline,TRK-AUR-00000368,standard,1.950,10.31,1.24,11.55,USD,2026-08-13T06:54:00Z,in_transit,operations
tenant_aura,mft_aur_000369,shp_aur_000369,car_aur_fedex_demo,TRK-AUR-00000369,expedited,0.650,7.90,0.95,8.85,USD,2026-09-07T03:20:00Z,delivered,operations
tenant_aura,mft_aur_000370,shp_aur_000370,car_aur_fedex_demo,TRK-AUR-00000370,expedited,2.600,11.52,1.38,12.90,USD,2026-08-16T16:40:00Z,delivered,operations
tenant_aura,mft_aur_000371,shp_aur_000371,car_aur_fedex_demo,TRK-AUR-00000371,expedited,3.250,12.72,1.53,14.25,USD,2026-08-15T18:30:00Z,delayed,operations
tenant_aura,mft_aur_000372,shp_aur_000372,car_aur_fedex_demo,TRK-AUR-00000372,expedited,3.250,12.72,1.53,14.25,USD,2026-08-17T09:36:00Z,delivered,operations
tenant_aura,mft_aur_000373,shp_aur_000373,car_aur_blueline,TRK-AUR-00000373,standard,0.650,7.90,0.95,8.85,USD,2026-08-20T10:19:00Z,delivered,operations
tenant_aura,mft_aur_000374,shp_aur_000374,car_aur_blueline,TRK-AUR-00000374,standard,2.600,11.52,1.38,12.90,USD,2026-09-13T16:23:00Z,delivered,operations
tenant_aura,mft_aur_000375,shp_aur_000375,car_aur_fedex_demo,TRK-AUR-00000375,expedited,2.600,11.52,1.38,12.90,USD,2026-09-11T14:58:00Z,delivered,operations
tenant_aura,mft_aur_000376,shp_aur_000376,car_aur_blueline,TRK-AUR-00000376,standard,3.250,12.72,1.53,14.25,USD,2026-08-30T00:12:00Z,delivered,operations
tenant_aura,mft_aur_000377,shp_aur_000377,car_aur_northstar,TRK-AUR-00000377,standard,5.200,16.34,1.96,18.30,USD,2026-08-21T17:07:00Z,delivered,operations
tenant_aura,mft_aur_000378,shp_aur_000378,car_aur_northstar,TRK-AUR-00000378,standard,3.250,12.72,1.53,14.25,USD,2026-08-17T06:55:00Z,delivered,operations
tenant_aura,mft_aur_000379,shp_aur_000379,car_aur_blueline,TRK-AUR-00000379,standard,1.950,10.31,1.24,11.55,USD,2026-09-19T14:16:00Z,delivered,operations
tenant_aura,mft_aur_000380,shp_aur_000380,car_aur_fedex_demo,TRK-AUR-00000380,expedited,3.250,12.72,1.53,14.25,USD,2026-08-20T22:53:00Z,delivered,operations
tenant_aura,mft_aur_000381,shp_aur_000381,car_aur_fedex_demo,TRK-AUR-00000381,expedited,0.650,7.90,0.95,8.85,USD,2026-09-18T08:27:00Z,delivered,operations
tenant_aura,mft_aur_000382,shp_aur_000382,car_aur_fedex_demo,TRK-AUR-00000382,expedited,2.600,11.52,1.38,12.90,USD,2026-09-20T00:29:00Z,delivered,operations
tenant_aura,mft_aur_000383,shp_aur_000383,car_aur_northstar,TRK-AUR-00000383,standard,1.950,10.31,1.24,11.55,USD,2026-09-16T16:56:00Z,delivered,operations
tenant_aura,mft_aur_000384,shp_aur_000384,car_aur_northstar,TRK-AUR-00000384,standard,1.950,10.31,1.24,11.55,USD,2026-09-15T13:15:00Z,delivered,operations
tenant_aura,mft_aur_000385,shp_aur_000385,car_aur_blueline,TRK-AUR-00000385,standard,1.300,9.11,1.09,10.20,USD,2026-09-16T21:12:00Z,delivered,operations
tenant_aura,mft_aur_000386,shp_aur_000386,car_aur_northstar,TRK-AUR-00000386,standard,1.300,9.11,1.09,10.20,USD,2026-08-19T10:31:00Z,delivered,operations
tenant_aura,mft_aur_000387,shp_aur_000387,car_aur_blueline,TRK-AUR-00000387,standard,2.600,11.52,1.38,12.90,USD,2026-09-15T03:58:00Z,delivered,operations
tenant_aura,mft_aur_000388,shp_aur_000388,car_aur_fedex_demo,TRK-AUR-00000388,expedited,0.650,7.90,0.95,8.85,USD,2026-08-18T00:10:00Z,delivered,operations
tenant_aura,mft_aur_000389,shp_aur_000389,car_aur_blueline,TRK-AUR-00000389,standard,1.950,10.31,1.24,11.55,USD,2026-08-28T23:29:00Z,delivered,operations
tenant_aura,mft_aur_000390,shp_aur_000390,car_aur_blueline,TRK-AUR-00000390,standard,1.300,9.11,1.09,10.20,USD,2026-09-09T04:41:00Z,delivered,operations
tenant_aura,mft_aur_000391,shp_aur_000391,car_aur_fedex_demo,TRK-AUR-00000391,expedited,1.950,10.31,1.24,11.55,USD,2026-08-30T08:54:00Z,delivered,operations
tenant_aura,mft_aur_000392,shp_aur_000392,car_aur_fedex_demo,TRK-AUR-00000392,expedited,3.250,12.72,1.53,14.25,USD,2026-08-22T09:15:00Z,delivered,operations
tenant_aura,mft_aur_000393,shp_aur_000393,car_aur_blueline,TRK-AUR-00000393,standard,3.250,12.72,1.53,14.25,USD,2026-09-11T04:27:00Z,delivered,operations
tenant_aura,mft_aur_000394,shp_aur_000394,car_aur_fedex_demo,TRK-AUR-00000394,expedited,1.300,9.11,1.09,10.20,USD,2026-08-31T01:59:00Z,delivered,operations
tenant_aura,mft_aur_000395,shp_aur_000395,car_aur_fedex_demo,TRK-AUR-00000395,expedited,2.600,11.52,1.38,12.90,USD,2026-08-23T10:26:00Z,delivered,operations
tenant_aura,mft_aur_000396,shp_aur_000396,car_aur_fedex_demo,TRK-AUR-00000396,expedited,3.900,13.93,1.67,15.60,USD,2026-09-06T05:25:00Z,delivered,operations
tenant_aura,mft_aur_000397,shp_aur_000397,car_aur_northstar,TRK-AUR-00000397,standard,0.650,7.90,0.95,8.85,USD,2026-08-28T20:41:00Z,delivered,operations
tenant_aura,mft_aur_000398,shp_aur_000398,car_aur_northstar,TRK-AUR-00000398,standard,3.900,13.93,1.67,15.60,USD,2026-08-18T16:37:00Z,delivered,operations
tenant_aura,mft_aur_000399,shp_aur_000399,car_aur_northstar,TRK-AUR-00000399,standard,7.800,21.16,2.54,23.70,USD,2026-08-31T07:31:00Z,delivered,operations
tenant_aura,mft_aur_000400,shp_aur_000400,car_aur_blueline,TRK-AUR-00000400,standard,3.900,13.93,1.67,15.60,USD,2026-08-30T21:09:00Z,delivered,operations
tenant_aura,mft_aur_000401,shp_aur_000401,car_aur_northstar,TRK-AUR-00000401,standard,1.950,10.31,1.24,11.55,USD,2026-08-30T22:24:00Z,delivered,operations
tenant_aura,mft_aur_000402,shp_aur_000402,car_aur_fedex_demo,TRK-AUR-00000402,expedited,0.650,7.90,0.95,8.85,USD,2026-09-08T09:51:00Z,delivered,operations
tenant_aura,mft_aur_000403,shp_aur_000403,car_aur_northstar,TRK-AUR-00000403,standard,1.300,9.11,1.09,10.20,USD,2026-08-20T22:08:00Z,delivered,operations
tenant_aura,mft_aur_000404,shp_aur_000404,car_aur_northstar,TRK-AUR-00000404,standard,1.300,9.11,1.09,10.20,USD,2026-09-05T18:56:00Z,delivered,operations
tenant_aura,mft_aur_000405,shp_aur_000405,car_aur_northstar,TRK-AUR-00000405,standard,0.650,7.90,0.95,8.85,USD,2026-08-15T10:39:00Z,delivered,operations
tenant_aura,mft_aur_000406,shp_aur_000406,car_aur_fedex_demo,TRK-AUR-00000406,expedited,4.550,15.13,1.82,16.95,USD,2026-09-04T02:34:00Z,delivered,operations
tenant_aura,mft_aur_000407,shp_aur_000407,car_aur_fedex_demo,TRK-AUR-00000407,expedited,3.250,12.72,1.53,14.25,USD,2026-08-14T17:23:00Z,in_transit,operations
tenant_aura,mft_aur_000408,shp_aur_000408,car_aur_blueline,TRK-AUR-00000408,standard,3.900,13.93,1.67,15.60,USD,2026-08-15T18:25:00Z,delivered,operations
tenant_aura,mft_aur_000409,shp_aur_000409,car_aur_northstar,TRK-AUR-00000409,standard,1.300,9.11,1.09,10.20,USD,2026-09-13T17:56:00Z,delivered,operations
tenant_aura,mft_aur_000410,shp_aur_000410,car_aur_fedex_demo,TRK-AUR-00000410,expedited,3.900,13.93,1.67,15.60,USD,2026-08-31T08:28:00Z,delivered,operations
tenant_aura,mft_aur_000411,shp_aur_000411,car_aur_blueline,TRK-AUR-00000411,standard,1.300,9.11,1.09,10.20,USD,2026-08-16T08:56:00Z,delivered,operations
tenant_aura,mft_aur_000412,shp_aur_000412,car_aur_northstar,TRK-AUR-00000412,standard,0.650,7.90,0.95,8.85,USD,2026-09-13T23:48:00Z,delivered,operations
tenant_aura,mft_aur_000413,shp_aur_000413,car_aur_blueline,TRK-AUR-00000413,standard,3.250,12.72,1.53,14.25,USD,2026-08-15T07:20:00Z,delivered,operations
tenant_aura,mft_aur_000414,shp_aur_000414,car_aur_blueline,TRK-AUR-00000414,standard,0.650,7.90,0.95,8.85,USD,2026-09-10T23:09:00Z,delivered,operations
tenant_aura,mft_aur_000415,shp_aur_000415,car_aur_fedex_demo,TRK-AUR-00000415,expedited,1.300,9.11,1.09,10.20,USD,2026-08-21T05:06:00Z,delivered,operations
tenant_aura,mft_aur_000416,shp_aur_000416,car_aur_fedex_demo,TRK-AUR-00000416,expedited,4.550,15.13,1.82,16.95,USD,2026-08-21T00:08:00Z,delayed,operations
tenant_aura,mft_aur_000417,shp_aur_000417,car_aur_fedex_demo,TRK-AUR-00000417,expedited,3.900,13.93,1.67,15.60,USD,2026-09-03T19:22:00Z,in_transit,operations
tenant_aura,mft_aur_000418,shp_aur_000418,car_aur_blueline,TRK-AUR-00000418,standard,5.200,16.34,1.96,18.30,USD,2026-09-11T18:12:00Z,delivered,operations
tenant_aura,mft_aur_000419,shp_aur_000419,car_aur_fedex_demo,TRK-AUR-00000419,expedited,1.950,10.31,1.24,11.55,USD,2026-09-02T01:51:00Z,delivered,operations
tenant_aura,mft_aur_000420,shp_aur_000420,car_aur_northstar,TRK-AUR-00000420,standard,3.250,12.72,1.53,14.25,USD,2026-09-11T20:08:00Z,delivered,operations
tenant_aura,mft_aur_000421,shp_aur_000421,car_aur_blueline,TRK-AUR-00000421,standard,0.650,7.90,0.95,8.85,USD,2026-09-16T00:15:00Z,delivered,operations
tenant_aura,mft_aur_000422,shp_aur_000422,car_aur_fedex_demo,TRK-AUR-00000422,expedited,1.950,10.31,1.24,11.55,USD,2026-08-13T18:48:00Z,delivered,operations
tenant_aura,mft_aur_000423,shp_aur_000423,car_aur_blueline,TRK-AUR-00000423,standard,2.600,11.52,1.38,12.90,USD,2026-08-31T14:17:00Z,delivered,operations
tenant_aura,mft_aur_000424,shp_aur_000424,car_aur_fedex_demo,TRK-AUR-00000424,expedited,3.250,12.72,1.53,14.25,USD,2026-08-13T11:08:00Z,in_transit,operations
tenant_aura,mft_aur_000425,shp_aur_000425,car_aur_northstar,TRK-AUR-00000425,standard,1.950,10.31,1.24,11.55,USD,2026-09-06T13:28:00Z,delivered,operations
tenant_aura,mft_aur_000426,shp_aur_000426,car_aur_fedex_demo,TRK-AUR-00000426,expedited,2.600,11.52,1.38,12.90,USD,2026-09-18T18:26:00Z,delivered,operations
tenant_aura,mft_aur_000427,shp_aur_000427,car_aur_blueline,TRK-AUR-00000427,standard,3.250,12.72,1.53,14.25,USD,2026-08-31T09:33:00Z,delivered,operations
tenant_aura,mft_aur_000428,shp_aur_000428,car_aur_blueline,TRK-AUR-00000428,standard,0.650,7.90,0.95,8.85,USD,2026-09-05T00:08:00Z,delivered,operations
tenant_aura,mft_aur_000429,shp_aur_000429,car_aur_blueline,TRK-AUR-00000429,standard,0.650,7.90,0.95,8.85,USD,2026-09-09T20:53:00Z,delivered,operations
tenant_aura,mft_aur_000430,shp_aur_000430,car_aur_fedex_demo,TRK-AUR-00000430,expedited,2.600,11.52,1.38,12.90,USD,2026-08-13T07:33:00Z,delivered,operations
tenant_aura,mft_aur_000431,shp_aur_000431,car_aur_blueline,TRK-AUR-00000431,standard,0.650,7.90,0.95,8.85,USD,2026-08-25T14:14:00Z,delivered,operations
tenant_aura,mft_aur_000432,shp_aur_000432,car_aur_fedex_demo,TRK-AUR-00000432,expedited,1.950,10.31,1.24,11.55,USD,2026-09-13T18:38:00Z,delivered,operations
tenant_aura,mft_aur_000433,shp_aur_000433,car_aur_fedex_demo,TRK-AUR-00000433,expedited,1.300,9.11,1.09,10.20,USD,2026-09-17T04:25:00Z,delivered,operations
tenant_aura,mft_aur_000434,shp_aur_000434,car_aur_blueline,TRK-AUR-00000434,standard,0.650,7.90,0.95,8.85,USD,2026-09-09T09:29:00Z,delivered,operations
tenant_aura,mft_aur_000435,shp_aur_000435,car_aur_fedex_demo,TRK-AUR-00000435,expedited,1.950,10.31,1.24,11.55,USD,2026-09-13T06:59:00Z,delivered,operations
tenant_aura,mft_aur_000436,shp_aur_000436,car_aur_blueline,TRK-AUR-00000436,standard,241.200,85.82,10.30,96.12,USD,2026-09-05T11:59:59Z,delivered,operations
tenant_aura,mft_aur_000437,shp_aur_000437,car_aur_blueline,TRK-AUR-00000437,standard,685.800,125.52,15.06,140.58,USD,2026-09-14T11:59:59Z,delivered,operations
tenant_aura,mft_aur_000438,shp_aur_000438,car_aur_fedex_demo,TRK-AUR-00000438,expedited,766.800,132.75,15.93,148.68,USD,2026-09-11T11:59:59Z,delivered,operations
tenant_aura,mft_aur_000439,shp_aur_000439,car_aur_fedex_demo,TRK-AUR-00000439,expedited,282.600,89.52,10.74,100.26,USD,2026-09-06T11:59:59Z,delivered,operations
tenant_aura,mft_aur_000440,shp_aur_000440,car_aur_fedex_demo,TRK-AUR-00000440,expedited,307.800,91.77,11.01,102.78,USD,2026-09-06T11:59:59Z,in_transit,operations
tenant_aura,mft_aur_000441,shp_aur_000441,car_aur_fedex_demo,TRK-AUR-00000441,expedited,181.800,80.52,9.66,90.18,USD,2026-09-08T11:59:59Z,delayed,operations
tenant_aura,mft_aur_000442,shp_aur_000442,car_aur_fedex_demo,TRK-AUR-00000442,expedited,613.800,119.09,14.29,133.38,USD,2026-09-06T11:59:59Z,delivered,operations
tenant_aura,mft_aur_000443,shp_aur_000443,car_aur_fedex_demo,TRK-AUR-00000443,expedited,495.000,108.48,13.02,121.50,USD,2026-09-09T11:59:59Z,delayed,operations
tenant_aura,mft_aur_000444,shp_aur_000444,car_aur_blueline,TRK-AUR-00000444,standard,595.800,117.48,14.10,131.58,USD,2026-09-11T11:59:59Z,in_transit,operations
tenant_aura,mft_aur_000445,shp_aur_000445,car_aur_fedex_demo,TRK-AUR-00000445,expedited,365.400,96.91,11.63,108.54,USD,2026-09-04T11:59:59Z,in_transit,operations
tenant_aura,mft_aur_000446,shp_aur_000446,car_aur_northstar,TRK-AUR-00000446,standard,216.000,83.57,10.03,93.60,USD,2026-09-09T11:59:59Z,delivered,operations
tenant_aura,mft_aur_000447,shp_aur_000447,car_aur_northstar,TRK-AUR-00000447,standard,329.400,93.70,11.24,104.94,USD,2026-09-19T11:59:59Z,delivered,operations
tenant_aura,mft_aur_000448,shp_aur_000448,car_aur_blueline,TRK-AUR-00000448,standard,282.600,89.52,10.74,100.26,USD,2026-09-16T11:59:59Z,delivered,operations
tenant_aura,mft_aur_000449,shp_aur_000449,car_aur_northstar,TRK-AUR-00000449,standard,549.000,113.30,13.60,126.90,USD,2026-09-10T11:59:59Z,delivered,operations
tenant_aura,mft_aur_000450,shp_aur_000450,car_aur_blueline,TRK-AUR-00000450,standard,471.600,106.39,12.77,119.16,USD,2026-09-12T11:59:59Z,delivered,operations
tenant_aura,mft_aur_000451,shp_aur_000451,car_aur_northstar,TRK-AUR-00000451,standard,491.400,108.16,12.98,121.14,USD,2026-09-07T11:59:59Z,delivered,operations
tenant_aura,mft_aur_000452,shp_aur_000452,car_aur_blueline,TRK-AUR-00000452,standard,180.000,80.36,9.64,90.00,USD,2026-09-12T11:59:59Z,delivered,operations
tenant_aura,mft_aur_000453,shp_aur_000453,car_aur_fedex_demo,TRK-AUR-00000453,expedited,201.600,82.29,9.87,92.16,USD,2026-09-16T11:59:59Z,delayed,operations
tenant_aura,mft_aur_000454,shp_aur_000454,car_aur_fedex_demo,TRK-AUR-00000454,expedited,919.800,146.41,17.57,163.98,USD,2026-09-10T11:59:59Z,in_transit,operations
tenant_aura,mft_aur_000455,shp_aur_000455,car_aur_fedex_demo,TRK-AUR-00000455,expedited,531.000,111.70,13.40,125.10,USD,2026-09-06T11:59:59Z,in_transit,operations
tenant_aura,mft_aur_000456,shp_aur_000456,car_aur_fedex_demo,TRK-AUR-00000456,expedited,747.000,130.98,15.72,146.70,USD,2026-09-15T11:59:59Z,delayed,operations
tenant_aura,mft_aur_000457,shp_aur_000457,car_aur_fedex_demo,TRK-AUR-00000457,expedited,241.200,85.82,10.30,96.12,USD,2026-09-13T11:59:59Z,delayed,operations
tenant_aura,mft_aur_000458,shp_aur_000458,car_aur_blueline,TRK-AUR-00000458,standard,385.200,98.68,11.84,110.52,USD,2026-09-07T11:59:59Z,delayed,operations
tenant_aura,mft_aur_000459,shp_aur_000459,car_aur_northstar,TRK-AUR-00000459,standard,505.800,109.45,13.13,122.58,USD,2026-09-10T11:59:59Z,in_transit,operations
