tenant_id,customer_id,customer_segment,region_id,display_name,email_alias,sensitivity
tenant_aura,cus_aur_0001,consumer,reg_aur_east,AUR Customer 0001,customer0001@aur.example,support
tenant_aura,cus_aur_0002,consumer,reg_aur_central,AUR Customer 0002,customer0002@aur.example,support
tenant_aura,cus_aur_0003,consumer,reg_aur_west,AUR Customer 0003,customer0003@aur.example,support
tenant_aura,cus_aur_0004,consumer,reg_aur_east,AUR Customer 0004,customer0004@aur.example,support
tenant_aura,cus_aur_0005,small_business,reg_aur_central,AUR Customer 0005,customer0005@aur.example,support
tenant_aura,cus_aur_0006,consumer,reg_aur_west,AUR Customer 0006,customer0006@aur.example,support
tenant_aura,cus_aur_0007,consumer,reg_aur_east,AUR Customer 0007,customer0007@aur.example,support
tenant_aura,cus_aur_0008,consumer,reg_aur_central,AUR Customer 0008,customer0008@aur.example,support
tenant_aura,cus_aur_0009,consumer,reg_aur_west,AUR Customer 0009,customer0009@aur.example,support
tenant_aura,cus_aur_0010,consumer,reg_aur_east,AUR Customer 0010,customer0010@aur.example,support
tenant_aura,cus_aur_0011,consumer,reg_aur_central,AUR Customer 0011,customer0011@aur.example,support
tenant_aura,cus_aur_0012,consumer,reg_aur_west,AUR Customer 0012,customer0012@aur.example,support
tenant_aura,cus_aur_0013,consumer,reg_aur_east,AUR Customer 0013,customer0013@aur.example,support
tenant_aura,cus_aur_0014,consumer,reg_aur_central,AUR Customer 0014,customer0014@aur.example,support
tenant_aura,cus_aur_0015,consumer,reg_aur_west,AUR Customer 0015,customer0015@aur.example,support
tenant_aura,cus_aur_0016,consumer,reg_aur_east,AUR Customer 0016,customer0016@aur.example,support
tenant_aura,cus_aur_0017,small_business,reg_aur_central,AUR Customer 0017,customer0017@aur.example,support
tenant_aura,cus_aur_0018,consumer,reg_aur_west,AUR Customer 0018,customer0018@aur.example,support
tenant_aura,cus_aur_0019,consumer,reg_aur_east,AUR Customer 0019,customer0019@aur.example,support
tenant_aura,cus_aur_0020,consumer,reg_aur_central,AUR Customer 0020,customer0020@aur.example,support
tenant_aura,cus_aur_0021,consumer,reg_aur_west,AUR Customer 0021,customer0021@aur.example,support
tenant_aura,cus_aur_0022,consumer,reg_aur_east,AUR Customer 0022,customer0022@aur.example,support
tenant_aura,cus_aur_0023,consumer,reg_aur_central,AUR Customer 0023,customer0023@aur.example,support
tenant_aura,cus_aur_0024,wholesale,reg_aur_west,AUR Customer 0024,customer0024@aur.example,support
tenant_aura,cus_aur_0025,consumer,reg_aur_east,AUR Customer 0025,customer0025@aur.example,support
tenant_aura,cus_aur_0026,consumer,reg_aur_central,AUR Customer 0026,customer0026@aur.example,support
tenant_aura,cus_aur_0027,consumer,reg_aur_west,AUR Customer 0027,customer0027@aur.example,support
tenant_aura,cus_aur_0028,consumer,reg_aur_east,AUR Customer 0028,customer0028@aur.example,support
tenant_aura,cus_aur_0029,consumer,reg_aur_central,AUR Customer 0029,customer0029@aur.example,support
tenant_aura,cus_aur_0030,consumer,reg_aur_west,AUR Customer 0030,customer0030@aur.example,support
tenant_aura,cus_aur_0031,consumer,reg_aur_east,AUR Customer 0031,customer0031@aur.example,support
tenant_aura,cus_aur_0032,consumer,reg_aur_central,AUR Customer 0032,customer0032@aur.example,support
tenant_aura,cus_aur_0033,consumer,reg_aur_west,AUR Customer 0033,customer0033@aur.example,support
tenant_aura,cus_aur_0034,consumer,reg_aur_east,AUR Customer 0034,customer0034@aur.example,support
tenant_aura,cus_aur_0035,small_business,reg_aur_central,AUR Customer 0035,customer0035@aur.example,support
tenant_aura,cus_aur_0036,small_business,reg_aur_west,AUR Customer 0036,customer0036@aur.example,support
tenant_aura,cus_aur_0037,consumer,reg_aur_east,AUR Customer 0037,customer0037@aur.example,support
tenant_aura,cus_aur_0038,consumer,reg_aur_central,AUR Customer 0038,customer0038@aur.example,support
tenant_aura,cus_aur_0039,wholesale,reg_aur_west,AUR Customer 0039,customer0039@aur.example,support
tenant_aura,cus_aur_0040,wholesale,reg_aur_east,AUR Customer 0040,customer0040@aur.example,support
tenant_aura,cus_aur_0041,consumer,reg_aur_central,AUR Customer 0041,customer0041@aur.example,support
tenant_aura,cus_aur_0042,consumer,reg_aur_west,AUR Customer 0042,customer0042@aur.example,support
tenant_aura,cus_aur_0043,wholesale,reg_aur_east,AUR Customer 0043,customer0043@aur.example,support
tenant_aura,cus_aur_0044,small_business,reg_aur_central,AUR Customer 0044,customer0044@aur.example,support
tenant_aura,cus_aur_0045,consumer,reg_aur_west,AUR Customer 0045,customer0045@aur.example,support
tenant_aura,cus_aur_0046,consumer,reg_aur_east,AUR Customer 0046,customer0046@aur.example,support
tenant_aura,cus_aur_0047,wholesale,reg_aur_central,AUR Customer 0047,customer0047@aur.example,support
tenant_aura,cus_aur_0048,consumer,reg_aur_west,AUR Customer 0048,customer0048@aur.example,support
tenant_aura,cus_aur_0049,small_business,reg_aur_east,AUR Customer 0049,customer0049@aur.example,support
tenant_aura,cus_aur_0050,consumer,reg_aur_central,AUR Customer 0050,customer0050@aur.example,support
tenant_aura,cus_aur_0051,small_business,reg_aur_west,AUR Customer 0051,customer0051@aur.example,support
tenant_aura,cus_aur_0052,consumer,reg_aur_east,AUR Customer 0052,customer0052@aur.example,support
tenant_aura,cus_aur_0053,consumer,reg_aur_central,AUR Customer 0053,customer0053@aur.example,support
tenant_aura,cus_aur_0054,consumer,reg_aur_west,AUR Customer 0054,customer0054@aur.example,support
tenant_aura,cus_aur_0055,small_business,reg_aur_east,AUR Customer 0055,customer0055@aur.example,support
tenant_aura,cus_aur_0056,consumer,reg_aur_central,AUR Customer 0056,customer0056@aur.example,support
tenant_aura,cus_aur_0057,consumer,reg_aur_west,AUR Customer 0057,customer0057@aur.example,support
tenant_aura,cus_aur_0058,consumer,reg_aur_east,AUR Customer 0058,customer0058@aur.example,support
tenant_aura,cus_aur_0059,consumer,reg_aur_central,AUR Customer 0059,customer0059@aur.example,support
tenant_aura,cus_aur_0060,consumer,reg_aur_west,AUR Customer 0060,customer0060@aur.example,support
tenant_aura,cus_aur_0061,consumer,reg_aur_east,AUR Customer 0061,customer0061@aur.example,support
tenant_aura,cus_aur_0062,consumer,reg_aur_central,AUR Customer 0062,customer0062@aur.example,support
tenant_aura,cus_aur_0063,small_business,reg_aur_west,AUR Customer 0063,customer0063@aur.example,support
tenant_aura,cus_aur_0064,consumer,reg_aur_east,AUR Customer 0064,customer0064@aur.example,support
tenant_aura,cus_aur_0065,consumer,reg_aur_central,AUR Customer 0065,customer0065@aur.example,support
tenant_aura,cus_aur_0066,consumer,reg_aur_west,AUR Customer 0066,customer0066@aur.example,support
tenant_aura,cus_aur_0067,consumer,reg_aur_east,AUR Customer 0067,customer0067@aur.example,support
tenant_aura,cus_aur_0068,consumer,reg_aur_central,AUR Customer 0068,customer0068@aur.example,support
tenant_aura,cus_aur_0069,small_business,reg_aur_west,AUR Customer 0069,customer0069@aur.example,support
tenant_aura,cus_aur_0070,consumer,reg_aur_east,AUR Customer 0070,customer0070@aur.example,support
tenant_aura,cus_aur_0071,consumer,reg_aur_central,AUR Customer 0071,customer0071@aur.example,support
tenant_aura,cus_aur_0072,consumer,reg_aur_west,AUR Customer 0072,customer0072@aur.example,support
tenant_aura,cus_aur_0073,consumer,reg_aur_east,AUR Customer 0073,customer0073@aur.example,support
tenant_aura,cus_aur_0074,consumer,reg_aur_central,AUR Customer 0074,customer0074@aur.example,support
tenant_aura,cus_aur_0075,consumer,reg_aur_west,AUR Customer 0075,customer0075@aur.example,support
tenant_aura,cus_aur_0076,small_business,reg_aur_east,AUR Customer 0076,customer0076@aur.example,support
tenant_aura,cus_aur_0077,consumer,reg_aur_central,AUR Customer 0077,customer0077@aur.example,support
tenant_aura,cus_aur_0078,consumer,reg_aur_west,AUR Customer 0078,customer0078@aur.example,support
tenant_aura,cus_aur_0079,consumer,reg_aur_east,AUR Customer 0079,customer0079@aur.example,support
tenant_aura,cus_aur_0080,consumer,reg_aur_central,AUR Customer 0080,customer0080@aur.example,support
tenant_aura,cus_aur_0081,consumer,reg_aur_west,AUR Customer 0081,customer0081@aur.example,support
tenant_aura,cus_aur_0082,consumer,reg_aur_east,AUR Customer 0082,customer0082@aur.example,support
tenant_aura,cus_aur_0083,consumer,reg_aur_central,AUR Customer 0083,customer0083@aur.example,support
tenant_aura,cus_aur_0084,consumer,reg_aur_west,AUR Customer 0084,customer0084@aur.example,support
tenant_aura,cus_aur_0085,consumer,reg_aur_east,AUR Customer 0085,customer0085@aur.example,support
tenant_aura,cus_aur_0086,small_business,reg_aur_central,AUR Customer 0086,customer0086@aur.example,support
tenant_aura,cus_aur_0087,wholesale,reg_aur_west,AUR Customer 0087,customer0087@aur.example,support
tenant_aura,cus_aur_0088,consumer,reg_aur_east,AUR Customer 0088,customer0088@aur.example,support
tenant_aura,cus_aur_0089,small_business,reg_aur_central,AUR Customer 0089,customer0089@aur.example,support
tenant_aura,cus_aur_0090,consumer,reg_aur_west,AUR Customer 0090,customer0090@aur.example,support
tenant_aura,cus_aur_0091,small_business,reg_aur_east,AUR Customer 0091,customer0091@aur.example,support
tenant_aura,cus_aur_0092,consumer,reg_aur_central,AUR Customer 0092,customer0092@aur.example,support
tenant_aura,cus_aur_0093,consumer,reg_aur_west,AUR Customer 0093,customer0093@aur.example,support
tenant_aura,cus_aur_0094,consumer,reg_aur_east,AUR Customer 0094,customer0094@aur.example,support
tenant_aura,cus_aur_0095,consumer,reg_aur_central,AUR Customer 0095,customer0095@aur.example,support
tenant_aura,cus_aur_0096,consumer,reg_aur_west,AUR Customer 0096,customer0096@aur.example,support
tenant_aura,cus_aur_0097,consumer,reg_aur_east,AUR Customer 0097,customer0097@aur.example,support
tenant_aura,cus_aur_0098,wholesale,reg_aur_central,AUR Customer 0098,customer0098@aur.example,support
tenant_aura,cus_aur_0099,consumer,reg_aur_west,AUR Customer 0099,customer0099@aur.example,support
tenant_aura,cus_aur_0100,consumer,reg_aur_east,AUR Customer 0100,customer0100@aur.example,support
tenant_aura,cus_aur_0101,consumer,reg_aur_central,AUR Customer 0101,customer0101@aur.example,support
tenant_aura,cus_aur_0102,small_business,reg_aur_west,AUR Customer 0102,customer0102@aur.example,support
tenant_aura,cus_aur_0103,consumer,reg_aur_east,AUR Customer 0103,customer0103@aur.example,support
tenant_aura,cus_aur_0104,consumer,reg_aur_central,AUR Customer 0104,customer0104@aur.example,support
tenant_aura,cus_aur_0105,consumer,reg_aur_west,AUR Customer 0105,customer0105@aur.example,support
tenant_aura,cus_aur_0106,consumer,reg_aur_east,AUR Customer 0106,customer0106@aur.example,support
tenant_aura,cus_aur_0107,small_business,reg_aur_central,AUR Customer 0107,customer0107@aur.example,support
tenant_aura,cus_aur_0108,consumer,reg_aur_west,AUR Customer 0108,customer0108@aur.example,support
tenant_aura,cus_aur_0109,consumer,reg_aur_east,AUR Customer 0109,customer0109@aur.example,support
tenant_aura,cus_aur_0110,consumer,reg_aur_central,AUR Customer 0110,customer0110@aur.example,support
tenant_aura,cus_aur_0111,small_business,reg_aur_west,AUR Customer 0111,customer0111@aur.example,support
tenant_aura,cus_aur_0112,consumer,reg_aur_east,AUR Customer 0112,customer0112@aur.example,support
tenant_aura,cus_aur_0113,consumer,reg_aur_central,AUR Customer 0113,customer0113@aur.example,support
tenant_aura,cus_aur_0114,consumer,reg_aur_west,AUR Customer 0114,customer0114@aur.example,support
tenant_aura,cus_aur_0115,consumer,reg_aur_east,AUR Customer 0115,customer0115@aur.example,support
tenant_aura,cus_aur_0116,consumer,reg_aur_central,AUR Customer 0116,customer0116@aur.example,support
tenant_aura,cus_aur_0117,consumer,reg_aur_west,AUR Customer 0117,customer0117@aur.example,support
tenant_aura,cus_aur_0118,small_business,reg_aur_east,AUR Customer 0118,customer0118@aur.example,support
tenant_aura,cus_aur_0119,consumer,reg_aur_central,AUR Customer 0119,customer0119@aur.example,support
tenant_aura,cus_aur_0120,consumer,reg_aur_west,AUR Customer 0120,customer0120@aur.example,support
tenant_aura,cus_aur_0121,consumer,reg_aur_east,AUR Customer 0121,customer0121@aur.example,support
tenant_aura,cus_aur_0122,consumer,reg_aur_central,AUR Customer 0122,customer0122@aur.example,support
tenant_aura,cus_aur_0123,small_business,reg_aur_west,AUR Customer 0123,customer0123@aur.example,support
tenant_aura,cus_aur_0124,consumer,reg_aur_east,AUR Customer 0124,customer0124@aur.example,support
tenant_aura,cus_aur_0125,consumer,reg_aur_central,AUR Customer 0125,customer0125@aur.example,support
tenant_aura,cus_aur_0126,small_business,reg_aur_west,AUR Customer 0126,customer0126@aur.example,support
tenant_aura,cus_aur_0127,consumer,reg_aur_east,AUR Customer 0127,customer0127@aur.example,support
tenant_aura,cus_aur_0128,consumer,reg_aur_central,AUR Customer 0128,customer0128@aur.example,support
tenant_aura,cus_aur_0129,consumer,reg_aur_west,AUR Customer 0129,customer0129@aur.example,support
tenant_aura,cus_aur_0130,small_business,reg_aur_east,AUR Customer 0130,customer0130@aur.example,support
tenant_aura,cus_aur_0131,small_business,reg_aur_central,AUR Customer 0131,customer0131@aur.example,support
tenant_aura,cus_aur_0132,consumer,reg_aur_west,AUR Customer 0132,customer0132@aur.example,support
tenant_aura,cus_aur_0133,small_business,reg_aur_east,AUR Customer 0133,customer0133@aur.example,support
tenant_aura,cus_aur_0134,wholesale,reg_aur_central,AUR Customer 0134,customer0134@aur.example,support
tenant_aura,cus_aur_0135,consumer,reg_aur_west,AUR Customer 0135,customer0135@aur.example,support
tenant_aura,cus_aur_0136,consumer,reg_aur_east,AUR Customer 0136,customer0136@aur.example,support
tenant_aura,cus_aur_0137,consumer,reg_aur_central,AUR Customer 0137,customer0137@aur.example,support
tenant_aura,cus_aur_0138,wholesale,reg_aur_west,AUR Customer 0138,customer0138@aur.example,support
tenant_aura,cus_aur_0139,consumer,reg_aur_east,AUR Customer 0139,customer0139@aur.example,support
tenant_aura,cus_aur_0140,consumer,reg_aur_central,AUR Customer 0140,customer0140@aur.example,support
tenant_aura,cus_aur_0141,consumer,reg_aur_west,AUR Customer 0141,customer0141@aur.example,support
tenant_aura,cus_aur_0142,consumer,reg_aur_east,AUR Customer 0142,customer0142@aur.example,support
tenant_aura,cus_aur_0143,consumer,reg_aur_central,AUR Customer 0143,customer0143@aur.example,support
tenant_aura,cus_aur_0144,consumer,reg_aur_west,AUR Customer 0144,customer0144@aur.example,support
tenant_aura,cus_aur_0145,consumer,reg_aur_east,AUR Customer 0145,customer0145@aur.example,support
tenant_aura,cus_aur_0146,consumer,reg_aur_central,AUR Customer 0146,customer0146@aur.example,support
tenant_aura,cus_aur_0147,consumer,reg_aur_west,AUR Customer 0147,customer0147@aur.example,support
tenant_aura,cus_aur_0148,small_business,reg_aur_east,AUR Customer 0148,customer0148@aur.example,support
tenant_aura,cus_aur_0149,consumer,reg_aur_central,AUR Customer 0149,customer0149@aur.example,support
tenant_aura,cus_aur_0150,small_business,reg_aur_west,AUR Customer 0150,customer0150@aur.example,support
tenant_aura,cus_aur_0151,small_business,reg_aur_east,AUR Customer 0151,customer0151@aur.example,support
tenant_aura,cus_aur_0152,consumer,reg_aur_central,AUR Customer 0152,customer0152@aur.example,support
tenant_aura,cus_aur_0153,wholesale,reg_aur_west,AUR Customer 0153,customer0153@aur.example,support
tenant_aura,cus_aur_0154,consumer,reg_aur_east,AUR Customer 0154,customer0154@aur.example,support
tenant_aura,cus_aur_0155,small_business,reg_aur_central,AUR Customer 0155,customer0155@aur.example,support
tenant_aura,cus_aur_0156,consumer,reg_aur_west,AUR Customer 0156,customer0156@aur.example,support
tenant_aura,cus_aur_0157,consumer,reg_aur_east,AUR Customer 0157,customer0157@aur.example,support
tenant_aura,cus_aur_0158,consumer,reg_aur_central,AUR Customer 0158,customer0158@aur.example,support
tenant_aura,cus_aur_0159,small_business,reg_aur_west,AUR Customer 0159,customer0159@aur.example,support
tenant_aura,cus_aur_0160,consumer,reg_aur_east,AUR Customer 0160,customer0160@aur.example,support
tenant_aura,cus_aur_0161,consumer,reg_aur_central,AUR Customer 0161,customer0161@aur.example,support
tenant_aura,cus_aur_0162,consumer,reg_aur_west,AUR Customer 0162,customer0162@aur.example,support
tenant_aura,cus_aur_0163,consumer,reg_aur_east,AUR Customer 0163,customer0163@aur.example,support
tenant_aura,cus_aur_0164,wholesale,reg_aur_central,AUR Customer 0164,customer0164@aur.example,support
tenant_aura,cus_aur_0165,consumer,reg_aur_west,AUR Customer 0165,customer0165@aur.example,support
tenant_aura,cus_aur_0166,small_business,reg_aur_east,AUR Customer 0166,customer0166@aur.example,support
tenant_aura,cus_aur_0167,consumer,reg_aur_central,AUR Customer 0167,customer0167@aur.example,support
tenant_aura,cus_aur_0168,consumer,reg_aur_west,AUR Customer 0168,customer0168@aur.example,support
tenant_aura,cus_aur_0169,small_business,reg_aur_east,AUR Customer 0169,customer0169@aur.example,support
tenant_aura,cus_aur_0170,small_business,reg_aur_central,AUR Customer 0170,customer0170@aur.example,support
tenant_aura,cus_aur_0171,consumer,reg_aur_west,AUR Customer 0171,customer0171@aur.example,support
tenant_aura,cus_aur_0172,consumer,reg_aur_east,AUR Customer 0172,customer0172@aur.example,support
tenant_aura,cus_aur_0173,consumer,reg_aur_central,AUR Customer 0173,customer0173@aur.example,support
tenant_aura,cus_aur_0174,consumer,reg_aur_west,AUR Customer 0174,customer0174@aur.example,support
tenant_aura,cus_aur_0175,consumer,reg_aur_east,AUR Customer 0175,customer0175@aur.example,support
tenant_aura,cus_aur_0176,consumer,reg_aur_central,AUR Customer 0176,customer0176@aur.example,support
tenant_aura,cus_aur_0177,small_business,reg_aur_west,AUR Customer 0177,customer0177@aur.example,support
tenant_aura,cus_aur_0178,consumer,reg_aur_east,AUR Customer 0178,customer0178@aur.example,support
tenant_aura,cus_aur_0179,consumer,reg_aur_central,AUR Customer 0179,customer0179@aur.example,support
tenant_aura,cus_aur_0180,small_business,reg_aur_west,AUR Customer 0180,customer0180@aur.example,support
