tenant_id,inventory_balance_id,warehouse_id,product_id,snapshot_at,on_hand_quantity,allocated_quantity,available_quantity,inbound_quantity,sensitivity
tenant_aura,ibl_aur_00001,wh_aur_east,prd_aur_001,2026-09-21T23:59:59Z,347,0,347,0,operations
tenant_aura,ibl_aur_00002,wh_aur_east,prd_aur_002,2026-09-21T23:59:59Z,369,0,369,0,operations
tenant_aura,ibl_aur_00003,wh_aur_east,prd_aur_003,2026-09-21T23:59:59Z,395,0,395,0,operations
tenant_aura,ibl_aur_00004,wh_aur_east,prd_aur_004,2026-09-21T23:59:59Z,414,0,414,0,operations
tenant_aura,ibl_aur_00005,wh_aur_east,prd_aur_005,2026-09-21T23:59:59Z,428,1,427,0,operations
tenant_aura,ibl_aur_00006,wh_aur_east,prd_aur_006,2026-09-21T23:59:59Z,448,0,448,0,operations
tenant_aura,ibl_aur_00007,wh_aur_east,prd_aur_007,2026-09-21T23:59:59Z,460,0,460,0,operations
tenant_aura,ibl_aur_00008,wh_aur_east,prd_aur_008,2026-09-21T23:59:59Z,480,0,480,0,operations
tenant_aura,ibl_aur_00009,wh_aur_east,prd_aur_009,2026-09-21T23:59:59Z,496,0,496,0,operations
tenant_aura,ibl_aur_00010,wh_aur_east,prd_aur_010,2026-09-21T23:59:59Z,511,0,511,0,operations
tenant_aura,ibl_aur_00011,wh_aur_east,prd_aur_011,2026-09-21T23:59:59Z,533,0,533,0,operations
tenant_aura,ibl_aur_00012,wh_aur_east,prd_aur_012,2026-09-21T23:59:59Z,317,1,316,0,operations
tenant_aura,ibl_aur_00013,wh_aur_east,prd_aur_013,2026-09-21T23:59:59Z,332,0,332,0,operations
tenant_aura,ibl_aur_00014,wh_aur_east,prd_aur_014,2026-09-21T23:59:59Z,344,0,344,0,operations
tenant_aura,ibl_aur_00015,wh_aur_east,prd_aur_015,2026-09-21T23:59:59Z,373,0,373,0,operations
tenant_aura,ibl_aur_00016,wh_aur_east,prd_aur_016,2026-09-21T23:59:59Z,393,0,393,0,operations
tenant_aura,ibl_aur_00017,wh_aur_east,prd_aur_017,2026-09-21T23:59:59Z,405,0,405,0,operations
tenant_aura,ibl_aur_00018,wh_aur_east,prd_aur_018,2026-09-21T23:59:59Z,418,0,418,0,operations
tenant_aura,ibl_aur_00019,wh_aur_east,prd_aur_019,2026-09-21T23:59:59Z,439,0,439,0,operations
tenant_aura,ibl_aur_00020,wh_aur_east,prd_aur_020,2026-09-21T23:59:59Z,440,4,436,0,operations
tenant_aura,ibl_aur_00021,wh_aur_east,prd_aur_021,2026-09-21T23:59:59Z,471,0,471,0,operations
tenant_aura,ibl_aur_00022,wh_aur_east,prd_aur_022,2026-09-21T23:59:59Z,487,0,487,0,operations
tenant_aura,ibl_aur_00023,wh_aur_east,prd_aur_023,2026-09-21T23:59:59Z,502,0,502,0,operations
tenant_aura,ibl_aur_00024,wh_aur_east,prd_aur_024,2026-09-21T23:59:59Z,505,0,505,0,operations
tenant_aura,ibl_aur_00025,wh_aur_east,prd_aur_025,2026-09-21T23:59:59Z,312,0,312,0,operations
tenant_aura,ibl_aur_00026,wh_aur_east,prd_aur_026,2026-09-21T23:59:59Z,331,0,331,0,operations
tenant_aura,ibl_aur_00027,wh_aur_east,prd_aur_027,2026-09-21T23:59:59Z,337,0,337,0,operations
tenant_aura,ibl_aur_00028,wh_aur_east,prd_aur_028,2026-09-21T23:59:59Z,352,1,351,0,operations
tenant_aura,ibl_aur_00029,wh_aur_east,prd_aur_029,2026-09-21T23:59:59Z,374,0,374,0,operations
tenant_aura,ibl_aur_00030,wh_aur_east,prd_aur_030,2026-09-21T23:59:59Z,393,0,393,0,operations
tenant_aura,ibl_aur_00031,wh_aur_east,prd_aur_031,2026-09-21T23:59:59Z,414,0,414,0,operations
tenant_aura,ibl_aur_00032,wh_aur_east,prd_aur_032,2026-09-21T23:59:59Z,420,0,420,0,operations
tenant_aura,ibl_aur_00033,wh_aur_east,prd_aur_033,2026-09-21T23:59:59Z,430,0,430,0,operations
tenant_aura,ibl_aur_00034,wh_aur_east,prd_aur_034,2026-09-21T23:59:59Z,453,1,452,0,operations
tenant_aura,ibl_aur_00035,wh_aur_east,prd_aur_035,2026-09-21T23:59:59Z,480,0,480,0,operations
tenant_aura,ibl_aur_00036,wh_aur_east,prd_aur_036,2026-09-21T23:59:59Z,493,0,493,0,operations
tenant_aura,ibl_aur_00037,wh_aur_east,prd_aur_037,2026-09-21T23:59:59Z,515,0,515,0,operations
tenant_aura,ibl_aur_00038,wh_aur_east,prd_aur_038,2026-09-21T23:59:59Z,527,0,527,0,operations
tenant_aura,ibl_aur_00039,wh_aur_east,prd_aur_039,2026-09-21T23:59:59Z,324,3,321,0,operations
tenant_aura,ibl_aur_00040,wh_aur_east,prd_aur_040,2026-09-21T23:59:59Z,333,1,332,0,operations
tenant_aura,ibl_aur_00041,wh_aur_east,prd_aur_041,2026-09-21T23:59:59Z,337,0,337,0,operations
tenant_aura,ibl_aur_00042,wh_aur_east,prd_aur_042,2026-09-21T23:59:59Z,364,0,364,0,operations
tenant_aura,ibl_aur_00043,wh_aur_east,prd_aur_043,2026-09-21T23:59:59Z,378,1,377,0,operations
tenant_aura,ibl_aur_00044,wh_aur_east,prd_aur_044,2026-09-21T23:59:59Z,402,1,401,0,operations
tenant_aura,ibl_aur_00045,wh_aur_east,prd_aur_045,2026-09-21T23:59:59Z,420,0,420,0,operations
tenant_aura,ibl_aur_00046,wh_aur_east,prd_aur_046,2026-09-21T23:59:59Z,441,1,440,0,operations
tenant_aura,ibl_aur_00047,wh_aur_east,prd_aur_047,2026-09-21T23:59:59Z,453,0,453,0,operations
tenant_aura,ibl_aur_00048,wh_aur_east,prd_aur_048,2026-09-21T23:59:59Z,476,0,476,0,operations
tenant_aura,ibl_aur_00049,wh_aur_east,prd_aur_049,2026-09-21T23:59:59Z,492,0,492,0,operations
tenant_aura,ibl_aur_00050,wh_aur_east,prd_aur_050,2026-09-21T23:59:59Z,502,0,502,0,operations
tenant_aura,ibl_aur_00051,wh_aur_central,prd_aur_001,2026-09-21T23:59:59Z,399,0,399,0,operations
tenant_aura,ibl_aur_00052,wh_aur_central,prd_aur_002,2026-09-21T23:59:59Z,424,2,422,0,operations
tenant_aura,ibl_aur_00053,wh_aur_central,prd_aur_003,2026-09-21T23:59:59Z,428,0,428,0,operations
tenant_aura,ibl_aur_00054,wh_aur_central,prd_aur_004,2026-09-21T23:59:59Z,458,0,458,0,operations
tenant_aura,ibl_aur_00055,wh_aur_central,prd_aur_005,2026-09-21T23:59:59Z,469,6,463,0,operations
tenant_aura,ibl_aur_00056,wh_aur_central,prd_aur_006,2026-09-21T23:59:59Z,483,0,483,0,operations
tenant_aura,ibl_aur_00057,wh_aur_central,prd_aur_007,2026-09-21T23:59:59Z,505,1,504,0,operations
tenant_aura,ibl_aur_00058,wh_aur_central,prd_aur_008,2026-09-21T23:59:59Z,515,0,515,0,operations
tenant_aura,ibl_aur_00059,wh_aur_central,prd_aur_009,2026-09-21T23:59:59Z,310,0,310,0,operations
tenant_aura,ibl_aur_00060,wh_aur_central,prd_aur_010,2026-09-21T23:59:59Z,319,1,318,0,operations
tenant_aura,ibl_aur_00061,wh_aur_central,prd_aur_011,2026-09-21T23:59:59Z,336,0,336,0,operations
tenant_aura,ibl_aur_00062,wh_aur_central,prd_aur_012,2026-09-21T23:59:59Z,357,0,357,0,operations
tenant_aura,ibl_aur_00063,wh_aur_central,prd_aur_013,2026-09-21T23:59:59Z,368,0,368,0,operations
tenant_aura,ibl_aur_00064,wh_aur_central,prd_aur_014,2026-09-21T23:59:59Z,388,0,388,0,operations
tenant_aura,ibl_aur_00065,wh_aur_central,prd_aur_015,2026-09-21T23:59:59Z,390,0,390,0,operations
tenant_aura,ibl_aur_00066,wh_aur_central,prd_aur_016,2026-09-21T23:59:59Z,423,0,423,0,operations
tenant_aura,ibl_aur_00067,wh_aur_central,prd_aur_017,2026-09-21T23:59:59Z,437,2,435,0,operations
tenant_aura,ibl_aur_00068,wh_aur_central,prd_aur_018,2026-09-21T23:59:59Z,456,0,456,0,operations
tenant_aura,ibl_aur_00069,wh_aur_central,prd_aur_019,2026-09-21T23:59:59Z,477,0,477,0,operations
tenant_aura,ibl_aur_00070,wh_aur_central,prd_aur_020,2026-09-21T23:59:59Z,496,0,496,0,operations
tenant_aura,ibl_aur_00071,wh_aur_central,prd_aur_021,2026-09-21T23:59:59Z,513,0,513,0,operations
tenant_aura,ibl_aur_00072,wh_aur_central,prd_aur_022,2026-09-21T23:59:59Z,519,1,518,0,operations
tenant_aura,ibl_aur_00073,wh_aur_central,prd_aur_023,2026-09-21T23:59:59Z,314,0,314,0,operations
tenant_aura,ibl_aur_00074,wh_aur_central,prd_aur_024,2026-09-21T23:59:59Z,335,1,334,0,operations
tenant_aura,ibl_aur_00075,wh_aur_central,prd_aur_025,2026-09-21T23:59:59Z,356,0,356,0,operations
tenant_aura,ibl_aur_00076,wh_aur_central,prd_aur_026,2026-09-21T23:59:59Z,364,0,364,0,operations
tenant_aura,ibl_aur_00077,wh_aur_central,prd_aur_027,2026-09-21T23:59:59Z,381,1,380,0,operations
tenant_aura,ibl_aur_00078,wh_aur_central,prd_aur_028,2026-09-21T23:59:59Z,389,0,389,0,operations
tenant_aura,ibl_aur_00079,wh_aur_central,prd_aur_029,2026-09-21T23:59:59Z,418,0,418,0,operations
tenant_aura,ibl_aur_00080,wh_aur_central,prd_aur_030,2026-09-21T23:59:59Z,425,0,425,0,operations
tenant_aura,ibl_aur_00081,wh_aur_central,prd_aur_031,2026-09-21T23:59:59Z,454,1,453,0,operations
tenant_aura,ibl_aur_00082,wh_aur_central,prd_aur_032,2026-09-21T23:59:59Z,467,1,466,0,operations
tenant_aura,ibl_aur_00083,wh_aur_central,prd_aur_033,2026-09-21T23:59:59Z,478,0,478,0,operations
tenant_aura,ibl_aur_00084,wh_aur_central,prd_aur_034,2026-09-21T23:59:59Z,504,1,503,0,operations
tenant_aura,ibl_aur_00085,wh_aur_central,prd_aur_035,2026-09-21T23:59:59Z,516,0,516,0,operations
tenant_aura,ibl_aur_00086,wh_aur_central,prd_aur_036,2026-09-21T23:59:59Z,303,0,303,0,operations
tenant_aura,ibl_aur_00087,wh_aur_central,prd_aur_037,2026-09-21T23:59:59Z,322,0,322,0,operations
tenant_aura,ibl_aur_00088,wh_aur_central,prd_aur_038,2026-09-21T23:59:59Z,333,0,333,0,operations
tenant_aura,ibl_aur_00089,wh_aur_central,prd_aur_039,2026-09-21T23:59:59Z,348,0,348,0,operations
tenant_aura,ibl_aur_00090,wh_aur_central,prd_aur_040,2026-09-21T23:59:59Z,378,0,378,0,operations
tenant_aura,ibl_aur_00091,wh_aur_central,prd_aur_041,2026-09-21T23:59:59Z,388,1,387,0,operations
tenant_aura,ibl_aur_00092,wh_aur_central,prd_aur_042,2026-09-21T23:59:59Z,409,0,409,0,operations
tenant_aura,ibl_aur_00093,wh_aur_central,prd_aur_043,2026-09-21T23:59:59Z,428,1,427,0,operations
tenant_aura,ibl_aur_00094,wh_aur_central,prd_aur_044,2026-09-21T23:59:59Z,443,1,442,0,operations
tenant_aura,ibl_aur_00095,wh_aur_central,prd_aur_045,2026-09-21T23:59:59Z,454,0,454,0,operations
tenant_aura,ibl_aur_00096,wh_aur_central,prd_aur_046,2026-09-21T23:59:59Z,475,0,475,0,operations
tenant_aura,ibl_aur_00097,wh_aur_central,prd_aur_047,2026-09-21T23:59:59Z,499,0,499,0,operations
tenant_aura,ibl_aur_00098,wh_aur_central,prd_aur_048,2026-09-21T23:59:59Z,508,0,508,0,operations
tenant_aura,ibl_aur_00099,wh_aur_central,prd_aur_049,2026-09-21T23:59:59Z,522,0,522,0,operations
tenant_aura,ibl_aur_00100,wh_aur_central,prd_aur_050,2026-09-21T23:59:59Z,300,0,300,0,operations
tenant_aura,ibl_aur_00101,wh_aur_west,prd_aur_001,2026-09-21T23:59:59Z,443,0,443,0,operations
tenant_aura,ibl_aur_00102,wh_aur_west,prd_aur_002,2026-09-21T23:59:59Z,456,0,456,0,operations
tenant_aura,ibl_aur_00103,wh_aur_west,prd_aur_003,2026-09-21T23:59:59Z,483,2,481,0,operations
tenant_aura,ibl_aur_00104,wh_aur_west,prd_aur_004,2026-09-21T23:59:59Z,500,0,500,0,operations
tenant_aura,ibl_aur_00105,wh_aur_west,prd_aur_005,2026-09-21T23:59:59Z,508,0,508,0,operations
tenant_aura,ibl_aur_00106,wh_aur_west,prd_aur_006,2026-09-21T23:59:59Z,516,1,515,0,operations
tenant_aura,ibl_aur_00107,wh_aur_west,prd_aur_007,2026-09-21T23:59:59Z,312,1,311,0,operations
tenant_aura,ibl_aur_00108,wh_aur_west,prd_aur_008,2026-09-21T23:59:59Z,337,1,336,0,operations
tenant_aura,ibl_aur_00109,wh_aur_west,prd_aur_009,2026-09-21T23:59:59Z,349,0,349,0,operations
tenant_aura,ibl_aur_00110,wh_aur_west,prd_aur_010,2026-09-21T23:59:59Z,364,0,364,0,operations
tenant_aura,ibl_aur_00111,wh_aur_west,prd_aur_011,2026-09-21T23:59:59Z,375,1,374,0,operations
tenant_aura,ibl_aur_00112,wh_aur_west,prd_aur_012,2026-09-21T23:59:59Z,398,0,398,0,operations
tenant_aura,ibl_aur_00113,wh_aur_west,prd_aur_013,2026-09-21T23:59:59Z,417,0,417,0,operations
tenant_aura,ibl_aur_00114,wh_aur_west,prd_aur_014,2026-09-21T23:59:59Z,432,2,430,0,operations
tenant_aura,ibl_aur_00115,wh_aur_west,prd_aur_015,2026-09-21T23:59:59Z,444,0,444,0,operations
tenant_aura,ibl_aur_00116,wh_aur_west,prd_aur_016,2026-09-21T23:59:59Z,462,0,462,0,operations
tenant_aura,ibl_aur_00117,wh_aur_west,prd_aur_017,2026-09-21T23:59:59Z,485,0,485,0,operations
tenant_aura,ibl_aur_00118,wh_aur_west,prd_aur_018,2026-09-21T23:59:59Z,499,0,499,0,operations
tenant_aura,ibl_aur_00119,wh_aur_west,prd_aur_019,2026-09-21T23:59:59Z,515,1,514,0,operations
tenant_aura,ibl_aur_00120,wh_aur_west,prd_aur_020,2026-09-21T23:59:59Z,299,1,298,0,operations
tenant_aura,ibl_aur_00121,wh_aur_west,prd_aur_021,2026-09-21T23:59:59Z,321,0,321,0,operations
tenant_aura,ibl_aur_00122,wh_aur_west,prd_aur_022,2026-09-21T23:59:59Z,334,0,334,0,operations
tenant_aura,ibl_aur_00123,wh_aur_west,prd_aur_023,2026-09-21T23:59:59Z,352,0,352,0,operations
tenant_aura,ibl_aur_00124,wh_aur_west,prd_aur_024,2026-09-21T23:59:59Z,372,0,372,0,operations
tenant_aura,ibl_aur_00125,wh_aur_west,prd_aur_025,2026-09-21T23:59:59Z,384,0,384,0,operations
tenant_aura,ibl_aur_00126,wh_aur_west,prd_aur_026,2026-09-21T23:59:59Z,405,2,403,0,operations
tenant_aura,ibl_aur_00127,wh_aur_west,prd_aur_027,2026-09-21T23:59:59Z,421,0,421,0,operations
tenant_aura,ibl_aur_00128,wh_aur_west,prd_aur_028,2026-09-21T23:59:59Z,448,0,448,0,operations
tenant_aura,ibl_aur_00129,wh_aur_west,prd_aur_029,2026-09-21T23:59:59Z,457,0,457,0,operations
tenant_aura,ibl_aur_00130,wh_aur_west,prd_aur_030,2026-09-21T23:59:59Z,480,1,479,0,operations
tenant_aura,ibl_aur_00131,wh_aur_west,prd_aur_031,2026-09-21T23:59:59Z,486,3,483,0,operations
tenant_aura,ibl_aur_00132,wh_aur_west,prd_aur_032,2026-09-21T23:59:59Z,505,2,503,0,operations
tenant_aura,ibl_aur_00133,wh_aur_west,prd_aur_033,2026-09-21T23:59:59Z,525,0,525,0,operations
tenant_aura,ibl_aur_00134,wh_aur_west,prd_aur_034,2026-09-21T23:59:59Z,308,3,305,0,operations
tenant_aura,ibl_aur_00135,wh_aur_west,prd_aur_035,2026-09-21T23:59:59Z,326,0,326,0,operations
tenant_aura,ibl_aur_00136,wh_aur_west,prd_aur_036,2026-09-21T23:59:59Z,344,3,341,0,operations
tenant_aura,ibl_aur_00137,wh_aur_west,prd_aur_037,2026-09-21T23:59:59Z,361,2,359,0,operations
tenant_aura,ibl_aur_00138,wh_aur_west,prd_aur_038,2026-09-21T23:59:59Z,372,4,368,0,operations
tenant_aura,ibl_aur_00139,wh_aur_west,prd_aur_039,2026-09-21T23:59:59Z,399,0,399,0,operations
tenant_aura,ibl_aur_00140,wh_aur_west,prd_aur_040,2026-09-21T23:59:59Z,420,0,420,0,operations
tenant_aura,ibl_aur_00141,wh_aur_west,prd_aur_041,2026-09-21T23:59:59Z,434,1,433,0,operations
tenant_aura,ibl_aur_00142,wh_aur_west,prd_aur_042,2026-09-21T23:59:59Z,448,2,446,0,operations
tenant_aura,ibl_aur_00143,wh_aur_west,prd_aur_043,2026-09-21T23:59:59Z,471,0,471,0,operations
tenant_aura,ibl_aur_00144,wh_aur_west,prd_aur_044,2026-09-21T23:59:59Z,484,0,484,0,operations
tenant_aura,ibl_aur_00145,wh_aur_west,prd_aur_045,2026-09-21T23:59:59Z,496,0,496,0,operations
tenant_aura,ibl_aur_00146,wh_aur_west,prd_aur_046,2026-09-21T23:59:59Z,515,2,513,0,operations
tenant_aura,ibl_aur_00147,wh_aur_west,prd_aur_047,2026-09-21T23:59:59Z,289,0,289,0,operations
tenant_aura,ibl_aur_00148,wh_aur_west,prd_aur_048,2026-09-21T23:59:59Z,324,0,324,0,operations
tenant_aura,ibl_aur_00149,wh_aur_west,prd_aur_049,2026-09-21T23:59:59Z,335,0,335,0,operations
tenant_aura,ibl_aur_00150,wh_aur_west,prd_aur_050,2026-09-21T23:59:59Z,358,3,355,0,operations
