tenant_id,order_id,customer_id,warehouse_id,order_timestamp,order_status,sales_channel,currency_code,subtotal_amount,discount_amount,tax_amount,shipping_amount,order_total_amount,sensitivity
tenant_aura,ord_aur_00001,cus_aur_0126,wh_aur_west,2026-08-20T06:39:00Z,delivered,marketplace,USD,204.92,10.25,16.06,0.00,210.73,support
tenant_aura,ord_aur_00002,cus_aur_0090,wh_aur_west,2026-08-17T21:02:00Z,returned,web,USD,240.34,0.00,19.83,0.00,260.17,support
tenant_aura,ord_aur_00003,cus_aur_0155,wh_aur_central,2026-09-02T06:01:00Z,delivered,marketplace,USD,81.51,4.08,6.39,0.00,83.82,support
tenant_aura,ord_aur_00004,cus_aur_0081,wh_aur_west,2026-09-09T08:10:00Z,shipped,marketplace,USD,282.07,0.00,23.27,0.00,305.34,support
tenant_aura,ord_aur_00005,cus_aur_0029,wh_aur_central,2026-09-14T10:38:00Z,delivered,web,USD,80.98,0.00,6.68,0.00,87.66,support
tenant_aura,ord_aur_00006,cus_aur_0138,wh_aur_west,2026-08-25T19:03:00Z,delivered,marketplace,USD,60.48,3.02,4.74,6.99,69.19,support
tenant_aura,ord_aur_00007,cus_aur_0065,wh_aur_central,2026-09-04T19:28:00Z,delivered,web,USD,186.96,0.00,15.42,0.00,202.38,support
tenant_aura,ord_aur_00008,cus_aur_0083,wh_aur_central,2026-08-13T23:13:00Z,delivered,web,USD,263.99,0.00,21.78,0.00,285.77,support
tenant_aura,ord_aur_00009,cus_aur_0105,wh_aur_west,2026-09-06T22:12:00Z,delivered,web,USD,23.39,0.00,1.93,6.99,32.31,support
tenant_aura,ord_aur_00010,cus_aur_0141,wh_aur_west,2026-09-18T16:22:00Z,delivered,web,USD,57.13,0.00,4.71,6.99,68.83,support
tenant_aura,ord_aur_00011,cus_aur_0175,wh_aur_east,2026-08-17T04:48:00Z,delivered,marketplace,USD,172.50,0.00,14.23,0.00,186.73,support
tenant_aura,ord_aur_00012,cus_aur_0120,wh_aur_west,2026-08-27T23:35:00Z,delivered,web,USD,194.45,0.00,16.04,0.00,210.49,support
tenant_aura,ord_aur_00013,cus_aur_0174,wh_aur_west,2026-09-03T09:42:00Z,shipped,marketplace,USD,98.97,0.00,8.17,0.00,107.14,support
tenant_aura,ord_aur_00014,cus_aur_0145,wh_aur_east,2026-09-09T05:08:00Z,delivered,web,USD,169.19,0.00,13.96,0.00,183.15,support
tenant_aura,ord_aur_00015,cus_aur_0040,wh_aur_east,2026-09-10T22:49:00Z,delivered,marketplace,USD,217.06,10.85,17.01,0.00,223.22,support
tenant_aura,ord_aur_00016,cus_aur_0140,wh_aur_central,2026-08-16T02:43:00Z,delivered,web,USD,52.06,0.00,4.29,6.99,63.34,support
tenant_aura,ord_aur_00017,cus_aur_0010,wh_aur_east,2026-09-07T11:11:00Z,shipped,web,USD,228.92,0.00,18.89,0.00,247.81,support
tenant_aura,ord_aur_00018,cus_aur_0148,wh_aur_east,2026-08-21T23:50:00Z,delivered,web,USD,74.48,0.00,6.14,6.99,87.61,support
tenant_aura,ord_aur_00019,cus_aur_0136,wh_aur_east,2026-08-27T19:02:00Z,cancelled,web,USD,135.11,0.00,11.15,0.00,146.26,support
tenant_aura,ord_aur_00020,cus_aur_0159,wh_aur_west,2026-09-07T20:40:00Z,delivered,web,USD,206.94,0.00,17.07,0.00,224.01,support
tenant_aura,ord_aur_00021,cus_aur_0053,wh_aur_central,2026-09-03T18:01:00Z,shipped,web,USD,242.10,0.00,19.97,0.00,262.07,support
tenant_aura,ord_aur_00022,cus_aur_0062,wh_aur_central,2026-08-29T02:05:00Z,shipped,marketplace,USD,430.54,0.00,35.52,0.00,466.06,support
tenant_aura,ord_aur_00023,cus_aur_0105,wh_aur_west,2026-08-14T01:06:00Z,delivered,marketplace,USD,90.90,0.00,7.50,0.00,98.40,support
tenant_aura,ord_aur_00024,cus_aur_0141,wh_aur_west,2026-09-10T10:23:00Z,delivered,web,USD,68.48,0.00,5.65,6.99,81.12,support
tenant_aura,ord_aur_00025,cus_aur_0167,wh_aur_central,2026-09-16T15:22:00Z,delivered,marketplace,USD,188.74,0.00,15.57,0.00,204.31,support
tenant_aura,ord_aur_00026,cus_aur_0051,wh_aur_west,2026-09-10T17:19:00Z,shipped,web,USD,173.82,0.00,14.34,0.00,188.16,support
tenant_aura,ord_aur_00027,cus_aur_0170,wh_aur_central,2026-09-15T22:25:00Z,delivered,web,USD,139.46,0.00,11.51,0.00,150.97,support
tenant_aura,ord_aur_00028,cus_aur_0023,wh_aur_central,2026-08-27T18:34:00Z,cancelled,web,USD,147.80,7.39,11.58,0.00,151.99,support
tenant_aura,ord_aur_00029,cus_aur_0098,wh_aur_central,2026-09-18T05:12:00Z,shipped,web,USD,77.03,0.00,6.35,0.00,83.38,support
tenant_aura,ord_aur_00030,cus_aur_0038,wh_aur_central,2026-09-12T18:02:00Z,delivered,wholesale,USD,118.97,0.00,9.82,0.00,128.79,support
tenant_aura,ord_aur_00031,cus_aur_0110,wh_aur_central,2026-08-26T15:12:00Z,delivered,wholesale,USD,74.81,3.74,5.86,6.99,83.92,support
tenant_aura,ord_aur_00032,cus_aur_0113,wh_aur_central,2026-09-08T19:45:00Z,shipped,web,USD,217.49,0.00,17.94,0.00,235.43,support
tenant_aura,ord_aur_00033,cus_aur_0101,wh_aur_central,2026-08-17T01:33:00Z,delivered,marketplace,USD,99.10,4.96,7.77,0.00,101.91,support
tenant_aura,ord_aur_00034,cus_aur_0079,wh_aur_east,2026-09-11T01:41:00Z,delivered,marketplace,USD,220.48,0.00,18.19,0.00,238.67,support
tenant_aura,ord_aur_00035,cus_aur_0036,wh_aur_west,2026-09-01T04:06:00Z,pending,web,USD,442.22,0.00,36.48,0.00,478.70,support
tenant_aura,ord_aur_00036,cus_aur_0133,wh_aur_east,2026-08-10T13:57:00Z,delivered,web,USD,53.73,0.00,4.43,6.99,65.15,support
tenant_aura,ord_aur_00037,cus_aur_0132,wh_aur_west,2026-08-23T21:16:00Z,delivered,web,USD,147.71,0.00,12.19,0.00,159.90,support
tenant_aura,ord_aur_00038,cus_aur_0041,wh_aur_central,2026-08-17T10:11:00Z,delivered,marketplace,USD,221.38,0.00,18.26,0.00,239.64,support
tenant_aura,ord_aur_00039,cus_aur_0139,wh_aur_east,2026-09-18T07:26:00Z,delivered,web,USD,227.47,0.00,18.77,0.00,246.24,support
tenant_aura,ord_aur_00040,cus_aur_0102,wh_aur_west,2026-09-13T09:31:00Z,delivered,web,USD,220.39,11.02,17.27,0.00,226.64,support
tenant_aura,ord_aur_00041,cus_aur_0045,wh_aur_west,2026-08-11T16:06:00Z,delivered,marketplace,USD,87.48,0.00,7.22,0.00,94.70,support
tenant_aura,ord_aur_00042,cus_aur_0030,wh_aur_west,2026-08-11T19:27:00Z,shipped,web,USD,119.80,0.00,9.88,0.00,129.68,support
tenant_aura,ord_aur_00043,cus_aur_0173,wh_aur_central,2026-08-28T15:34:00Z,delivered,web,USD,92.49,0.00,7.63,0.00,100.12,support
tenant_aura,ord_aur_00044,cus_aur_0133,wh_aur_east,2026-09-08T12:21:00Z,delivered,marketplace,USD,113.25,0.00,9.34,0.00,122.59,support
tenant_aura,ord_aur_00045,cus_aur_0067,wh_aur_east,2026-08-24T09:51:00Z,delivered,web,USD,80.97,0.00,6.68,0.00,87.65,support
tenant_aura,ord_aur_00046,cus_aur_0134,wh_aur_central,2026-08-19T00:53:00Z,delivered,web,USD,102.29,0.00,8.44,0.00,110.73,support
tenant_aura,ord_aur_00047,cus_aur_0170,wh_aur_central,2026-09-11T12:14:00Z,returned,web,USD,122.71,0.00,10.12,0.00,132.83,support
tenant_aura,ord_aur_00048,cus_aur_0034,wh_aur_east,2026-09-12T19:03:00Z,delivered,web,USD,239.90,0.00,19.79,0.00,259.69,support
tenant_aura,ord_aur_00049,cus_aur_0075,wh_aur_west,2026-09-04T04:35:00Z,pending,web,USD,38.74,0.00,3.20,6.99,48.93,support
tenant_aura,ord_aur_00050,cus_aur_0087,wh_aur_west,2026-09-02T06:24:00Z,delivered,wholesale,USD,27.98,0.00,2.31,6.99,37.28,support
tenant_aura,ord_aur_00051,cus_aur_0027,wh_aur_west,2026-08-13T04:39:00Z,delivered,web,USD,108.72,0.00,8.97,0.00,117.69,support
tenant_aura,ord_aur_00052,cus_aur_0139,wh_aur_east,2026-09-17T21:00:00Z,allocated,web,USD,37.12,0.00,3.06,6.99,47.17,support
tenant_aura,ord_aur_00053,cus_aur_0003,wh_aur_west,2026-08-10T19:38:00Z,allocated,web,USD,219.93,0.00,18.14,0.00,238.07,support
tenant_aura,ord_aur_00054,cus_aur_0084,wh_aur_west,2026-08-14T12:26:00Z,returned,web,USD,205.78,0.00,16.98,0.00,222.76,support
tenant_aura,ord_aur_00055,cus_aur_0042,wh_aur_west,2026-09-10T16:22:00Z,delivered,web,USD,125.03,0.00,10.31,0.00,135.34,support
tenant_aura,ord_aur_00056,cus_aur_0001,wh_aur_east,2026-09-10T00:10:00Z,delivered,web,USD,215.92,10.80,16.92,0.00,222.04,support
tenant_aura,ord_aur_00057,cus_aur_0139,wh_aur_east,2026-09-14T00:45:00Z,delivered,web,USD,72.29,0.00,5.96,6.99,85.24,support
tenant_aura,ord_aur_00058,cus_aur_0142,wh_aur_east,2026-09-18T13:01:00Z,delivered,wholesale,USD,225.60,0.00,18.61,0.00,244.21,support
tenant_aura,ord_aur_00059,cus_aur_0011,wh_aur_central,2026-09-12T20:28:00Z,delivered,marketplace,USD,181.20,9.06,14.20,0.00,186.34,support
tenant_aura,ord_aur_00060,cus_aur_0149,wh_aur_central,2026-08-27T16:15:00Z,delivered,marketplace,USD,47.99,2.40,3.76,6.99,56.34,support
tenant_aura,ord_aur_00061,cus_aur_0058,wh_aur_east,2026-08-14T04:53:00Z,delivered,web,USD,60.48,0.00,4.99,6.99,72.46,support
tenant_aura,ord_aur_00062,cus_aur_0030,wh_aur_west,2026-08-28T08:28:00Z,pending,marketplace,USD,97.51,0.00,8.04,0.00,105.55,support
tenant_aura,ord_aur_00063,cus_aur_0003,wh_aur_west,2026-08-23T22:45:00Z,delivered,web,USD,176.02,0.00,14.52,0.00,190.54,support
tenant_aura,ord_aur_00064,cus_aur_0111,wh_aur_west,2026-09-17T05:09:00Z,delivered,web,USD,40.99,0.00,3.38,6.99,51.36,support
tenant_aura,ord_aur_00065,cus_aur_0112,wh_aur_east,2026-08-14T02:32:00Z,delivered,wholesale,USD,20.74,0.00,1.71,6.99,29.44,support
tenant_aura,ord_aur_00066,cus_aur_0117,wh_aur_west,2026-09-14T08:11:00Z,delivered,wholesale,USD,175.96,8.80,13.79,0.00,180.95,support
tenant_aura,ord_aur_00067,cus_aur_0037,wh_aur_east,2026-08-23T23:54:00Z,delivered,marketplace,USD,34.24,0.00,2.82,6.99,44.05,support
tenant_aura,ord_aur_00068,cus_aur_0142,wh_aur_east,2026-08-13T15:50:00Z,returned,web,USD,88.81,0.00,7.33,0.00,96.14,support
tenant_aura,ord_aur_00069,cus_aur_0127,wh_aur_east,2026-08-31T07:19:00Z,pending,marketplace,USD,117.80,0.00,9.72,0.00,127.52,support
tenant_aura,ord_aur_00070,cus_aur_0084,wh_aur_west,2026-08-16T20:53:00Z,delivered,marketplace,USD,89.41,4.47,7.01,0.00,91.95,support
tenant_aura,ord_aur_00071,cus_aur_0130,wh_aur_east,2026-08-17T23:01:00Z,returned,web,USD,142.16,7.11,11.14,0.00,146.19,support
tenant_aura,ord_aur_00072,cus_aur_0143,wh_aur_central,2026-08-25T10:35:00Z,shipped,web,USD,104.89,0.00,8.65,0.00,113.54,support
tenant_aura,ord_aur_00073,cus_aur_0177,wh_aur_west,2026-09-05T08:35:00Z,delivered,web,USD,97.48,0.00,8.04,0.00,105.52,support
tenant_aura,ord_aur_00074,cus_aur_0103,wh_aur_east,2026-09-03T21:19:00Z,delivered,web,USD,94.46,0.00,7.79,0.00,102.25,support
tenant_aura,ord_aur_00075,cus_aur_0082,wh_aur_east,2026-09-01T07:24:00Z,delivered,marketplace,USD,56.48,0.00,4.66,6.99,68.13,support
tenant_aura,ord_aur_00076,cus_aur_0169,wh_aur_east,2026-08-29T03:21:00Z,delivered,marketplace,USD,125.69,0.00,10.37,0.00,136.06,support
tenant_aura,ord_aur_00077,cus_aur_0149,wh_aur_central,2026-08-13T13:29:00Z,delivered,marketplace,USD,182.55,9.13,14.31,0.00,187.73,support
tenant_aura,ord_aur_00078,cus_aur_0154,wh_aur_east,2026-09-07T23:37:00Z,delivered,web,USD,71.82,0.00,5.93,6.99,84.74,support
tenant_aura,ord_aur_00079,cus_aur_0008,wh_aur_central,2026-08-16T16:11:00Z,returned,wholesale,USD,97.23,0.00,8.02,0.00,105.25,support
tenant_aura,ord_aur_00080,cus_aur_0128,wh_aur_central,2026-09-11T10:16:00Z,shipped,wholesale,USD,214.79,0.00,17.72,0.00,232.51,support
tenant_aura,ord_aur_00081,cus_aur_0039,wh_aur_west,2026-08-18T01:09:00Z,delivered,marketplace,USD,175.45,0.00,14.47,0.00,189.92,support
tenant_aura,ord_aur_00082,cus_aur_0043,wh_aur_east,2026-09-05T17:33:00Z,allocated,web,USD,170.96,0.00,14.10,0.00,185.06,support
tenant_aura,ord_aur_00083,cus_aur_0137,wh_aur_central,2026-08-20T07:32:00Z,shipped,web,USD,108.04,0.00,8.91,0.00,116.95,support
tenant_aura,ord_aur_00084,cus_aur_0111,wh_aur_west,2026-08-31T09:00:00Z,shipped,wholesale,USD,26.12,0.00,2.15,6.99,35.26,support
tenant_aura,ord_aur_00085,cus_aur_0144,wh_aur_west,2026-08-25T19:41:00Z,pending,marketplace,USD,86.52,0.00,7.14,0.00,93.66,support
tenant_aura,ord_aur_00086,cus_aur_0171,wh_aur_west,2026-09-13T07:20:00Z,delivered,wholesale,USD,76.91,0.00,6.35,0.00,83.26,support
tenant_aura,ord_aur_00087,cus_aur_0053,wh_aur_central,2026-08-15T14:18:00Z,delivered,web,USD,45.28,0.00,3.74,6.99,56.01,support
tenant_aura,ord_aur_00088,cus_aur_0036,wh_aur_west,2026-09-11T23:56:00Z,delivered,web,USD,136.56,0.00,11.27,0.00,147.83,support
tenant_aura,ord_aur_00089,cus_aur_0071,wh_aur_central,2026-09-06T04:01:00Z,returned,web,USD,102.47,0.00,8.45,0.00,110.92,support
tenant_aura,ord_aur_00090,cus_aur_0132,wh_aur_west,2026-08-31T02:49:00Z,delivered,marketplace,USD,137.72,0.00,11.36,0.00,149.08,support
tenant_aura,ord_aur_00091,cus_aur_0114,wh_aur_west,2026-08-17T22:55:00Z,delivered,web,USD,152.50,0.00,12.58,0.00,165.08,support
tenant_aura,ord_aur_00092,cus_aur_0050,wh_aur_central,2026-09-17T15:22:00Z,pending,marketplace,USD,137.96,0.00,11.38,0.00,149.34,support
tenant_aura,ord_aur_00093,cus_aur_0121,wh_aur_east,2026-09-05T17:24:00Z,delivered,wholesale,USD,85.52,0.00,7.06,0.00,92.58,support
tenant_aura,ord_aur_00094,cus_aur_0008,wh_aur_central,2026-08-11T20:26:00Z,delivered,web,USD,122.22,6.11,9.58,0.00,125.69,support
tenant_aura,ord_aur_00095,cus_aur_0070,wh_aur_east,2026-08-12T15:10:00Z,allocated,web,USD,122.37,0.00,10.10,0.00,132.47,support
tenant_aura,ord_aur_00096,cus_aur_0172,wh_aur_east,2026-08-28T17:38:00Z,delivered,web,USD,26.12,0.00,2.15,6.99,35.26,support
tenant_aura,ord_aur_00097,cus_aur_0142,wh_aur_east,2026-08-21T13:05:00Z,delivered,web,USD,41.79,0.00,3.45,6.99,52.23,support
tenant_aura,ord_aur_00098,cus_aur_0023,wh_aur_central,2026-08-28T14:29:00Z,delivered,web,USD,100.43,5.02,7.87,0.00,103.28,support
tenant_aura,ord_aur_00099,cus_aur_0113,wh_aur_central,2026-08-26T06:12:00Z,delivered,marketplace,USD,132.47,0.00,10.93,0.00,143.40,support
tenant_aura,ord_aur_00100,cus_aur_0155,wh_aur_central,2026-09-01T08:01:00Z,delivered,web,USD,99.72,0.00,8.23,0.00,107.95,support
tenant_aura,ord_aur_00101,cus_aur_0057,wh_aur_west,2026-08-24T04:52:00Z,delivered,marketplace,USD,35.05,0.00,2.89,6.99,44.93,support
tenant_aura,ord_aur_00102,cus_aur_0144,wh_aur_west,2026-09-05T12:27:00Z,cancelled,wholesale,USD,175.33,0.00,14.46,0.00,189.79,support
tenant_aura,ord_aur_00103,cus_aur_0020,wh_aur_central,2026-09-05T10:44:00Z,shipped,marketplace,USD,87.41,0.00,7.21,0.00,94.62,support
tenant_aura,ord_aur_00104,cus_aur_0135,wh_aur_west,2026-08-22T02:02:00Z,delivered,web,USD,106.70,0.00,8.80,0.00,115.50,support
tenant_aura,ord_aur_00105,cus_aur_0059,wh_aur_central,2026-09-16T14:48:00Z,delivered,marketplace,USD,45.48,0.00,3.75,6.99,56.22,support
tenant_aura,ord_aur_00106,cus_aur_0040,wh_aur_east,2026-08-21T02:20:00Z,delivered,web,USD,170.73,0.00,14.09,0.00,184.82,support
tenant_aura,ord_aur_00107,cus_aur_0147,wh_aur_west,2026-09-01T14:03:00Z,delivered,web,USD,43.98,2.20,3.45,6.99,52.22,support
tenant_aura,ord_aur_00108,cus_aur_0144,wh_aur_west,2026-09-16T04:24:00Z,delivered,web,USD,47.99,0.00,3.96,6.99,58.94,support
tenant_aura,ord_aur_00109,cus_aur_0136,wh_aur_east,2026-08-11T00:23:00Z,cancelled,web,USD,58.16,0.00,4.80,6.99,69.95,support
tenant_aura,ord_aur_00110,cus_aur_0141,wh_aur_west,2026-09-03T11:01:00Z,pending,web,USD,195.42,9.77,15.32,0.00,200.97,support
tenant_aura,ord_aur_00111,cus_aur_0160,wh_aur_east,2026-08-31T03:16:00Z,delivered,marketplace,USD,33.72,0.00,2.78,6.99,43.49,support
tenant_aura,ord_aur_00112,cus_aur_0008,wh_aur_central,2026-08-10T15:18:00Z,delivered,web,USD,209.02,0.00,17.24,0.00,226.26,support
tenant_aura,ord_aur_00113,cus_aur_0083,wh_aur_central,2026-09-09T18:06:00Z,delivered,web,USD,240.90,0.00,19.87,0.00,260.77,support
tenant_aura,ord_aur_00114,cus_aur_0142,wh_aur_east,2026-09-17T02:53:00Z,shipped,wholesale,USD,236.68,0.00,19.53,0.00,256.21,support
tenant_aura,ord_aur_00115,cus_aur_0126,wh_aur_west,2026-09-05T16:18:00Z,shipped,web,USD,32.74,0.00,2.70,6.99,42.43,support
tenant_aura,ord_aur_00116,cus_aur_0124,wh_aur_east,2026-09-12T00:45:00Z,returned,web,USD,68.02,0.00,5.61,6.99,80.62,support
tenant_aura,ord_aur_00117,cus_aur_0104,wh_aur_central,2026-09-02T03:52:00Z,delivered,marketplace,USD,103.28,0.00,8.52,0.00,111.80,support
tenant_aura,ord_aur_00118,cus_aur_0050,wh_aur_central,2026-08-11T17:11:00Z,delivered,web,USD,109.96,0.00,9.07,0.00,119.03,support
tenant_aura,ord_aur_00119,cus_aur_0116,wh_aur_central,2026-08-21T20:11:00Z,delivered,wholesale,USD,233.13,0.00,19.23,0.00,252.36,support
tenant_aura,ord_aur_00120,cus_aur_0157,wh_aur_east,2026-09-12T22:51:00Z,returned,web,USD,103.22,0.00,8.52,0.00,111.74,support
tenant_aura,ord_aur_00121,cus_aur_0176,wh_aur_central,2026-09-02T10:26:00Z,delivered,marketplace,USD,121.12,0.00,9.99,0.00,131.11,support
tenant_aura,ord_aur_00122,cus_aur_0126,wh_aur_west,2026-09-16T15:04:00Z,delivered,web,USD,30.24,0.00,2.49,6.99,39.72,support
tenant_aura,ord_aur_00123,cus_aur_0085,wh_aur_east,2026-09-02T08:59:00Z,delivered,web,USD,87.98,0.00,7.26,0.00,95.24,support
tenant_aura,ord_aur_00124,cus_aur_0126,wh_aur_west,2026-09-13T16:12:00Z,delivered,web,USD,80.08,0.00,6.61,0.00,86.69,support
tenant_aura,ord_aur_00125,cus_aur_0157,wh_aur_east,2026-09-06T15:22:00Z,delivered,web,USD,54.98,0.00,4.54,6.99,66.51,support
tenant_aura,ord_aur_00126,cus_aur_0126,wh_aur_west,2026-08-28T17:17:00Z,delivered,web,USD,121.97,0.00,10.06,0.00,132.03,support
tenant_aura,ord_aur_00127,cus_aur_0014,wh_aur_central,2026-09-10T02:48:00Z,delivered,marketplace,USD,123.72,0.00,10.21,0.00,133.93,support
tenant_aura,ord_aur_00128,cus_aur_0078,wh_aur_west,2026-08-20T02:52:00Z,delivered,web,USD,187.85,0.00,15.50,0.00,203.35,support
tenant_aura,ord_aur_00129,cus_aur_0026,wh_aur_central,2026-08-24T01:52:00Z,delivered,web,USD,229.91,11.50,18.02,0.00,236.43,support
tenant_aura,ord_aur_00130,cus_aur_0103,wh_aur_east,2026-09-01T11:42:00Z,delivered,marketplace,USD,13.99,0.00,1.15,6.99,22.13,support
tenant_aura,ord_aur_00131,cus_aur_0068,wh_aur_central,2026-09-14T04:12:00Z,delivered,web,USD,265.41,13.27,20.80,0.00,272.94,support
tenant_aura,ord_aur_00132,cus_aur_0097,wh_aur_east,2026-09-06T08:06:00Z,delivered,web,USD,41.79,0.00,3.45,6.99,52.23,support
tenant_aura,ord_aur_00133,cus_aur_0145,wh_aur_east,2026-09-17T22:37:00Z,delivered,marketplace,USD,160.96,0.00,13.28,0.00,174.24,support
tenant_aura,ord_aur_00134,cus_aur_0043,wh_aur_east,2026-08-28T18:34:00Z,shipped,web,USD,16.74,0.00,1.38,6.99,25.11,support
tenant_aura,ord_aur_00135,cus_aur_0055,wh_aur_east,2026-09-02T13:29:00Z,returned,wholesale,USD,159.45,0.00,13.15,0.00,172.60,support
tenant_aura,ord_aur_00136,cus_aur_0028,wh_aur_east,2026-09-13T13:02:00Z,delivered,web,USD,20.74,0.00,1.71,6.99,29.44,support
tenant_aura,ord_aur_00137,cus_aur_0065,wh_aur_central,2026-09-03T21:03:00Z,delivered,marketplace,USD,188.89,0.00,15.58,0.00,204.47,support
tenant_aura,ord_aur_00138,cus_aur_0174,wh_aur_west,2026-08-21T21:26:00Z,shipped,marketplace,USD,206.70,0.00,17.05,0.00,223.75,support
tenant_aura,ord_aur_00139,cus_aur_0160,wh_aur_east,2026-08-27T04:40:00Z,delivered,web,USD,179.94,0.00,14.85,0.00,194.79,support
tenant_aura,ord_aur_00140,cus_aur_0081,wh_aur_west,2026-08-29T02:38:00Z,delivered,web,USD,98.97,4.95,7.76,0.00,101.78,support
tenant_aura,ord_aur_00141,cus_aur_0093,wh_aur_west,2026-09-16T15:51:00Z,delivered,marketplace,USD,217.06,10.85,17.01,0.00,223.22,support
tenant_aura,ord_aur_00142,cus_aur_0114,wh_aur_west,2026-08-22T22:01:00Z,delivered,web,USD,54.98,2.75,4.31,6.99,63.53,support
tenant_aura,ord_aur_00143,cus_aur_0058,wh_aur_east,2026-08-27T13:28:00Z,shipped,web,USD,74.47,3.72,5.84,6.99,83.58,support
tenant_aura,ord_aur_00144,cus_aur_0164,wh_aur_central,2026-09-02T18:36:00Z,delivered,web,USD,33.24,0.00,2.74,6.99,42.97,support
tenant_aura,ord_aur_00145,cus_aur_0168,wh_aur_west,2026-08-28T04:38:00Z,delivered,web,USD,88.33,4.42,6.92,0.00,90.83,support
tenant_aura,ord_aur_00146,cus_aur_0087,wh_aur_west,2026-08-31T21:44:00Z,delivered,web,USD,99.46,4.97,7.80,0.00,102.29,support
tenant_aura,ord_aur_00147,cus_aur_0089,wh_aur_central,2026-08-25T16:33:00Z,returned,web,USD,250.44,0.00,20.66,0.00,271.10,support
tenant_aura,ord_aur_00148,cus_aur_0054,wh_aur_west,2026-08-23T11:43:00Z,delivered,web,USD,40.99,0.00,3.38,6.99,51.36,support
tenant_aura,ord_aur_00149,cus_aur_0078,wh_aur_west,2026-09-01T04:41:00Z,delivered,web,USD,76.48,3.82,5.99,6.99,85.64,support
tenant_aura,ord_aur_00150,cus_aur_0116,wh_aur_central,2026-09-18T19:26:00Z,delivered,web,USD,143.24,0.00,11.82,0.00,155.06,support
tenant_aura,ord_aur_00151,cus_aur_0089,wh_aur_central,2026-08-21T16:48:00Z,shipped,marketplace,USD,77.48,0.00,6.39,0.00,83.87,support
tenant_aura,ord_aur_00152,cus_aur_0135,wh_aur_west,2026-08-10T03:48:00Z,delivered,marketplace,USD,77.48,0.00,6.39,0.00,83.87,support
tenant_aura,ord_aur_00153,cus_aur_0120,wh_aur_west,2026-09-03T15:08:00Z,delivered,web,USD,42.49,0.00,3.51,6.99,52.99,support
tenant_aura,ord_aur_00154,cus_aur_0163,wh_aur_east,2026-08-15T18:28:00Z,delivered,web,USD,65.73,0.00,5.42,6.99,78.14,support
tenant_aura,ord_aur_00155,cus_aur_0120,wh_aur_west,2026-09-13T02:08:00Z,delivered,web,USD,61.13,0.00,5.04,6.99,73.16,support
tenant_aura,ord_aur_00156,cus_aur_0047,wh_aur_central,2026-08-16T00:10:00Z,pending,web,USD,57.98,0.00,4.78,6.99,69.75,support
tenant_aura,ord_aur_00157,cus_aur_0055,wh_aur_east,2026-08-29T22:39:00Z,returned,marketplace,USD,69.47,0.00,5.73,6.99,82.19,support
tenant_aura,ord_aur_00158,cus_aur_0055,wh_aur_east,2026-08-17T19:46:00Z,delivered,marketplace,USD,70.22,0.00,5.79,6.99,83.00,support
tenant_aura,ord_aur_00159,cus_aur_0171,wh_aur_west,2026-08-22T02:56:00Z,returned,wholesale,USD,188.18,0.00,15.52,0.00,203.70,support
tenant_aura,ord_aur_00160,cus_aur_0129,wh_aur_west,2026-08-25T13:14:00Z,delivered,web,USD,38.74,0.00,3.20,6.99,48.93,support
tenant_aura,ord_aur_00161,cus_aur_0053,wh_aur_central,2026-09-09T08:42:00Z,shipped,web,USD,185.45,0.00,15.30,0.00,200.75,support
tenant_aura,ord_aur_00162,cus_aur_0124,wh_aur_east,2026-08-27T04:47:00Z,delivered,web,USD,91.22,4.56,7.15,0.00,93.81,support
tenant_aura,ord_aur_00163,cus_aur_0055,wh_aur_east,2026-08-30T08:48:00Z,delivered,web,USD,160.88,8.04,12.61,0.00,165.45,support
tenant_aura,ord_aur_00164,cus_aur_0128,wh_aur_central,2026-09-06T10:43:00Z,delivered,web,USD,23.37,0.00,1.93,6.99,32.29,support
tenant_aura,ord_aur_00165,cus_aur_0083,wh_aur_central,2026-08-12T20:25:00Z,delivered,marketplace,USD,186.50,0.00,15.39,0.00,201.89,support
tenant_aura,ord_aur_00166,cus_aur_0004,wh_aur_east,2026-08-19T16:39:00Z,shipped,web,USD,54.43,0.00,4.49,6.99,65.91,support
tenant_aura,ord_aur_00167,cus_aur_0160,wh_aur_east,2026-08-28T15:20:00Z,shipped,web,USD,54.74,0.00,4.52,6.99,66.25,support
tenant_aura,ord_aur_00168,cus_aur_0018,wh_aur_west,2026-08-20T03:27:00Z,shipped,web,USD,24.99,0.00,2.06,6.99,34.04,support
tenant_aura,ord_aur_00169,cus_aur_0076,wh_aur_east,2026-08-25T10:06:00Z,delivered,web,USD,119.12,0.00,9.83,0.00,128.95,support
tenant_aura,ord_aur_00170,cus_aur_0023,wh_aur_central,2026-08-27T22:09:00Z,delivered,wholesale,USD,161.50,0.00,13.32,0.00,174.82,support
tenant_aura,ord_aur_00171,cus_aur_0027,wh_aur_west,2026-08-20T14:23:00Z,delivered,web,USD,105.72,0.00,8.72,0.00,114.44,support
tenant_aura,ord_aur_00172,cus_aur_0052,wh_aur_east,2026-08-17T18:57:00Z,delivered,marketplace,USD,50.22,0.00,4.14,6.99,61.35,support
tenant_aura,ord_aur_00173,cus_aur_0110,wh_aur_central,2026-09-07T18:23:00Z,allocated,marketplace,USD,68.88,0.00,5.68,6.99,81.55,support
tenant_aura,ord_aur_00174,cus_aur_0149,wh_aur_central,2026-08-28T14:00:00Z,delivered,web,USD,227.82,11.39,17.86,0.00,234.29,support
tenant_aura,ord_aur_00175,cus_aur_0147,wh_aur_west,2026-08-18T18:46:00Z,delivered,web,USD,145.58,0.00,12.01,0.00,157.59,support
tenant_aura,ord_aur_00176,cus_aur_0127,wh_aur_east,2026-08-16T02:12:00Z,pending,web,USD,35.98,0.00,2.97,6.99,45.94,support
tenant_aura,ord_aur_00177,cus_aur_0009,wh_aur_west,2026-08-10T16:17:00Z,allocated,web,USD,268.68,0.00,22.17,0.00,290.85,support
tenant_aura,ord_aur_00178,cus_aur_0122,wh_aur_central,2026-09-09T00:41:00Z,allocated,marketplace,USD,123.81,6.19,9.70,0.00,127.32,support
tenant_aura,ord_aur_00179,cus_aur_0164,wh_aur_central,2026-09-02T06:39:00Z,delivered,web,USD,32.77,0.00,2.70,6.99,42.46,support
tenant_aura,ord_aur_00180,cus_aur_0002,wh_aur_central,2026-09-09T13:55:00Z,delivered,web,USD,150.13,0.00,12.39,0.00,162.52,support
tenant_aura,ord_aur_00181,cus_aur_0063,wh_aur_west,2026-09-05T06:51:00Z,delivered,wholesale,USD,28.99,0.00,2.39,6.99,38.37,support
tenant_aura,ord_aur_00182,cus_aur_0059,wh_aur_central,2026-09-07T12:19:00Z,shipped,wholesale,USD,108.64,0.00,8.96,0.00,117.60,support
tenant_aura,ord_aur_00183,cus_aur_0065,wh_aur_central,2026-09-04T03:58:00Z,shipped,web,USD,158.70,0.00,13.09,0.00,171.79,support
tenant_aura,ord_aur_00184,cus_aur_0038,wh_aur_central,2026-08-25T03:14:00Z,delivered,web,USD,35.98,0.00,2.97,6.99,45.94,support
tenant_aura,ord_aur_00185,cus_aur_0062,wh_aur_central,2026-09-04T23:45:00Z,delivered,web,USD,230.78,0.00,19.04,0.00,249.82,support
tenant_aura,ord_aur_00186,cus_aur_0166,wh_aur_east,2026-08-16T10:48:00Z,delivered,marketplace,USD,156.20,7.81,12.24,0.00,160.63,support
tenant_aura,ord_aur_00187,cus_aur_0076,wh_aur_east,2026-09-01T20:46:00Z,shipped,web,USD,66.48,0.00,5.48,6.99,78.95,support
tenant_aura,ord_aur_00188,cus_aur_0093,wh_aur_west,2026-09-07T11:53:00Z,delivered,web,USD,321.75,0.00,26.54,0.00,348.29,support
tenant_aura,ord_aur_00189,cus_aur_0017,wh_aur_central,2026-09-12T03:21:00Z,allocated,web,USD,24.99,0.00,2.06,6.99,34.04,support
tenant_aura,ord_aur_00190,cus_aur_0062,wh_aur_central,2026-08-11T15:28:00Z,cancelled,web,USD,101.48,0.00,8.37,0.00,109.85,support
tenant_aura,ord_aur_00191,cus_aur_0033,wh_aur_west,2026-08-11T18:23:00Z,delivered,marketplace,USD,98.97,0.00,8.17,0.00,107.14,support
tenant_aura,ord_aur_00192,cus_aur_0041,wh_aur_central,2026-09-06T18:48:00Z,pending,marketplace,USD,22.32,0.00,1.84,6.99,31.15,support
tenant_aura,ord_aur_00193,cus_aur_0086,wh_aur_central,2026-08-12T05:28:00Z,delivered,web,USD,151.43,7.57,11.87,0.00,155.73,support
tenant_aura,ord_aur_00194,cus_aur_0027,wh_aur_west,2026-09-02T20:49:00Z,delivered,wholesale,USD,77.88,0.00,6.43,0.00,84.31,support
tenant_aura,ord_aur_00195,cus_aur_0001,wh_aur_east,2026-09-12T19:22:00Z,delivered,web,USD,99.22,0.00,8.19,0.00,107.41,support
tenant_aura,ord_aur_00196,cus_aur_0143,wh_aur_central,2026-08-30T14:28:00Z,delivered,marketplace,USD,109.57,0.00,9.04,0.00,118.61,support
tenant_aura,ord_aur_00197,cus_aur_0115,wh_aur_east,2026-09-11T16:47:00Z,delivered,web,USD,15.29,0.00,1.26,6.99,23.54,support
tenant_aura,ord_aur_00198,cus_aur_0102,wh_aur_west,2026-08-20T09:51:00Z,delivered,web,USD,117.35,5.87,9.20,0.00,120.68,support
tenant_aura,ord_aur_00199,cus_aur_0066,wh_aur_west,2026-09-13T21:13:00Z,delivered,web,USD,224.68,11.23,17.61,0.00,231.06,support
tenant_aura,ord_aur_00200,cus_aur_0162,wh_aur_west,2026-08-14T01:24:00Z,delivered,web,USD,23.50,0.00,1.94,6.99,32.43,support
tenant_aura,ord_aur_00201,cus_aur_0087,wh_aur_west,2026-08-16T05:43:00Z,returned,web,USD,107.22,0.00,8.85,0.00,116.07,support
tenant_aura,ord_aur_00202,cus_aur_0065,wh_aur_central,2026-08-17T21:48:00Z,delivered,web,USD,121.97,0.00,10.06,0.00,132.03,support
tenant_aura,ord_aur_00203,cus_aur_0055,wh_aur_east,2026-09-18T20:05:00Z,delivered,web,USD,187.42,0.00,15.46,0.00,202.88,support
tenant_aura,ord_aur_00204,cus_aur_0134,wh_aur_central,2026-08-23T08:11:00Z,delivered,wholesale,USD,40.60,0.00,3.35,6.99,50.94,support
tenant_aura,ord_aur_00205,cus_aur_0165,wh_aur_west,2026-09-12T13:34:00Z,delivered,web,USD,110.97,0.00,9.16,0.00,120.13,support
tenant_aura,ord_aur_00206,cus_aur_0107,wh_aur_central,2026-08-23T17:38:00Z,allocated,web,USD,103.94,0.00,8.58,0.00,112.52,support
tenant_aura,ord_aur_00207,cus_aur_0154,wh_aur_east,2026-09-04T06:33:00Z,delivered,marketplace,USD,194.70,0.00,16.06,0.00,210.76,support
tenant_aura,ord_aur_00208,cus_aur_0083,wh_aur_central,2026-08-27T20:02:00Z,delivered,web,USD,45.03,0.00,3.71,6.99,55.73,support
tenant_aura,ord_aur_00209,cus_aur_0095,wh_aur_central,2026-09-02T20:51:00Z,delivered,web,USD,150.52,7.53,11.80,0.00,154.79,support
tenant_aura,ord_aur_00210,cus_aur_0037,wh_aur_east,2026-09-03T15:24:00Z,allocated,web,USD,35.49,0.00,2.93,6.99,45.41,support
tenant_aura,ord_aur_00211,cus_aur_0120,wh_aur_west,2026-09-14T03:08:00Z,delivered,web,USD,82.62,0.00,6.82,0.00,89.44,support
tenant_aura,ord_aur_00212,cus_aur_0041,wh_aur_central,2026-08-26T23:04:00Z,returned,web,USD,130.61,0.00,10.78,0.00,141.39,support
tenant_aura,ord_aur_00213,cus_aur_0014,wh_aur_central,2026-09-14T21:19:00Z,allocated,web,USD,49.98,0.00,4.12,6.99,61.09,support
tenant_aura,ord_aur_00214,cus_aur_0140,wh_aur_central,2026-08-22T07:27:00Z,delivered,web,USD,130.46,0.00,10.76,0.00,141.22,support
tenant_aura,ord_aur_00215,cus_aur_0175,wh_aur_east,2026-08-17T14:37:00Z,returned,web,USD,287.18,0.00,23.69,0.00,310.87,support
tenant_aura,ord_aur_00216,cus_aur_0090,wh_aur_west,2026-08-26T06:13:00Z,delivered,web,USD,120.46,0.00,9.94,0.00,130.40,support
tenant_aura,ord_aur_00217,cus_aur_0001,wh_aur_east,2026-09-07T07:24:00Z,delivered,marketplace,USD,165.49,0.00,13.65,0.00,179.14,support
tenant_aura,ord_aur_00218,cus_aur_0086,wh_aur_central,2026-09-14T20:23:00Z,delivered,web,USD,118.81,0.00,9.80,0.00,128.61,support
tenant_aura,ord_aur_00219,cus_aur_0052,wh_aur_east,2026-09-08T21:25:00Z,cancelled,web,USD,135.47,0.00,11.18,0.00,146.65,support
tenant_aura,ord_aur_00220,cus_aur_0166,wh_aur_east,2026-08-14T23:24:00Z,delivered,web,USD,52.35,0.00,4.32,6.99,63.66,support
tenant_aura,ord_aur_00221,cus_aur_0051,wh_aur_west,2026-08-23T19:26:00Z,shipped,marketplace,USD,139.70,0.00,11.53,0.00,151.23,support
tenant_aura,ord_aur_00222,cus_aur_0029,wh_aur_central,2026-08-13T10:10:00Z,delivered,web,USD,48.11,0.00,3.97,6.99,59.07,support
tenant_aura,ord_aur_00223,cus_aur_0086,wh_aur_central,2026-09-09T17:09:00Z,delivered,web,USD,221.84,0.00,18.30,0.00,240.14,support
tenant_aura,ord_aur_00224,cus_aur_0149,wh_aur_central,2026-08-22T19:09:00Z,returned,web,USD,47.24,2.36,3.70,6.99,55.57,support
tenant_aura,ord_aur_00225,cus_aur_0069,wh_aur_west,2026-09-17T01:49:00Z,delivered,marketplace,USD,173.34,0.00,14.30,0.00,187.64,support
tenant_aura,ord_aur_00226,cus_aur_0011,wh_aur_central,2026-09-11T04:32:00Z,cancelled,marketplace,USD,39.99,0.00,3.30,6.99,50.28,support
tenant_aura,ord_aur_00227,cus_aur_0103,wh_aur_east,2026-09-05T08:26:00Z,delivered,marketplace,USD,94.60,0.00,7.80,0.00,102.40,support
tenant_aura,ord_aur_00228,cus_aur_0081,wh_aur_west,2026-08-31T00:49:00Z,shipped,marketplace,USD,114.97,0.00,9.49,0.00,124.46,support
tenant_aura,ord_aur_00229,cus_aur_0142,wh_aur_east,2026-09-11T05:40:00Z,allocated,web,USD,36.33,0.00,3.00,6.99,46.32,support
tenant_aura,ord_aur_00230,cus_aur_0117,wh_aur_west,2026-08-16T16:51:00Z,delivered,marketplace,USD,159.39,7.97,12.49,0.00,163.91,support
tenant_aura,ord_aur_00231,cus_aur_0050,wh_aur_central,2026-08-23T21:15:00Z,returned,web,USD,113.97,0.00,9.40,0.00,123.37,support
tenant_aura,ord_aur_00232,cus_aur_0096,wh_aur_west,2026-09-17T19:16:00Z,pending,web,USD,91.35,0.00,7.54,0.00,98.89,support
tenant_aura,ord_aur_00233,cus_aur_0005,wh_aur_central,2026-08-26T00:27:00Z,delivered,web,USD,177.69,0.00,14.66,0.00,192.35,support
tenant_aura,ord_aur_00234,cus_aur_0117,wh_aur_west,2026-08-21T09:20:00Z,delivered,marketplace,USD,110.16,0.00,9.09,0.00,119.25,support
tenant_aura,ord_aur_00235,cus_aur_0131,wh_aur_central,2026-09-17T16:21:00Z,delivered,web,USD,42.61,0.00,3.52,6.99,53.12,support
tenant_aura,ord_aur_00236,cus_aur_0125,wh_aur_central,2026-08-17T15:56:00Z,delivered,marketplace,USD,119.22,0.00,9.84,0.00,129.06,support
tenant_aura,ord_aur_00237,cus_aur_0057,wh_aur_west,2026-08-16T22:06:00Z,allocated,web,USD,141.96,0.00,11.71,0.00,153.67,support
tenant_aura,ord_aur_00238,cus_aur_0031,wh_aur_east,2026-09-02T12:24:00Z,delivered,marketplace,USD,110.17,0.00,9.09,0.00,119.26,support
tenant_aura,ord_aur_00239,cus_aur_0115,wh_aur_east,2026-09-12T00:52:00Z,delivered,marketplace,USD,190.57,0.00,15.72,0.00,206.29,support
tenant_aura,ord_aur_00240,cus_aur_0175,wh_aur_east,2026-08-12T23:21:00Z,shipped,web,USD,70.85,0.00,5.85,6.99,83.69,support
tenant_aura,ord_aur_00241,cus_aur_0037,wh_aur_east,2026-09-14T02:21:00Z,delivered,marketplace,USD,73.04,0.00,6.03,6.99,86.06,support
tenant_aura,ord_aur_00242,cus_aur_0147,wh_aur_west,2026-09-01T22:18:00Z,delivered,web,USD,179.68,0.00,14.82,0.00,194.50,support
tenant_aura,ord_aur_00243,cus_aur_0131,wh_aur_central,2026-09-18T05:38:00Z,allocated,web,USD,56.16,0.00,4.63,6.99,67.78,support
tenant_aura,ord_aur_00244,cus_aur_0024,wh_aur_west,2026-09-16T09:11:00Z,delivered,web,USD,56.23,2.81,4.41,6.99,64.82,support
tenant_aura,ord_aur_00245,cus_aur_0114,wh_aur_west,2026-08-20T09:15:00Z,cancelled,web,USD,103.46,0.00,8.54,0.00,112.00,support
tenant_aura,ord_aur_00246,cus_aur_0147,wh_aur_west,2026-08-22T12:11:00Z,delivered,marketplace,USD,49.24,0.00,4.06,6.99,60.29,support
tenant_aura,ord_aur_00247,cus_aur_0074,wh_aur_central,2026-09-09T17:19:00Z,delivered,web,USD,88.98,0.00,7.34,0.00,96.32,support
tenant_aura,ord_aur_00248,cus_aur_0033,wh_aur_west,2026-08-13T06:22:00Z,delivered,web,USD,35.74,0.00,2.95,6.99,45.68,support
tenant_aura,ord_aur_00249,cus_aur_0084,wh_aur_west,2026-08-16T12:51:00Z,delivered,marketplace,USD,105.66,0.00,8.72,0.00,114.38,support
tenant_aura,ord_aur_00250,cus_aur_0068,wh_aur_central,2026-09-04T14:12:00Z,delivered,marketplace,USD,180.96,9.05,14.18,0.00,186.09,support
tenant_aura,ord_aur_00251,cus_aur_0111,wh_aur_west,2026-08-11T02:23:00Z,delivered,marketplace,USD,51.91,0.00,4.28,6.99,63.18,support
tenant_aura,ord_aur_00252,cus_aur_0037,wh_aur_east,2026-08-30T03:21:00Z,shipped,marketplace,USD,73.98,0.00,6.10,6.99,87.07,support
tenant_aura,ord_aur_00253,cus_aur_0145,wh_aur_east,2026-09-17T07:36:00Z,delivered,wholesale,USD,131.97,0.00,10.89,0.00,142.86,support
tenant_aura,ord_aur_00254,cus_aur_0015,wh_aur_west,2026-08-28T05:58:00Z,delivered,marketplace,USD,177.60,0.00,14.65,0.00,192.25,support
tenant_aura,ord_aur_00255,cus_aur_0132,wh_aur_west,2026-08-21T11:22:00Z,allocated,marketplace,USD,186.00,0.00,15.35,0.00,201.35,support
tenant_aura,ord_aur_00256,cus_aur_0013,wh_aur_east,2026-08-17T07:01:00Z,delivered,web,USD,105.54,0.00,8.71,0.00,114.25,support
tenant_aura,ord_aur_00257,cus_aur_0130,wh_aur_east,2026-09-14T04:46:00Z,delivered,web,USD,101.15,5.06,7.93,0.00,104.02,support
tenant_aura,ord_aur_00258,cus_aur_0161,wh_aur_central,2026-08-12T14:21:00Z,shipped,web,USD,141.28,0.00,11.66,0.00,152.94,support
tenant_aura,ord_aur_00259,cus_aur_0058,wh_aur_east,2026-09-17T04:22:00Z,delivered,web,USD,86.18,0.00,7.11,0.00,93.29,support
tenant_aura,ord_aur_00260,cus_aur_0155,wh_aur_central,2026-08-23T10:42:00Z,delivered,marketplace,USD,43.74,0.00,3.61,6.99,54.34,support
tenant_aura,ord_aur_00261,cus_aur_0178,wh_aur_east,2026-08-31T10:44:00Z,delivered,web,USD,160.39,0.00,13.23,0.00,173.62,support
tenant_aura,ord_aur_00262,cus_aur_0112,wh_aur_east,2026-08-22T23:19:00Z,cancelled,web,USD,83.18,0.00,6.86,0.00,90.04,support
tenant_aura,ord_aur_00263,cus_aur_0161,wh_aur_central,2026-09-16T03:45:00Z,delivered,web,USD,65.45,0.00,5.40,6.99,77.84,support
tenant_aura,ord_aur_00264,cus_aur_0044,wh_aur_central,2026-09-18T08:23:00Z,delivered,web,USD,155.21,0.00,12.80,0.00,168.01,support
tenant_aura,ord_aur_00265,cus_aur_0039,wh_aur_west,2026-08-10T09:01:00Z,delivered,web,USD,109.21,0.00,9.01,0.00,118.22,support
tenant_aura,ord_aur_00266,cus_aur_0084,wh_aur_west,2026-08-29T22:48:00Z,delivered,web,USD,145.85,0.00,12.03,0.00,157.88,support
tenant_aura,ord_aur_00267,cus_aur_0066,wh_aur_west,2026-08-27T11:58:00Z,delivered,web,USD,161.21,0.00,13.30,0.00,174.51,support
tenant_aura,ord_aur_00268,cus_aur_0173,wh_aur_central,2026-08-26T09:13:00Z,delivered,marketplace,USD,234.25,0.00,19.33,0.00,253.58,support
tenant_aura,ord_aur_00269,cus_aur_0023,wh_aur_central,2026-09-16T03:09:00Z,delivered,web,USD,99.86,0.00,8.24,0.00,108.10,support
tenant_aura,ord_aur_00270,cus_aur_0057,wh_aur_west,2026-08-23T02:47:00Z,delivered,web,USD,34.49,1.72,2.70,6.99,42.46,support
tenant_aura,ord_aur_00271,cus_aur_0005,wh_aur_central,2026-08-17T09:14:00Z,delivered,web,USD,52.48,0.00,4.33,6.99,63.80,support
tenant_aura,ord_aur_00272,cus_aur_0178,wh_aur_east,2026-08-25T07:56:00Z,delivered,marketplace,USD,243.03,12.15,19.05,0.00,249.93,support
tenant_aura,ord_aur_00273,cus_aur_0099,wh_aur_west,2026-08-24T16:26:00Z,delivered,web,USD,165.89,0.00,13.69,0.00,179.58,support
tenant_aura,ord_aur_00274,cus_aur_0149,wh_aur_central,2026-09-01T01:32:00Z,delivered,web,USD,52.18,0.00,4.30,6.99,63.47,support
tenant_aura,ord_aur_00275,cus_aur_0082,wh_aur_east,2026-09-02T19:04:00Z,pending,web,USD,155.72,0.00,12.85,0.00,168.57,support
tenant_aura,ord_aur_00276,cus_aur_0111,wh_aur_west,2026-08-18T10:00:00Z,delivered,web,USD,131.45,0.00,10.84,0.00,142.29,support
tenant_aura,ord_aur_00277,cus_aur_0180,wh_aur_west,2026-08-10T20:57:00Z,delivered,web,USD,117.97,5.90,9.25,0.00,121.32,support
tenant_aura,ord_aur_00278,cus_aur_0060,wh_aur_west,2026-09-01T23:14:00Z,delivered,web,USD,30.24,0.00,2.49,6.99,39.72,support
tenant_aura,ord_aur_00279,cus_aur_0148,wh_aur_east,2026-08-24T15:37:00Z,delivered,marketplace,USD,130.96,0.00,10.80,0.00,141.76,support
tenant_aura,ord_aur_00280,cus_aur_0053,wh_aur_central,2026-08-29T05:37:00Z,pending,web,USD,46.49,0.00,3.84,6.99,57.32,support
tenant_aura,ord_aur_00281,cus_aur_0035,wh_aur_central,2026-08-23T13:07:00Z,delivered,web,USD,199.00,0.00,16.42,0.00,215.42,support
tenant_aura,ord_aur_00282,cus_aur_0172,wh_aur_east,2026-09-05T20:41:00Z,shipped,marketplace,USD,24.74,0.00,2.04,6.99,33.77,support
tenant_aura,ord_aur_00283,cus_aur_0105,wh_aur_west,2026-09-13T12:21:00Z,delivered,web,USD,67.72,0.00,5.59,6.99,80.30,support
tenant_aura,ord_aur_00284,cus_aur_0050,wh_aur_central,2026-09-03T12:08:00Z,delivered,web,USD,154.64,0.00,12.76,0.00,167.40,support
tenant_aura,ord_aur_00285,cus_aur_0045,wh_aur_west,2026-09-04T08:11:00Z,delivered,web,USD,29.99,0.00,2.47,6.99,39.45,support
tenant_aura,ord_aur_00286,cus_aur_0144,wh_aur_west,2026-08-18T20:07:00Z,delivered,web,USD,67.38,0.00,5.56,6.99,79.93,support
tenant_aura,ord_aur_00287,cus_aur_0030,wh_aur_west,2026-09-08T11:05:00Z,delivered,web,USD,300.07,0.00,24.76,0.00,324.83,support
tenant_aura,ord_aur_00288,cus_aur_0171,wh_aur_west,2026-09-17T23:52:00Z,allocated,web,USD,252.53,0.00,20.83,0.00,273.36,support
tenant_aura,ord_aur_00289,cus_aur_0091,wh_aur_east,2026-08-18T00:53:00Z,delivered,web,USD,159.32,0.00,13.14,0.00,172.46,support
tenant_aura,ord_aur_00290,cus_aur_0128,wh_aur_central,2026-09-08T10:17:00Z,delivered,web,USD,56.02,0.00,4.62,6.99,67.63,support
tenant_aura,ord_aur_00291,cus_aur_0056,wh_aur_central,2026-08-20T10:41:00Z,delivered,web,USD,66.48,0.00,5.48,6.99,78.95,support
tenant_aura,ord_aur_00292,cus_aur_0179,wh_aur_central,2026-08-26T00:06:00Z,delivered,marketplace,USD,31.49,0.00,2.60,6.99,41.08,support
tenant_aura,ord_aur_00293,cus_aur_0155,wh_aur_central,2026-09-17T06:45:00Z,delivered,web,USD,154.96,7.75,12.14,0.00,159.35,support
tenant_aura,ord_aur_00294,cus_aur_0107,wh_aur_central,2026-09-06T03:57:00Z,delivered,web,USD,100.47,0.00,8.29,0.00,108.76,support
tenant_aura,ord_aur_00295,cus_aur_0006,wh_aur_west,2026-08-26T14:15:00Z,cancelled,web,USD,70.85,0.00,5.85,6.99,83.69,support
tenant_aura,ord_aur_00296,cus_aur_0002,wh_aur_central,2026-09-06T17:41:00Z,shipped,web,USD,190.20,0.00,15.69,0.00,205.89,support
tenant_aura,ord_aur_00297,cus_aur_0024,wh_aur_west,2026-08-10T20:09:00Z,delivered,marketplace,USD,75.98,0.00,6.27,0.00,82.25,support
tenant_aura,ord_aur_00298,cus_aur_0032,wh_aur_central,2026-08-22T10:22:00Z,cancelled,web,USD,172.29,0.00,14.21,0.00,186.50,support
tenant_aura,ord_aur_00299,cus_aur_0076,wh_aur_east,2026-08-23T13:56:00Z,delivered,web,USD,38.74,0.00,3.20,6.99,48.93,support
tenant_aura,ord_aur_00300,cus_aur_0121,wh_aur_east,2026-08-15T22:11:00Z,pending,marketplace,USD,124.21,0.00,10.25,0.00,134.46,support
tenant_aura,ord_aur_00301,cus_aur_0061,wh_aur_east,2026-08-28T20:33:00Z,delivered,web,USD,171.71,0.00,14.17,0.00,185.88,support
tenant_aura,ord_aur_00302,cus_aur_0061,wh_aur_east,2026-09-07T14:04:00Z,shipped,web,USD,139.94,7.00,10.97,0.00,143.91,support
tenant_aura,ord_aur_00303,cus_aur_0133,wh_aur_east,2026-09-16T01:01:00Z,delivered,marketplace,USD,21.99,0.00,1.81,6.99,30.79,support
tenant_aura,ord_aur_00304,cus_aur_0161,wh_aur_central,2026-08-12T11:17:00Z,delivered,marketplace,USD,24.74,1.24,1.94,6.99,32.43,support
tenant_aura,ord_aur_00305,cus_aur_0087,wh_aur_west,2026-09-18T12:55:00Z,delivered,web,USD,190.40,0.00,15.71,0.00,206.11,support
tenant_aura,ord_aur_00306,cus_aur_0016,wh_aur_east,2026-09-08T16:05:00Z,delivered,web,USD,97.98,0.00,8.08,0.00,106.06,support
tenant_aura,ord_aur_00307,cus_aur_0049,wh_aur_east,2026-08-14T18:58:00Z,delivered,wholesale,USD,60.48,0.00,4.99,6.99,72.46,support
tenant_aura,ord_aur_00308,cus_aur_0004,wh_aur_east,2026-08-23T05:55:00Z,delivered,marketplace,USD,29.99,0.00,2.47,6.99,39.45,support
tenant_aura,ord_aur_00309,cus_aur_0003,wh_aur_west,2026-08-30T19:47:00Z,delivered,marketplace,USD,158.96,0.00,13.11,0.00,172.07,support
tenant_aura,ord_aur_00310,cus_aur_0112,wh_aur_east,2026-08-12T00:19:00Z,delivered,marketplace,USD,156.58,0.00,12.92,0.00,169.50,support
tenant_aura,ord_aur_00311,cus_aur_0168,wh_aur_west,2026-08-22T17:35:00Z,delivered,web,USD,162.66,8.13,12.75,0.00,167.28,support
tenant_aura,ord_aur_00312,cus_aur_0088,wh_aur_east,2026-09-09T00:48:00Z,delivered,wholesale,USD,207.64,0.00,17.13,0.00,224.77,support
tenant_aura,ord_aur_00313,cus_aur_0080,wh_aur_central,2026-09-16T18:04:00Z,delivered,web,USD,203.44,0.00,16.78,0.00,220.22,support
tenant_aura,ord_aur_00314,cus_aur_0070,wh_aur_east,2026-09-12T13:48:00Z,delivered,marketplace,USD,177.75,0.00,14.66,0.00,192.41,support
tenant_aura,ord_aur_00315,cus_aur_0053,wh_aur_central,2026-09-13T23:00:00Z,shipped,web,USD,173.24,8.66,13.58,0.00,178.16,support
tenant_aura,ord_aur_00316,cus_aur_0142,wh_aur_east,2026-08-16T15:54:00Z,delivered,web,USD,23.49,0.00,1.94,6.99,32.42,support
tenant_aura,ord_aur_00317,cus_aur_0064,wh_aur_east,2026-08-10T20:37:00Z,delivered,web,USD,133.96,0.00,11.05,0.00,145.01,support
tenant_aura,ord_aur_00318,cus_aur_0057,wh_aur_west,2026-08-17T21:27:00Z,delivered,marketplace,USD,45.59,0.00,3.76,6.99,56.34,support
tenant_aura,ord_aur_00319,cus_aur_0056,wh_aur_central,2026-08-16T03:46:00Z,delivered,web,USD,20.02,0.00,1.65,6.99,28.66,support
tenant_aura,ord_aur_00320,cus_aur_0018,wh_aur_west,2026-08-24T08:45:00Z,pending,marketplace,USD,154.94,0.00,12.78,0.00,167.72,support
tenant_aura,ord_aur_00321,cus_aur_0087,wh_aur_west,2026-08-24T23:06:00Z,delivered,web,USD,140.71,7.04,11.03,0.00,144.70,support
tenant_aura,ord_aur_00322,cus_aur_0071,wh_aur_central,2026-09-16T13:54:00Z,delivered,web,USD,175.20,0.00,14.45,0.00,189.65,support
tenant_aura,ord_aur_00323,cus_aur_0172,wh_aur_east,2026-08-29T04:16:00Z,delivered,marketplace,USD,92.72,0.00,7.65,0.00,100.37,support
tenant_aura,ord_aur_00324,cus_aur_0048,wh_aur_west,2026-08-17T21:10:00Z,delivered,web,USD,159.66,0.00,13.17,0.00,172.83,support
tenant_aura,ord_aur_00325,cus_aur_0165,wh_aur_west,2026-09-05T09:34:00Z,delivered,wholesale,USD,104.42,0.00,8.61,0.00,113.03,support
tenant_aura,ord_aur_00326,cus_aur_0038,wh_aur_central,2026-08-25T11:33:00Z,pending,web,USD,72.23,3.61,5.66,6.99,81.27,support
tenant_aura,ord_aur_00327,cus_aur_0006,wh_aur_west,2026-08-20T13:29:00Z,delivered,web,USD,62.22,0.00,5.13,6.99,74.34,support
tenant_aura,ord_aur_00328,cus_aur_0007,wh_aur_east,2026-08-19T20:24:00Z,delivered,web,USD,178.16,0.00,14.70,0.00,192.86,support
tenant_aura,ord_aur_00329,cus_aur_0080,wh_aur_central,2026-08-16T13:21:00Z,delivered,marketplace,USD,215.94,0.00,17.82,0.00,233.76,support
tenant_aura,ord_aur_00330,cus_aur_0079,wh_aur_east,2026-09-11T05:28:00Z,pending,marketplace,USD,132.73,6.64,10.40,0.00,136.49,support
tenant_aura,ord_aur_00331,cus_aur_0061,wh_aur_east,2026-08-30T15:29:00Z,delivered,web,USD,243.57,0.00,20.09,0.00,263.66,support
tenant_aura,ord_aur_00332,cus_aur_0146,wh_aur_central,2026-08-21T10:30:00Z,returned,web,USD,92.48,0.00,7.63,0.00,100.11,support
tenant_aura,ord_aur_00333,cus_aur_0176,wh_aur_central,2026-09-01T00:02:00Z,allocated,marketplace,USD,84.45,0.00,6.97,0.00,91.42,support
tenant_aura,ord_aur_00334,cus_aur_0137,wh_aur_central,2026-09-16T12:16:00Z,delivered,web,USD,112.96,0.00,9.32,0.00,122.28,support
tenant_aura,ord_aur_00335,cus_aur_0083,wh_aur_central,2026-08-26T08:59:00Z,delivered,web,USD,128.21,0.00,10.58,0.00,138.79,support
tenant_aura,ord_aur_00336,cus_aur_0154,wh_aur_east,2026-08-24T16:46:00Z,returned,web,USD,66.48,0.00,5.48,6.99,78.95,support
tenant_aura,ord_aur_00337,cus_aur_0089,wh_aur_central,2026-08-20T06:23:00Z,delivered,web,USD,377.66,0.00,31.16,0.00,408.82,support
tenant_aura,ord_aur_00338,cus_aur_0138,wh_aur_west,2026-08-14T11:20:00Z,delivered,web,USD,74.78,0.00,6.17,6.99,87.94,support
tenant_aura,ord_aur_00339,cus_aur_0014,wh_aur_central,2026-09-05T09:01:00Z,shipped,web,USD,111.56,0.00,9.20,0.00,120.76,support
tenant_aura,ord_aur_00340,cus_aur_0036,wh_aur_west,2026-09-14T12:25:00Z,shipped,web,USD,216.10,0.00,17.83,0.00,233.93,support
tenant_aura,ord_aur_00341,cus_aur_0099,wh_aur_west,2026-08-29T13:23:00Z,delivered,web,USD,133.96,0.00,11.05,0.00,145.01,support
tenant_aura,ord_aur_00342,cus_aur_0149,wh_aur_central,2026-09-01T16:08:00Z,delivered,web,USD,95.98,0.00,7.92,0.00,103.90,support
tenant_aura,ord_aur_00343,cus_aur_0013,wh_aur_east,2026-08-14T04:28:00Z,delivered,web,USD,112.95,5.65,8.85,0.00,116.15,support
tenant_aura,ord_aur_00344,cus_aur_0113,wh_aur_central,2026-08-29T18:42:00Z,delivered,marketplace,USD,132.72,6.64,10.40,0.00,136.48,support
tenant_aura,ord_aur_00345,cus_aur_0130,wh_aur_east,2026-09-07T10:39:00Z,delivered,marketplace,USD,90.97,0.00,7.51,0.00,98.48,support
tenant_aura,ord_aur_00346,cus_aur_0054,wh_aur_west,2026-09-08T11:51:00Z,delivered,web,USD,216.65,10.83,16.98,0.00,222.80,support
tenant_aura,ord_aur_00347,cus_aur_0100,wh_aur_east,2026-08-30T14:15:00Z,delivered,marketplace,USD,122.99,0.00,10.15,0.00,133.14,support
tenant_aura,ord_aur_00348,cus_aur_0008,wh_aur_central,2026-08-20T11:01:00Z,pending,wholesale,USD,44.17,0.00,3.64,6.99,54.80,support
tenant_aura,ord_aur_00349,cus_aur_0158,wh_aur_central,2026-08-22T20:50:00Z,delivered,web,USD,15.29,0.00,1.26,6.99,23.54,support
tenant_aura,ord_aur_00350,cus_aur_0008,wh_aur_central,2026-08-25T11:10:00Z,delivered,web,USD,38.24,0.00,3.15,6.99,48.38,support
tenant_aura,ord_aur_00351,cus_aur_0123,wh_aur_west,2026-09-18T07:54:00Z,delivered,web,USD,53.97,0.00,4.45,6.99,65.41,support
tenant_aura,ord_aur_00352,cus_aur_0170,wh_aur_central,2026-09-06T22:20:00Z,delivered,web,USD,71.73,0.00,5.92,6.99,84.64,support
tenant_aura,ord_aur_00353,cus_aur_0064,wh_aur_east,2026-09-09T14:57:00Z,delivered,marketplace,USD,75.15,0.00,6.20,0.00,81.35,support
tenant_aura,ord_aur_00354,cus_aur_0036,wh_aur_west,2026-09-16T23:55:00Z,delivered,web,USD,238.25,0.00,19.66,0.00,257.91,support
tenant_aura,ord_aur_00355,cus_aur_0121,wh_aur_east,2026-08-26T18:22:00Z,delivered,web,USD,59.48,0.00,4.91,6.99,71.38,support
tenant_aura,ord_aur_00356,cus_aur_0021,wh_aur_west,2026-09-04T11:03:00Z,pending,web,USD,207.84,0.00,17.15,0.00,224.99,support
tenant_aura,ord_aur_00357,cus_aur_0042,wh_aur_west,2026-09-11T12:40:00Z,delivered,web,USD,86.28,0.00,7.12,0.00,93.40,support
tenant_aura,ord_aur_00358,cus_aur_0146,wh_aur_central,2026-09-12T21:28:00Z,delivered,web,USD,141.27,0.00,11.65,0.00,152.92,support
tenant_aura,ord_aur_00359,cus_aur_0142,wh_aur_east,2026-08-26T10:02:00Z,delivered,marketplace,USD,79.98,0.00,6.60,0.00,86.58,support
tenant_aura,ord_aur_00360,cus_aur_0166,wh_aur_east,2026-08-14T15:59:00Z,shipped,marketplace,USD,112.51,0.00,9.28,0.00,121.79,support
tenant_aura,ord_aur_00361,cus_aur_0161,wh_aur_central,2026-08-26T15:43:00Z,delivered,web,USD,196.80,0.00,16.24,0.00,213.04,support
tenant_aura,ord_aur_00362,cus_aur_0029,wh_aur_central,2026-08-29T14:58:00Z,delivered,marketplace,USD,226.16,0.00,18.66,0.00,244.82,support
tenant_aura,ord_aur_00363,cus_aur_0121,wh_aur_east,2026-09-05T23:15:00Z,delivered,marketplace,USD,63.42,0.00,5.23,6.99,75.64,support
tenant_aura,ord_aur_00364,cus_aur_0150,wh_aur_west,2026-08-31T02:56:00Z,delivered,web,USD,42.49,0.00,3.51,6.99,52.99,support
tenant_aura,ord_aur_00365,cus_aur_0162,wh_aur_west,2026-09-16T05:34:00Z,delivered,marketplace,USD,182.12,0.00,15.02,0.00,197.14,support
tenant_aura,ord_aur_00366,cus_aur_0031,wh_aur_east,2026-08-11T13:15:00Z,delivered,marketplace,USD,60.98,0.00,5.03,6.99,73.00,support
tenant_aura,ord_aur_00367,cus_aur_0147,wh_aur_west,2026-09-03T09:55:00Z,delivered,web,USD,98.47,0.00,8.12,0.00,106.59,support
tenant_aura,ord_aur_00368,cus_aur_0009,wh_aur_west,2026-09-06T14:41:00Z,delivered,web,USD,221.63,0.00,18.28,0.00,239.91,support
tenant_aura,ord_aur_00369,cus_aur_0087,wh_aur_west,2026-09-04T20:44:00Z,pending,marketplace,USD,123.25,0.00,10.17,0.00,133.42,support
tenant_aura,ord_aur_00370,cus_aur_0002,wh_aur_central,2026-08-16T08:02:00Z,delivered,marketplace,USD,103.97,0.00,8.58,0.00,112.55,support
tenant_aura,ord_aur_00371,cus_aur_0015,wh_aur_west,2026-09-14T04:51:00Z,delivered,wholesale,USD,118.22,0.00,9.75,0.00,127.97,support
tenant_aura,ord_aur_00372,cus_aur_0146,wh_aur_central,2026-08-21T00:30:00Z,allocated,web,USD,65.53,0.00,5.41,6.99,77.93,support
tenant_aura,ord_aur_00373,cus_aur_0051,wh_aur_west,2026-09-06T08:02:00Z,delivered,web,USD,46.74,0.00,3.86,6.99,57.59,support
tenant_aura,ord_aur_00374,cus_aur_0069,wh_aur_west,2026-09-18T07:50:00Z,delivered,marketplace,USD,68.38,3.42,5.36,6.99,77.31,support
tenant_aura,ord_aur_00375,cus_aur_0028,wh_aur_east,2026-08-27T05:57:00Z,delivered,web,USD,38.74,0.00,3.20,6.99,48.93,support
tenant_aura,ord_aur_00376,cus_aur_0063,wh_aur_west,2026-08-17T15:54:00Z,delivered,wholesale,USD,145.26,0.00,11.98,0.00,157.24,support
tenant_aura,ord_aur_00377,cus_aur_0083,wh_aur_central,2026-09-05T09:23:00Z,delivered,web,USD,67.91,0.00,5.60,6.99,80.50,support
tenant_aura,ord_aur_00378,cus_aur_0039,wh_aur_west,2026-08-11T23:10:00Z,delivered,wholesale,USD,87.61,0.00,7.23,0.00,94.84,support
tenant_aura,ord_aur_00379,cus_aur_0057,wh_aur_west,2026-08-31T13:28:00Z,delivered,web,USD,164.21,0.00,13.55,0.00,177.76,support
tenant_aura,ord_aur_00380,cus_aur_0031,wh_aur_east,2026-09-10T12:49:00Z,delivered,marketplace,USD,96.97,0.00,8.00,0.00,104.97,support
tenant_aura,ord_aur_00381,cus_aur_0085,wh_aur_east,2026-08-26T09:56:00Z,delivered,marketplace,USD,23.62,0.00,1.95,6.99,32.56,support
tenant_aura,ord_aur_00382,cus_aur_0006,wh_aur_west,2026-08-14T16:48:00Z,allocated,web,USD,122.84,0.00,10.13,0.00,132.97,support
tenant_aura,ord_aur_00383,cus_aur_0080,wh_aur_central,2026-09-05T00:04:00Z,delivered,web,USD,123.22,0.00,10.17,0.00,133.39,support
tenant_aura,ord_aur_00384,cus_aur_0049,wh_aur_east,2026-09-14T13:53:00Z,delivered,marketplace,USD,131.45,0.00,10.84,0.00,142.29,support
tenant_aura,ord_aur_00385,cus_aur_0164,wh_aur_central,2026-08-11T09:13:00Z,pending,wholesale,USD,176.86,0.00,14.59,0.00,191.45,support
tenant_aura,ord_aur_00386,cus_aur_0042,wh_aur_west,2026-08-12T10:40:00Z,returned,web,USD,182.19,0.00,15.03,0.00,197.22,support
tenant_aura,ord_aur_00387,cus_aur_0019,wh_aur_east,2026-09-01T03:22:00Z,pending,wholesale,USD,129.46,6.47,10.15,0.00,133.14,support
tenant_aura,ord_aur_00388,cus_aur_0090,wh_aur_west,2026-08-20T21:34:00Z,shipped,web,USD,158.35,0.00,13.06,0.00,171.41,support
tenant_aura,ord_aur_00389,cus_aur_0024,wh_aur_west,2026-08-25T06:17:00Z,delivered,marketplace,USD,101.82,0.00,8.40,0.00,110.22,support
tenant_aura,ord_aur_00390,cus_aur_0045,wh_aur_west,2026-08-23T17:38:00Z,shipped,web,USD,88.27,0.00,7.28,0.00,95.55,support
tenant_aura,ord_aur_00391,cus_aur_0069,wh_aur_west,2026-09-06T21:59:00Z,delivered,web,USD,31.10,0.00,2.57,6.99,40.66,support
tenant_aura,ord_aur_00392,cus_aur_0050,wh_aur_central,2026-09-04T03:35:00Z,delivered,web,USD,196.60,0.00,16.22,0.00,212.82,support
tenant_aura,ord_aur_00393,cus_aur_0103,wh_aur_east,2026-09-06T03:17:00Z,delivered,marketplace,USD,82.46,0.00,6.80,0.00,89.26,support
tenant_aura,ord_aur_00394,cus_aur_0069,wh_aur_west,2026-08-11T01:50:00Z,delivered,web,USD,83.02,0.00,6.85,0.00,89.87,support
tenant_aura,ord_aur_00395,cus_aur_0119,wh_aur_central,2026-08-25T20:31:00Z,delivered,marketplace,USD,173.94,0.00,14.35,0.00,188.29,support
tenant_aura,ord_aur_00396,cus_aur_0084,wh_aur_west,2026-09-09T05:58:00Z,delivered,marketplace,USD,161.81,0.00,13.35,0.00,175.16,support
tenant_aura,ord_aur_00397,cus_aur_0070,wh_aur_east,2026-08-23T11:18:00Z,delivered,web,USD,244.11,12.21,19.13,0.00,251.03,support
tenant_aura,ord_aur_00398,cus_aur_0071,wh_aur_central,2026-09-13T19:12:00Z,cancelled,web,USD,35.99,0.00,2.97,6.99,45.95,support
tenant_aura,ord_aur_00399,cus_aur_0075,wh_aur_west,2026-08-18T10:08:00Z,delivered,web,USD,82.62,0.00,6.82,0.00,89.44,support
tenant_aura,ord_aur_00400,cus_aur_0091,wh_aur_east,2026-08-18T20:22:00Z,pending,wholesale,USD,186.20,9.31,14.59,0.00,191.48,support
tenant_aura,ord_aur_00401,cus_aur_0097,wh_aur_east,2026-09-12T07:51:00Z,delivered,web,USD,78.34,0.00,6.46,0.00,84.80,support
tenant_aura,ord_aur_00402,cus_aur_0024,wh_aur_west,2026-09-08T04:20:00Z,delivered,web,USD,186.45,0.00,15.38,0.00,201.83,support
tenant_aura,ord_aur_00403,cus_aur_0121,wh_aur_east,2026-08-27T10:46:00Z,delivered,web,USD,73.73,0.00,6.08,6.99,86.80,support
tenant_aura,ord_aur_00404,cus_aur_0054,wh_aur_west,2026-08-20T08:17:00Z,allocated,web,USD,85.22,0.00,7.03,0.00,92.25,support
tenant_aura,ord_aur_00405,cus_aur_0129,wh_aur_west,2026-09-11T09:21:00Z,returned,web,USD,170.19,0.00,14.04,0.00,184.23,support
tenant_aura,ord_aur_00406,cus_aur_0028,wh_aur_east,2026-08-22T23:29:00Z,delivered,wholesale,USD,107.07,0.00,8.83,0.00,115.90,support
tenant_aura,ord_aur_00407,cus_aur_0130,wh_aur_east,2026-09-06T14:46:00Z,delivered,marketplace,USD,165.30,8.27,12.95,0.00,169.98,support
tenant_aura,ord_aur_00408,cus_aur_0085,wh_aur_east,2026-09-15T16:18:00Z,delivered,web,USD,17.09,0.00,1.41,6.99,25.49,support
tenant_aura,ord_aur_00409,cus_aur_0080,wh_aur_central,2026-09-18T20:32:00Z,delivered,web,USD,49.28,0.00,4.07,6.99,60.34,support
tenant_aura,ord_aur_00410,cus_aur_0008,wh_aur_central,2026-08-27T03:45:00Z,returned,web,USD,93.46,0.00,7.71,0.00,101.17,support
tenant_aura,ord_aur_00411,cus_aur_0155,wh_aur_central,2026-08-12T18:57:00Z,delivered,marketplace,USD,171.64,0.00,14.16,0.00,185.80,support
tenant_aura,ord_aur_00412,cus_aur_0143,wh_aur_central,2026-09-18T18:22:00Z,delivered,web,USD,72.98,0.00,6.02,6.99,85.99,support
tenant_aura,ord_aur_00413,cus_aur_0078,wh_aur_west,2026-08-28T09:00:00Z,allocated,web,USD,49.86,0.00,4.11,6.99,60.96,support
tenant_aura,ord_aur_00414,cus_aur_0166,wh_aur_east,2026-09-12T19:34:00Z,delivered,web,USD,183.50,0.00,15.14,0.00,198.64,support
tenant_aura,ord_aur_00415,cus_aur_0127,wh_aur_east,2026-08-11T18:20:00Z,delivered,marketplace,USD,159.20,0.00,13.13,0.00,172.33,support
tenant_aura,ord_aur_00416,cus_aur_0047,wh_aur_central,2026-09-11T17:57:00Z,delivered,web,USD,136.47,6.82,10.70,0.00,140.35,support
tenant_aura,ord_aur_00417,cus_aur_0070,wh_aur_east,2026-08-24T21:18:00Z,shipped,marketplace,USD,24.74,0.00,2.04,6.99,33.77,support
tenant_aura,ord_aur_00418,cus_aur_0101,wh_aur_central,2026-09-08T15:43:00Z,delivered,marketplace,USD,75.27,0.00,6.21,0.00,81.48,support
tenant_aura,ord_aur_00419,cus_aur_0134,wh_aur_central,2026-09-01T17:31:00Z,delivered,web,USD,32.74,0.00,2.70,6.99,42.43,support
tenant_aura,ord_aur_00420,cus_aur_0066,wh_aur_west,2026-09-05T06:11:00Z,returned,web,USD,274.02,0.00,22.61,0.00,296.63,support
tenant_aura,ord_aur_00421,cus_aur_0146,wh_aur_central,2026-08-25T15:10:00Z,delivered,web,USD,126.89,0.00,10.47,0.00,137.36,support
tenant_aura,ord_aur_00422,cus_aur_0076,wh_aur_east,2026-09-10T03:06:00Z,shipped,web,USD,35.99,0.00,2.97,6.99,45.95,support
tenant_aura,ord_aur_00423,cus_aur_0093,wh_aur_west,2026-08-12T15:03:00Z,delivered,web,USD,128.96,0.00,10.64,0.00,139.60,support
tenant_aura,ord_aur_00424,cus_aur_0095,wh_aur_central,2026-08-12T04:54:00Z,shipped,web,USD,128.77,0.00,10.62,0.00,139.39,support
tenant_aura,ord_aur_00425,cus_aur_0173,wh_aur_central,2026-09-06T11:20:00Z,delivered,web,USD,13.99,0.00,1.15,6.99,22.13,support
tenant_aura,ord_aur_00426,cus_aur_0140,wh_aur_central,2026-08-16T04:40:00Z,delivered,web,USD,77.36,0.00,6.38,0.00,83.74,support
tenant_aura,ord_aur_00427,cus_aur_0177,wh_aur_west,2026-08-14T13:30:00Z,shipped,web,USD,176.55,0.00,14.57,0.00,191.12,support
tenant_aura,ord_aur_00428,cus_aur_0135,wh_aur_west,2026-08-15T21:36:00Z,delivered,web,USD,175.78,0.00,14.50,0.00,190.28,support
tenant_aura,ord_aur_00429,cus_aur_0146,wh_aur_central,2026-08-17T19:19:00Z,delivered,web,USD,27.44,0.00,2.26,6.99,36.69,support
tenant_aura,ord_aur_00430,cus_aur_0121,wh_aur_east,2026-09-11T12:23:00Z,returned,marketplace,USD,123.05,0.00,10.15,0.00,133.20,support
tenant_aura,ord_aur_00431,cus_aur_0012,wh_aur_west,2026-09-10T19:58:00Z,delivered,marketplace,USD,151.46,0.00,12.50,0.00,163.96,support
tenant_aura,ord_aur_00432,cus_aur_0069,wh_aur_west,2026-08-29T06:12:00Z,delivered,marketplace,USD,147.91,0.00,12.20,0.00,160.11,support
tenant_aura,ord_aur_00433,cus_aur_0179,wh_aur_central,2026-08-21T00:07:00Z,delivered,marketplace,USD,233.46,11.67,18.30,0.00,240.09,support
tenant_aura,ord_aur_00434,cus_aur_0076,wh_aur_east,2026-08-15T21:55:00Z,delivered,wholesale,USD,145.39,0.00,11.99,0.00,157.38,support
tenant_aura,ord_aur_00435,cus_aur_0076,wh_aur_east,2026-08-24T15:05:00Z,pending,web,USD,47.99,0.00,3.96,6.99,58.94,support
tenant_aura,ord_aur_00436,cus_aur_0168,wh_aur_west,2026-09-18T19:16:00Z,delivered,web,USD,107.22,0.00,8.85,0.00,116.07,support
tenant_aura,ord_aur_00437,cus_aur_0097,wh_aur_east,2026-08-20T04:53:00Z,delivered,web,USD,187.79,0.00,15.49,0.00,203.28,support
tenant_aura,ord_aur_00438,cus_aur_0121,wh_aur_east,2026-09-15T09:27:00Z,delivered,web,USD,33.52,0.00,2.77,6.99,43.28,support
tenant_aura,ord_aur_00439,cus_aur_0008,wh_aur_central,2026-09-18T20:29:00Z,delivered,web,USD,131.74,0.00,10.87,0.00,142.61,support
tenant_aura,ord_aur_00440,cus_aur_0156,wh_aur_west,2026-09-15T10:56:00Z,delivered,marketplace,USD,66.72,0.00,5.50,6.99,79.21,support
tenant_aura,ord_aur_00441,cus_aur_0123,wh_aur_west,2026-09-15T01:15:00Z,delivered,marketplace,USD,106.73,0.00,8.81,0.00,115.54,support
tenant_aura,ord_aur_00442,cus_aur_0164,wh_aur_central,2026-08-18T16:23:00Z,pending,wholesale,USD,47.99,2.40,3.76,6.99,56.34,support
tenant_aura,ord_aur_00443,cus_aur_0157,wh_aur_east,2026-09-15T12:12:00Z,delivered,web,USD,65.53,0.00,5.41,6.99,77.93,support
tenant_aura,ord_aur_00444,cus_aur_0026,wh_aur_central,2026-08-18T09:31:00Z,delivered,marketplace,USD,62.98,0.00,5.20,6.99,75.17,support
tenant_aura,ord_aur_00445,cus_aur_0110,wh_aur_central,2026-09-12T19:58:00Z,returned,marketplace,USD,129.46,0.00,10.68,0.00,140.14,support
tenant_aura,ord_aur_00446,cus_aur_0107,wh_aur_central,2026-08-17T06:10:00Z,delivered,web,USD,21.99,0.00,1.81,6.99,30.79,support
tenant_aura,ord_aur_00447,cus_aur_0166,wh_aur_east,2026-08-26T20:29:00Z,delivered,web,USD,80.97,0.00,6.68,0.00,87.65,support
tenant_aura,ord_aur_00448,cus_aur_0086,wh_aur_central,2026-09-07T20:41:00Z,delivered,web,USD,61.18,0.00,5.05,6.99,73.22,support
tenant_aura,ord_aur_00449,cus_aur_0073,wh_aur_east,2026-08-29T16:54:00Z,returned,marketplace,USD,124.32,0.00,10.26,0.00,134.58,support
tenant_aura,ord_aur_00450,cus_aur_0166,wh_aur_east,2026-08-20T18:15:00Z,delivered,web,USD,134.35,6.72,10.53,0.00,138.16,support
tenant_aura,ord_aur_00451,cus_aur_0163,wh_aur_east,2026-09-14T23:40:00Z,cancelled,web,USD,144.62,0.00,11.93,0.00,156.55,support
tenant_aura,ord_aur_00452,cus_aur_0034,wh_aur_east,2026-09-01T06:20:00Z,pending,web,USD,102.57,5.13,8.04,0.00,105.48,support
tenant_aura,ord_aur_00453,cus_aur_0007,wh_aur_east,2026-09-10T15:27:00Z,delivered,web,USD,201.69,10.08,15.81,0.00,207.42,support
tenant_aura,ord_aur_00454,cus_aur_0091,wh_aur_east,2026-08-30T12:59:00Z,delivered,web,USD,97.48,0.00,8.04,0.00,105.52,support
tenant_aura,ord_aur_00455,cus_aur_0087,wh_aur_west,2026-08-22T04:26:00Z,delivered,web,USD,125.99,0.00,10.39,0.00,136.38,support
tenant_aura,ord_aur_00456,cus_aur_0160,wh_aur_east,2026-08-20T13:20:00Z,allocated,web,USD,56.73,0.00,4.68,6.99,68.40,support
tenant_aura,ord_aur_00457,cus_aur_0006,wh_aur_west,2026-09-04T19:25:00Z,delivered,web,USD,209.34,0.00,17.27,0.00,226.61,support
tenant_aura,ord_aur_00458,cus_aur_0098,wh_aur_central,2026-08-27T21:41:00Z,returned,marketplace,USD,31.10,0.00,2.57,6.99,40.66,support
tenant_aura,ord_aur_00459,cus_aur_0021,wh_aur_west,2026-08-11T08:12:00Z,cancelled,web,USD,109.62,0.00,9.04,0.00,118.66,support
tenant_aura,ord_aur_00460,cus_aur_0041,wh_aur_central,2026-08-17T14:37:00Z,delivered,web,USD,150.24,0.00,12.39,0.00,162.63,support
tenant_aura,ord_aur_00461,cus_aur_0115,wh_aur_east,2026-08-30T13:31:00Z,delivered,marketplace,USD,479.66,0.00,39.57,0.00,519.23,support
tenant_aura,ord_aur_00462,cus_aur_0047,wh_aur_central,2026-08-29T19:09:00Z,delivered,marketplace,USD,142.52,0.00,11.76,0.00,154.28,support
tenant_aura,ord_aur_00463,cus_aur_0103,wh_aur_east,2026-08-30T05:24:00Z,delivered,web,USD,79.06,0.00,6.52,0.00,85.58,support
tenant_aura,ord_aur_00464,cus_aur_0013,wh_aur_east,2026-09-07T18:51:00Z,returned,marketplace,USD,28.57,0.00,2.36,6.99,37.92,support
tenant_aura,ord_aur_00465,cus_aur_0137,wh_aur_central,2026-08-18T20:08:00Z,delivered,web,USD,42.28,0.00,3.49,6.99,52.76,support
tenant_aura,ord_aur_00466,cus_aur_0072,wh_aur_west,2026-09-03T23:56:00Z,delivered,marketplace,USD,47.48,0.00,3.92,6.99,58.39,support
tenant_aura,ord_aur_00467,cus_aur_0161,wh_aur_central,2026-08-12T11:39:00Z,delivered,marketplace,USD,44.17,0.00,3.64,6.99,54.80,support
tenant_aura,ord_aur_00468,cus_aur_0151,wh_aur_east,2026-09-10T18:08:00Z,allocated,web,USD,115.22,0.00,9.51,0.00,124.73,support
tenant_aura,ord_aur_00469,cus_aur_0154,wh_aur_east,2026-09-03T06:34:00Z,delivered,web,USD,200.85,10.04,15.74,0.00,206.55,support
tenant_aura,ord_aur_00470,cus_aur_0047,wh_aur_central,2026-08-13T20:23:00Z,shipped,web,USD,233.00,11.65,18.26,0.00,239.61,support
tenant_aura,ord_aur_00471,cus_aur_0100,wh_aur_east,2026-08-14T04:25:00Z,delivered,web,USD,180.94,0.00,14.93,0.00,195.87,support
tenant_aura,ord_aur_00472,cus_aur_0140,wh_aur_central,2026-09-11T23:56:00Z,delivered,marketplace,USD,71.48,0.00,5.90,6.99,84.37,support
tenant_aura,ord_aur_00473,cus_aur_0138,wh_aur_west,2026-08-30T19:28:00Z,delivered,marketplace,USD,208.12,10.41,16.31,0.00,214.02,support
tenant_aura,ord_aur_00474,cus_aur_0026,wh_aur_central,2026-08-15T03:56:00Z,delivered,web,USD,45.21,0.00,3.73,6.99,55.93,support
tenant_aura,ord_aur_00475,cus_aur_0108,wh_aur_west,2026-09-11T01:48:00Z,delivered,web,USD,36.33,0.00,3.00,6.99,46.32,support
tenant_aura,ord_aur_00476,cus_aur_0124,wh_aur_east,2026-08-13T07:20:00Z,delivered,web,USD,209.96,0.00,17.32,0.00,227.28,support
tenant_aura,ord_aur_00477,cus_aur_0165,wh_aur_west,2026-09-09T03:09:00Z,delivered,wholesale,USD,16.74,0.00,1.38,6.99,25.11,support
tenant_aura,ord_aur_00478,cus_aur_0102,wh_aur_west,2026-08-20T15:06:00Z,delivered,web,USD,53.73,0.00,4.43,6.99,65.15,support
tenant_aura,ord_aur_00479,cus_aur_0142,wh_aur_east,2026-08-19T09:08:00Z,shipped,web,USD,177.99,8.90,13.95,0.00,183.04,support
tenant_aura,ord_aur_00480,cus_aur_0159,wh_aur_west,2026-09-02T19:22:00Z,shipped,marketplace,USD,209.68,0.00,17.30,0.00,226.98,support
tenant_aura,ord_aur_00481,cus_aur_0061,wh_aur_east,2026-09-10T05:12:00Z,delivered,marketplace,USD,199.47,0.00,16.46,0.00,215.93,support
tenant_aura,ord_aur_00482,cus_aur_0074,wh_aur_central,2026-09-01T09:51:00Z,delivered,web,USD,131.22,0.00,10.83,0.00,142.05,support
tenant_aura,ord_aur_00483,cus_aur_0164,wh_aur_central,2026-09-10T14:08:00Z,delivered,marketplace,USD,210.25,0.00,17.35,0.00,227.60,support
tenant_aura,ord_aur_00484,cus_aur_0146,wh_aur_central,2026-09-13T13:15:00Z,delivered,marketplace,USD,28.74,0.00,2.37,6.99,38.10,support
tenant_aura,ord_aur_00485,cus_aur_0175,wh_aur_east,2026-08-12T15:48:00Z,delivered,web,USD,91.47,0.00,7.55,0.00,99.02,support
tenant_aura,ord_aur_00486,cus_aur_0056,wh_aur_central,2026-08-30T02:17:00Z,delivered,web,USD,143.24,0.00,11.82,0.00,155.06,support
tenant_aura,ord_aur_00487,cus_aur_0169,wh_aur_east,2026-08-12T19:08:00Z,shipped,web,USD,190.16,0.00,15.69,0.00,205.85,support
tenant_aura,ord_aur_00488,cus_aur_0008,wh_aur_central,2026-09-05T02:28:00Z,delivered,marketplace,USD,89.36,0.00,7.37,0.00,96.73,support
tenant_aura,ord_aur_00489,cus_aur_0028,wh_aur_east,2026-09-03T05:08:00Z,pending,web,USD,127.23,6.36,9.97,0.00,130.84,support
tenant_aura,ord_aur_00490,cus_aur_0032,wh_aur_central,2026-09-17T15:26:00Z,delivered,web,USD,130.36,0.00,10.75,0.00,141.11,support
tenant_aura,ord_aur_00491,cus_aur_0088,wh_aur_east,2026-08-29T20:33:00Z,delivered,web,USD,134.70,6.74,10.56,0.00,138.52,support
tenant_aura,ord_aur_00492,cus_aur_0102,wh_aur_west,2026-08-22T00:26:00Z,pending,marketplace,USD,78.51,0.00,6.48,0.00,84.99,support
tenant_aura,ord_aur_00493,cus_aur_0170,wh_aur_central,2026-09-03T12:08:00Z,delivered,wholesale,USD,21.14,0.00,1.74,6.99,29.87,support
tenant_aura,ord_aur_00494,cus_aur_0111,wh_aur_west,2026-09-08T13:53:00Z,delivered,web,USD,27.54,0.00,2.27,6.99,36.80,support
tenant_aura,ord_aur_00495,cus_aur_0015,wh_aur_west,2026-08-12T19:33:00Z,delivered,web,USD,103.21,0.00,8.51,0.00,111.72,support
tenant_aura,ord_aur_00496,cus_aur_0095,wh_aur_central,2026-08-24T05:14:00Z,delivered,web,USD,26.98,1.35,2.11,6.99,34.73,support
tenant_aura,ord_aur_00497,cus_aur_0012,wh_aur_west,2026-09-12T17:38:00Z,returned,wholesale,USD,116.07,0.00,9.58,0.00,125.65,support
tenant_aura,ord_aur_00498,cus_aur_0014,wh_aur_central,2026-09-15T10:25:00Z,delivered,web,USD,84.66,0.00,6.98,0.00,91.64,support
tenant_aura,ord_aur_00499,cus_aur_0142,wh_aur_east,2026-09-06T16:29:00Z,delivered,web,USD,38.74,0.00,3.20,6.99,48.93,support
tenant_aura,ord_aur_00500,cus_aur_0058,wh_aur_east,2026-09-11T15:59:00Z,delivered,web,USD,132.77,0.00,10.95,0.00,143.72,support
