tenant_id,payment_id,vendor_invoice_id,payment_date,payment_amount,currency_code,payment_status,sensitivity
tenant_aura,pay_aur_00001,vin_aur_00001,2026-09-03,2418.50,USD,completed,accounting
tenant_aura,pay_aur_00002,vin_aur_00002,2026-09-06,5219.20,USD,completed,accounting
tenant_aura,pay_aur_00003,vin_aur_00003,2026-09-01,1001.30,USD,completed,accounting
tenant_aura,pay_aur_00004,vin_aur_00004,2026-09-04,1453.76,USD,completed,accounting
tenant_aura,pay_aur_00006,vin_aur_00006,2026-09-06,1754.92,USD,completed,accounting
tenant_aura,pay_aur_00007,vin_aur_00007,2026-09-11,4105.30,USD,completed,accounting
tenant_aura,pay_aur_00008,vin_aur_00008,2026-09-07,2701.88,USD,completed,accounting
tenant_aura,pay_aur_00009,vin_aur_00009,2026-08-25,1358.19,USD,completed,accounting
tenant_aura,pay_aur_00011,vin_aur_00011,2026-09-08,4231.29,USD,completed,accounting
tenant_aura,pay_aur_00012,vin_aur_00012,2026-09-12,1409.54,USD,completed,accounting
tenant_aura,pay_aur_00013,vin_aur_00013,2026-09-08,4845.59,USD,completed,accounting
tenant_aura,pay_aur_00014,vin_aur_00014,2026-08-25,4654.14,USD,completed,accounting
tenant_aura,pay_aur_00016,vin_aur_00016,2026-09-01,8647.27,USD,completed,accounting
tenant_aura,pay_aur_00017,vin_aur_00017,2026-08-25,4813.08,USD,completed,accounting
tenant_aura,pay_aur_00018,vin_aur_00018,2026-08-30,3017.92,USD,completed,accounting
tenant_aura,pay_aur_00019,vin_aur_00019,2026-08-26,961.35,USD,completed,accounting
tenant_aura,pay_aur_00021,vin_aur_00021,2026-09-07,1518.57,USD,completed,accounting
tenant_aura,pay_aur_00022,vin_aur_00022,2026-09-02,3221.16,USD,completed,accounting
tenant_aura,pay_aur_00023,vin_aur_00023,2026-08-16,4220.69,USD,completed,accounting
tenant_aura,pay_aur_00024,vin_aur_00024,2026-08-28,2589.95,USD,completed,accounting
