tenant_id,purchase_order_id,supplier_id,warehouse_id,created_at,expected_at,purchase_order_status,currency_code,subtotal_amount,tax_amount,freight_amount,total_amount,approval_required,sensitivity
tenant_aura,po_aur_00001,sup_aur_home,wh_aur_east,2026-08-18T11:59:59Z,2026-09-10T11:59:59Z,received,USD,2323.10,0.00,95.40,2418.50,True,executive
tenant_aura,po_aur_00002,sup_aur_wellness,wh_aur_central,2026-08-21T11:59:59Z,2026-09-16T11:59:59Z,sent,USD,5090.14,0.00,129.06,5219.20,True,executive
tenant_aura,po_aur_00003,sup_aur_home,wh_aur_west,2026-08-16T11:59:59Z,2026-09-07T11:59:59Z,sent,USD,1899.81,0.00,102.78,2002.59,True,executive
tenant_aura,po_aur_00004,sup_aur_home,wh_aur_east,2026-08-19T11:59:59Z,2026-09-08T11:59:59Z,received,USD,1357.28,0.00,96.48,1453.76,True,executive
tenant_aura,po_aur_00005,sup_aur_skincare,wh_aur_central,2026-08-23T11:59:59Z,2026-09-24T11:59:59Z,sent,USD,2949.89,0.00,100.80,3050.69,True,executive
tenant_aura,po_aur_00006,sup_aur_skincare,wh_aur_west,2026-08-21T11:59:59Z,2026-09-22T11:59:59Z,sent,USD,3380.95,0.00,128.88,3509.83,True,executive
tenant_aura,po_aur_00007,sup_aur_wellness,wh_aur_east,2026-08-26T11:59:59Z,2026-09-21T11:59:59Z,sent,USD,3981.28,0.00,124.02,4105.30,True,executive
tenant_aura,po_aur_00008,sup_aur_wellness,wh_aur_central,2026-08-22T11:59:59Z,2026-09-19T11:59:59Z,received,USD,2604.86,0.00,97.02,2701.88,True,executive
tenant_aura,po_aur_00009,sup_aur_skincare,wh_aur_west,2026-08-09T11:59:59Z,2026-09-10T11:59:59Z,sent,USD,2612.52,0.00,103.86,2716.38,True,executive
tenant_aura,po_aur_00010,sup_aur_skincare,wh_aur_east,2026-08-12T11:59:59Z,2026-09-13T11:59:59Z,received,USD,3994.20,0.00,114.48,4108.68,True,executive
tenant_aura,po_aur_00011,sup_aur_skincare,wh_aur_central,2026-08-23T11:59:59Z,2026-09-22T11:59:59Z,sent,USD,4090.35,0.00,140.94,4231.29,True,executive
tenant_aura,po_aur_00012,sup_aur_home,wh_aur_west,2026-08-27T11:59:59Z,2026-09-16T11:59:59Z,received,USD,2709.28,0.00,109.80,2819.08,True,executive
tenant_aura,po_aur_00013,sup_aur_home,wh_aur_east,2026-08-23T11:59:59Z,2026-09-14T11:59:59Z,received,USD,4704.29,0.00,141.30,4845.59,True,executive
tenant_aura,po_aur_00014,sup_aur_skincare,wh_aur_central,2026-08-09T11:59:59Z,2026-09-11T11:59:59Z,received,USD,4533.00,0.00,121.14,4654.14,True,executive
tenant_aura,po_aur_00015,sup_aur_home,wh_aur_west,2026-08-25T11:59:59Z,2026-09-17T11:59:59Z,received,USD,5984.07,0.00,155.34,6139.41,True,executive
tenant_aura,po_aur_00016,sup_aur_wellness,wh_aur_east,2026-08-16T11:59:59Z,2026-09-11T11:59:59Z,received,USD,8489.77,0.00,157.50,8647.27,True,executive
tenant_aura,po_aur_00017,sup_aur_skincare,wh_aur_central,2026-08-09T11:59:59Z,2026-09-08T11:59:59Z,sent,USD,4665.84,0.00,147.24,4813.08,True,executive
tenant_aura,po_aur_00018,sup_aur_skincare,wh_aur_west,2026-08-14T11:59:59Z,2026-09-16T11:59:59Z,received,USD,5903.53,0.00,132.30,6035.83,True,executive
tenant_aura,po_aur_00019,sup_aur_skincare,wh_aur_east,2026-08-10T11:59:59Z,2026-09-12T11:59:59Z,sent,USD,875.49,0.00,85.86,961.35,True,executive
tenant_aura,po_aur_00020,sup_aur_wellness,wh_aur_central,2026-08-18T11:59:59Z,2026-09-16T11:59:59Z,received,USD,3191.24,0.00,109.44,3300.68,True,executive
tenant_aura,po_aur_00021,sup_aur_skincare,wh_aur_west,2026-08-22T11:59:59Z,2026-09-23T11:59:59Z,sent,USD,2913.83,0.00,123.30,3037.13,True,executive
tenant_aura,po_aur_00022,sup_aur_skincare,wh_aur_east,2026-08-17T11:59:59Z,2026-09-16T11:59:59Z,received,USD,3104.52,0.00,116.64,3221.16,True,executive
tenant_aura,po_aur_00023,sup_aur_accessories,wh_aur_central,2026-07-31T11:59:59Z,2026-09-08T11:59:59Z,received,USD,4101.89,0.00,118.80,4220.69,True,executive
tenant_aura,po_aur_00024,sup_aur_wellness,wh_aur_west,2026-08-12T11:59:59Z,2026-09-07T11:59:59Z,received,USD,5039.67,0.00,140.22,5179.89,True,executive
tenant_aura,po_aur_approval_00001,sup_aur_skincare,wh_aur_west,2026-09-21T22:59:59Z,2026-10-19T23:59:59Z,pending_approval,USD,3411.00,0.00,125.00,3536.00,True,executive
