tenant_id,purchase_order_line_id,purchase_order_id,product_id,quantity,unit_cost,line_amount,sensitivity
tenant_aura,pol_aur_00001_01,po_aur_00001,prd_aur_020,130,17.87,2323.10,executive
tenant_aura,pol_aur_00002_01,po_aur_00002,prd_aur_025,158,14.23,2248.34,executive
tenant_aura,pol_aur_00002_02,po_aur_00002,prd_aur_027,61,16.48,1005.28,executive
tenant_aura,pol_aur_00002_03,po_aur_00002,prd_aur_029,98,18.74,1836.52,executive
tenant_aura,pol_aur_00003_01,po_aur_00003,prd_aur_014,171,11.11,1899.81,executive
tenant_aura,pol_aur_00004_01,po_aur_00004,prd_aur_013,136,9.98,1357.28,executive
tenant_aura,pol_aur_00005_01,po_aur_00005,prd_aur_040,63,21.85,1376.55,executive
tenant_aura,pol_aur_00005_02,po_aur_00005,prd_aur_035,97,16.22,1573.34,executive
tenant_aura,pol_aur_00006_01,po_aur_00006,prd_aur_010,60,15.88,952.80,executive
tenant_aura,pol_aur_00006_02,po_aur_00006,prd_aur_002,107,6.86,734.02,executive
tenant_aura,pol_aur_00006_03,po_aur_00006,prd_aur_006,149,11.37,1694.13,executive
tenant_aura,pol_aur_00007_01,po_aur_00007,prd_aur_024,66,13.10,864.60,executive
tenant_aura,pol_aur_00007_02,po_aur_00007,prd_aur_022,99,10.84,1073.16,executive
tenant_aura,pol_aur_00007_03,po_aur_00007,prd_aur_027,124,16.48,2043.52,executive
tenant_aura,pol_aur_00008_01,po_aur_00008,prd_aur_029,139,18.74,2604.86,executive
tenant_aura,pol_aur_00009_01,po_aur_00009,prd_aur_009,177,14.76,2612.52,executive
tenant_aura,pol_aur_00010_01,po_aur_00010,prd_aur_038,96,19.60,1881.60,executive
tenant_aura,pol_aur_00010_02,po_aur_00010,prd_aur_034,140,15.09,2112.60,executive
tenant_aura,pol_aur_00011_01,po_aur_00011,prd_aur_007,151,12.50,1887.50,executive
tenant_aura,pol_aur_00011_02,po_aur_00011,prd_aur_004,155,9.12,1413.60,executive
tenant_aura,pol_aur_00011_03,po_aur_00011,prd_aur_005,77,10.25,789.25,executive
tenant_aura,pol_aur_00012_01,po_aur_00012,prd_aur_016,124,13.36,1656.64,executive
tenant_aura,pol_aur_00012_02,po_aur_00012,prd_aur_015,86,12.24,1052.64,executive
tenant_aura,pol_aur_00013_01,po_aur_00013,prd_aur_015,113,12.24,1383.12,executive
tenant_aura,pol_aur_00013_02,po_aur_00013,prd_aur_014,139,11.11,1544.29,executive
tenant_aura,pol_aur_00013_03,po_aur_00013,prd_aur_016,133,13.36,1776.88,executive
tenant_aura,pol_aur_00014_01,po_aur_00014,prd_aur_033,145,13.96,2024.20,executive
tenant_aura,pol_aur_00014_02,po_aur_00014,prd_aur_038,128,19.60,2508.80,executive
tenant_aura,pol_aur_00015_01,po_aur_00015,prd_aur_016,165,13.36,2204.40,executive
tenant_aura,pol_aur_00015_02,po_aur_00015,prd_aur_013,179,9.98,1786.42,executive
tenant_aura,pol_aur_00015_03,po_aur_00015,prd_aur_019,119,16.75,1993.25,executive
tenant_aura,pol_aur_00016_01,po_aur_00016,prd_aur_025,135,14.23,1921.05,executive
tenant_aura,pol_aur_00016_02,po_aur_00016,prd_aur_030,176,19.86,3495.36,executive
tenant_aura,pol_aur_00016_03,po_aur_00016,prd_aur_029,164,18.74,3073.36,executive
tenant_aura,pol_aur_00017_01,po_aur_00017,prd_aur_009,173,14.76,2553.48,executive
tenant_aura,pol_aur_00017_02,po_aur_00017,prd_aur_004,137,9.12,1249.44,executive
tenant_aura,pol_aur_00017_03,po_aur_00017,prd_aur_003,108,7.99,862.92,executive
tenant_aura,pol_aur_00018_01,po_aur_00018,prd_aur_034,82,15.09,1237.38,executive
tenant_aura,pol_aur_00018_02,po_aur_00018,prd_aur_040,168,21.85,3670.80,executive
tenant_aura,pol_aur_00018_03,po_aur_00018,prd_aur_031,85,11.71,995.35,executive
tenant_aura,pol_aur_00019_01,po_aur_00019,prd_aur_006,77,11.37,875.49,executive
tenant_aura,pol_aur_00020_01,po_aur_00020,prd_aur_024,139,13.10,1820.90,executive
tenant_aura,pol_aur_00020_02,po_aur_00020,prd_aur_030,69,19.86,1370.34,executive
tenant_aura,pol_aur_00021_01,po_aur_00021,prd_aur_006,64,11.37,727.68,executive
tenant_aura,pol_aur_00021_02,po_aur_00021,prd_aur_005,151,10.25,1547.75,executive
tenant_aura,pol_aur_00021_03,po_aur_00021,prd_aur_004,70,9.12,638.40,executive
tenant_aura,pol_aur_00022_01,po_aur_00022,prd_aur_006,122,11.37,1387.14,executive
tenant_aura,pol_aur_00022_02,po_aur_00022,prd_aur_008,126,13.63,1717.38,executive
tenant_aura,pol_aur_00023_01,po_aur_00023,prd_aur_045,65,18.21,1183.65,executive
tenant_aura,pol_aur_00023_02,po_aur_00023,prd_aur_044,73,17.08,1246.84,executive
tenant_aura,pol_aur_00023_03,po_aur_00023,prd_aur_041,122,13.70,1671.40,executive
tenant_aura,pol_aur_00024_01,po_aur_00024,prd_aur_024,114,13.10,1493.40,executive
tenant_aura,pol_aur_00024_02,po_aur_00024,prd_aur_021,142,9.72,1380.24,executive
tenant_aura,pol_aur_00024_03,po_aur_00024,prd_aur_028,123,17.61,2166.03,executive
tenant_aura,pol_aur_approval_00001_01,po_aur_approval_00001,prd_aur_006,300,11.37,3411.00,executive
