tenant_id,shipment_item_id,shipment_id,product_id,expected_quantity,received_quantity,sensitivity
tenant_aura,sit_aur_0000001,shp_aur_000001,prd_aur_020,3,3,operations
tenant_aura,sit_aur_0000002,shp_aur_000001,prd_aur_046,2,2,operations
tenant_aura,sit_aur_0000003,shp_aur_000002,prd_aur_031,1,1,operations
tenant_aura,sit_aur_0000004,shp_aur_000002,prd_aur_010,2,2,operations
tenant_aura,sit_aur_0000005,shp_aur_000002,prd_aur_047,3,3,operations
tenant_aura,sit_aur_0000006,shp_aur_000003,prd_aur_033,1,1,operations
tenant_aura,sit_aur_0000007,shp_aur_000003,prd_aur_050,1,1,operations
tenant_aura,sit_aur_0000008,shp_aur_000004,prd_aur_033,3,0,operations
tenant_aura,sit_aur_0000009,shp_aur_000004,prd_aur_022,1,0,operations
tenant_aura,sit_aur_0000010,shp_aur_000004,prd_aur_038,4,0,operations
tenant_aura,sit_aur_0000011,shp_aur_000005,prd_aur_038,1,1,operations
tenant_aura,sit_aur_0000012,shp_aur_000005,prd_aur_026,1,1,operations
tenant_aura,sit_aur_0000013,shp_aur_000006,prd_aur_024,2,2,operations
tenant_aura,sit_aur_0000014,shp_aur_000007,prd_aur_030,4,4,operations
tenant_aura,sit_aur_0000015,shp_aur_000008,prd_aur_016,1,1,operations
tenant_aura,sit_aur_0000016,shp_aur_000008,prd_aur_050,4,4,operations
tenant_aura,sit_aur_0000017,shp_aur_000008,prd_aur_001,1,1,operations
tenant_aura,sit_aur_0000018,shp_aur_000009,prd_aur_031,1,1,operations
tenant_aura,sit_aur_0000019,shp_aur_000010,prd_aur_016,2,2,operations
tenant_aura,sit_aur_0000020,shp_aur_000011,prd_aur_014,1,1,operations
tenant_aura,sit_aur_0000021,shp_aur_000011,prd_aur_027,4,4,operations
tenant_aura,sit_aur_0000022,shp_aur_000012,prd_aur_034,3,3,operations
tenant_aura,sit_aur_0000023,shp_aur_000012,prd_aur_036,1,1,operations
tenant_aura,sit_aur_0000024,shp_aur_000012,prd_aur_049,1,1,operations
tenant_aura,sit_aur_0000025,shp_aur_000013,prd_aur_025,2,0,operations
tenant_aura,sit_aur_0000026,shp_aur_000013,prd_aur_029,1,0,operations
tenant_aura,sit_aur_0000027,shp_aur_000014,prd_aur_009,1,1,operations
tenant_aura,sit_aur_0000028,shp_aur_000014,prd_aur_005,4,4,operations
tenant_aura,sit_aur_0000029,shp_aur_000014,prd_aur_008,1,1,operations
tenant_aura,sit_aur_0000030,shp_aur_000015,prd_aur_028,2,2,operations
tenant_aura,sit_aur_0000031,shp_aur_000015,prd_aur_006,1,1,operations
tenant_aura,sit_aur_0000032,shp_aur_000015,prd_aur_032,1,1,operations
tenant_aura,sit_aur_0000033,shp_aur_000015,prd_aur_041,3,3,operations
tenant_aura,sit_aur_0000034,shp_aur_000016,prd_aur_035,1,1,operations
tenant_aura,sit_aur_0000035,shp_aur_000016,prd_aur_002,1,1,operations
tenant_aura,sit_aur_0000036,shp_aur_000017,prd_aur_007,2,0,operations
tenant_aura,sit_aur_0000037,shp_aur_000017,prd_aur_050,2,0,operations
tenant_aura,sit_aur_0000038,shp_aur_000017,prd_aur_036,2,0,operations
tenant_aura,sit_aur_0000039,shp_aur_000018,prd_aur_018,2,2,operations
tenant_aura,sit_aur_0000040,shp_aur_000019,prd_aur_005,3,3,operations
tenant_aura,sit_aur_0000041,shp_aur_000019,prd_aur_009,1,1,operations
tenant_aura,sit_aur_0000042,shp_aur_000019,prd_aur_039,2,2,operations
tenant_aura,sit_aur_0000043,shp_aur_000020,prd_aur_030,2,0,operations
tenant_aura,sit_aur_0000044,shp_aur_000020,prd_aur_018,3,0,operations
tenant_aura,sit_aur_0000045,shp_aur_000020,prd_aur_037,1,0,operations
tenant_aura,sit_aur_0000046,shp_aur_000021,prd_aur_048,3,0,operations
tenant_aura,sit_aur_0000047,shp_aur_000021,prd_aur_015,4,0,operations
tenant_aura,sit_aur_0000048,shp_aur_000021,prd_aur_029,2,0,operations
tenant_aura,sit_aur_0000049,shp_aur_000021,prd_aur_038,2,0,operations
tenant_aura,sit_aur_0000050,shp_aur_000022,prd_aur_005,1,1,operations
tenant_aura,sit_aur_0000051,shp_aur_000022,prd_aur_036,1,1,operations
tenant_aura,sit_aur_0000052,shp_aur_000022,prd_aur_008,1,1,operations
tenant_aura,sit_aur_0000053,shp_aur_000023,prd_aur_034,2,2,operations
tenant_aura,sit_aur_0000054,shp_aur_000024,prd_aur_017,1,1,operations
tenant_aura,sit_aur_0000055,shp_aur_000024,prd_aur_049,3,3,operations
tenant_aura,sit_aur_0000056,shp_aur_000025,prd_aur_006,3,0,operations
tenant_aura,sit_aur_0000057,shp_aur_000025,prd_aur_014,2,0,operations
tenant_aura,sit_aur_0000058,shp_aur_000025,prd_aur_013,2,0,operations
tenant_aura,sit_aur_0000059,shp_aur_000026,prd_aur_037,1,1,operations
tenant_aura,sit_aur_0000060,shp_aur_000026,prd_aur_041,2,2,operations
tenant_aura,sit_aur_0000061,shp_aur_000026,prd_aur_028,1,1,operations
tenant_aura,sit_aur_0000062,shp_aur_000027,prd_aur_035,1,0,operations
tenant_aura,sit_aur_0000063,shp_aur_000027,prd_aur_046,1,0,operations
tenant_aura,sit_aur_0000064,shp_aur_000028,prd_aur_033,1,1,operations
tenant_aura,sit_aur_0000065,shp_aur_000028,prd_aur_046,2,2,operations
tenant_aura,sit_aur_0000066,shp_aur_000029,prd_aur_044,1,1,operations
tenant_aura,sit_aur_0000067,shp_aur_000029,prd_aur_027,1,1,operations
tenant_aura,sit_aur_0000068,shp_aur_000030,prd_aur_005,4,0,operations
tenant_aura,sit_aur_0000069,shp_aur_000030,prd_aur_028,3,0,operations
tenant_aura,sit_aur_0000070,shp_aur_000031,prd_aur_033,1,1,operations
tenant_aura,sit_aur_0000071,shp_aur_000031,prd_aur_031,1,1,operations
tenant_aura,sit_aur_0000072,shp_aur_000031,prd_aur_039,1,1,operations
tenant_aura,sit_aur_0000073,shp_aur_000032,prd_aur_009,1,1,operations
tenant_aura,sit_aur_0000074,shp_aur_000032,prd_aur_044,1,1,operations
tenant_aura,sit_aur_0000075,shp_aur_000032,prd_aur_042,3,3,operations
tenant_aura,sit_aur_0000076,shp_aur_000032,prd_aur_050,1,1,operations
tenant_aura,sit_aur_0000077,shp_aur_000033,prd_aur_025,1,1,operations
tenant_aura,sit_aur_0000078,shp_aur_000033,prd_aur_012,1,1,operations
tenant_aura,sit_aur_0000079,shp_aur_000034,prd_aur_006,1,1,operations
tenant_aura,sit_aur_0000080,shp_aur_000034,prd_aur_019,3,3,operations
tenant_aura,sit_aur_0000081,shp_aur_000035,prd_aur_035,3,3,operations
tenant_aura,sit_aur_0000082,shp_aur_000035,prd_aur_015,4,4,operations
tenant_aura,sit_aur_0000083,shp_aur_000036,prd_aur_022,2,2,operations
tenant_aura,sit_aur_0000084,shp_aur_000036,prd_aur_041,4,4,operations
tenant_aura,sit_aur_0000085,shp_aur_000036,prd_aur_033,2,2,operations
tenant_aura,sit_aur_0000086,shp_aur_000037,prd_aur_027,2,2,operations
tenant_aura,sit_aur_0000087,shp_aur_000037,prd_aur_023,1,1,operations
tenant_aura,sit_aur_0000088,shp_aur_000037,prd_aur_037,3,3,operations
tenant_aura,sit_aur_0000089,shp_aur_000038,prd_aur_050,1,1,operations
tenant_aura,sit_aur_0000090,shp_aur_000038,prd_aur_042,1,1,operations
tenant_aura,sit_aur_0000091,shp_aur_000039,prd_aur_001,2,0,operations
tenant_aura,sit_aur_0000092,shp_aur_000039,prd_aur_016,2,0,operations
tenant_aura,sit_aur_0000093,shp_aur_000039,prd_aur_033,1,0,operations
tenant_aura,sit_aur_0000094,shp_aur_000040,prd_aur_050,1,1,operations
tenant_aura,sit_aur_0000095,shp_aur_000040,prd_aur_036,1,1,operations
tenant_aura,sit_aur_0000096,shp_aur_000041,prd_aur_001,4,4,operations
tenant_aura,sit_aur_0000097,shp_aur_000041,prd_aur_032,1,1,operations
tenant_aura,sit_aur_0000098,shp_aur_000041,prd_aur_041,1,1,operations
tenant_aura,sit_aur_0000099,shp_aur_000042,prd_aur_033,1,1,operations
tenant_aura,sit_aur_0000100,shp_aur_000042,prd_aur_022,2,2,operations
tenant_aura,sit_aur_0000101,shp_aur_000043,prd_aur_030,1,1,operations
tenant_aura,sit_aur_0000102,shp_aur_000043,prd_aur_003,3,3,operations
tenant_aura,sit_aur_0000103,shp_aur_000044,prd_aur_015,3,3,operations
tenant_aura,sit_aur_0000104,shp_aur_000044,prd_aur_026,1,1,operations
tenant_aura,sit_aur_0000105,shp_aur_000045,prd_aur_030,4,4,operations
tenant_aura,sit_aur_0000106,shp_aur_000045,prd_aur_046,1,1,operations
tenant_aura,sit_aur_0000107,shp_aur_000045,prd_aur_012,1,1,operations
tenant_aura,sit_aur_0000108,shp_aur_000046,prd_aur_001,2,2,operations
tenant_aura,sit_aur_0000109,shp_aur_000047,prd_aur_016,1,1,operations
tenant_aura,sit_aur_0000110,shp_aur_000047,prd_aur_005,1,1,operations
tenant_aura,sit_aur_0000111,shp_aur_000047,prd_aur_049,1,1,operations
tenant_aura,sit_aur_0000112,shp_aur_000048,prd_aur_015,2,2,operations
tenant_aura,sit_aur_0000113,shp_aur_000048,prd_aur_050,3,3,operations
tenant_aura,sit_aur_0000114,shp_aur_000049,prd_aur_032,2,2,operations
tenant_aura,sit_aur_0000115,shp_aur_000049,prd_aur_018,1,1,operations
tenant_aura,sit_aur_0000116,shp_aur_000049,prd_aur_026,1,1,operations
tenant_aura,sit_aur_0000117,shp_aur_000050,prd_aur_036,3,3,operations
tenant_aura,sit_aur_0000118,shp_aur_000050,prd_aur_017,1,1,operations
tenant_aura,sit_aur_0000119,shp_aur_000050,prd_aur_042,2,2,operations
tenant_aura,sit_aur_0000120,shp_aur_000051,prd_aur_003,3,3,operations
tenant_aura,sit_aur_0000121,shp_aur_000051,prd_aur_002,1,1,operations
tenant_aura,sit_aur_0000122,shp_aur_000052,prd_aur_032,3,3,operations
tenant_aura,sit_aur_0000123,shp_aur_000052,prd_aur_034,1,1,operations
tenant_aura,sit_aur_0000124,shp_aur_000052,prd_aur_027,3,3,operations
tenant_aura,sit_aur_0000125,shp_aur_000053,prd_aur_026,3,3,operations
tenant_aura,sit_aur_0000126,shp_aur_000053,prd_aur_035,2,2,operations
tenant_aura,sit_aur_0000127,shp_aur_000054,prd_aur_039,1,1,operations
tenant_aura,sit_aur_0000128,shp_aur_000055,prd_aur_024,2,2,operations
tenant_aura,sit_aur_0000129,shp_aur_000056,prd_aur_006,4,4,operations
tenant_aura,sit_aur_0000130,shp_aur_000056,prd_aur_034,2,2,operations
tenant_aura,sit_aur_0000131,shp_aur_000057,prd_aur_045,1,1,operations
tenant_aura,sit_aur_0000132,shp_aur_000058,prd_aur_012,1,1,operations
tenant_aura,sit_aur_0000133,shp_aur_000059,prd_aur_029,4,4,operations
tenant_aura,sit_aur_0000134,shp_aur_000060,prd_aur_034,1,1,operations
tenant_aura,sit_aur_0000135,shp_aur_000061,prd_aur_030,2,2,operations
tenant_aura,sit_aur_0000136,shp_aur_000062,prd_aur_038,1,1,operations
tenant_aura,sit_aur_0000137,shp_aur_000062,prd_aur_047,1,1,operations
tenant_aura,sit_aur_0000138,shp_aur_000063,prd_aur_011,1,1,operations
tenant_aura,sit_aur_0000139,shp_aur_000063,prd_aur_022,2,2,operations
tenant_aura,sit_aur_0000140,shp_aur_000063,prd_aur_018,1,1,operations
tenant_aura,sit_aur_0000141,shp_aur_000063,prd_aur_030,1,1,operations
tenant_aura,sit_aur_0000142,shp_aur_000064,prd_aur_014,1,0,operations
tenant_aura,sit_aur_0000143,shp_aur_000064,prd_aur_032,1,0,operations
tenant_aura,sit_aur_0000144,shp_aur_000064,prd_aur_011,3,0,operations
tenant_aura,sit_aur_0000145,shp_aur_000065,prd_aur_030,1,1,operations
tenant_aura,sit_aur_0000146,shp_aur_000065,prd_aur_040,1,1,operations
tenant_aura,sit_aur_0000147,shp_aur_000066,prd_aur_013,2,2,operations
tenant_aura,sit_aur_0000148,shp_aur_000066,prd_aur_005,2,2,operations
tenant_aura,sit_aur_0000149,shp_aur_000067,prd_aur_027,1,1,operations
tenant_aura,sit_aur_0000150,shp_aur_000067,prd_aur_011,1,1,operations
tenant_aura,sit_aur_0000151,shp_aur_000068,prd_aur_033,1,1,operations
tenant_aura,sit_aur_0000152,shp_aur_000068,prd_aur_024,2,2,operations
tenant_aura,sit_aur_0000153,shp_aur_000068,prd_aur_043,1,1,operations
tenant_aura,sit_aur_0000154,shp_aur_000069,prd_aur_040,1,1,operations
tenant_aura,sit_aur_0000155,shp_aur_000069,prd_aur_023,1,1,operations
tenant_aura,sit_aur_0000156,shp_aur_000069,prd_aur_045,1,1,operations
tenant_aura,sit_aur_0000157,shp_aur_000069,prd_aur_043,2,2,operations
tenant_aura,sit_aur_0000158,shp_aur_000070,prd_aur_004,1,1,operations
tenant_aura,sit_aur_0000159,shp_aur_000070,prd_aur_013,1,1,operations
tenant_aura,sit_aur_0000160,shp_aur_000070,prd_aur_015,1,1,operations
tenant_aura,sit_aur_0000161,shp_aur_000071,prd_aur_039,1,1,operations
tenant_aura,sit_aur_0000162,shp_aur_000071,prd_aur_048,1,1,operations
tenant_aura,sit_aur_0000163,shp_aur_000072,prd_aur_029,1,0,operations
tenant_aura,sit_aur_0000164,shp_aur_000072,prd_aur_015,2,0,operations
tenant_aura,sit_aur_0000165,shp_aur_000072,prd_aur_007,2,0,operations
tenant_aura,sit_aur_0000166,shp_aur_000072,prd_aur_050,1,0,operations
tenant_aura,sit_aur_0000167,shp_aur_000073,prd_aur_009,4,4,operations
tenant_aura,sit_aur_0000168,shp_aur_000073,prd_aur_033,1,1,operations
tenant_aura,sit_aur_0000169,shp_aur_000074,prd_aur_041,1,0,operations
tenant_aura,sit_aur_0000170,shp_aur_000074,prd_aur_012,2,0,operations
tenant_aura,sit_aur_0000171,shp_aur_000074,prd_aur_027,1,0,operations
tenant_aura,sit_aur_0000172,shp_aur_000075,prd_aur_023,1,0,operations
tenant_aura,sit_aur_0000173,shp_aur_000076,prd_aur_014,2,2,operations
tenant_aura,sit_aur_0000174,shp_aur_000076,prd_aur_032,1,1,operations
tenant_aura,sit_aur_0000175,shp_aur_000077,prd_aur_006,1,1,operations
tenant_aura,sit_aur_0000176,shp_aur_000077,prd_aur_003,1,1,operations
tenant_aura,sit_aur_0000177,shp_aur_000078,prd_aur_017,2,2,operations
tenant_aura,sit_aur_0000178,shp_aur_000078,prd_aur_018,2,2,operations
tenant_aura,sit_aur_0000179,shp_aur_000079,prd_aur_046,2,2,operations
tenant_aura,sit_aur_0000180,shp_aur_000079,prd_aur_005,1,1,operations
tenant_aura,sit_aur_0000181,shp_aur_000080,prd_aur_003,1,1,operations
tenant_aura,sit_aur_0000182,shp_aur_000080,prd_aur_019,1,1,operations
tenant_aura,sit_aur_0000183,shp_aur_000080,prd_aur_020,2,2,operations
tenant_aura,sit_aur_0000184,shp_aur_000081,prd_aur_050,2,2,operations
tenant_aura,sit_aur_0000185,shp_aur_000081,prd_aur_011,3,3,operations
tenant_aura,sit_aur_0000186,shp_aur_000082,prd_aur_023,2,2,operations
tenant_aura,sit_aur_0000187,shp_aur_000082,prd_aur_035,1,1,operations
tenant_aura,sit_aur_0000188,shp_aur_000083,prd_aur_030,2,2,operations
tenant_aura,sit_aur_0000189,shp_aur_000083,prd_aur_032,1,1,operations
tenant_aura,sit_aur_0000190,shp_aur_000084,prd_aur_023,1,1,operations
tenant_aura,sit_aur_0000191,shp_aur_000085,prd_aur_029,1,1,operations
tenant_aura,sit_aur_0000192,shp_aur_000086,prd_aur_003,1,1,operations
tenant_aura,sit_aur_0000193,shp_aur_000086,prd_aur_038,1,1,operations
tenant_aura,sit_aur_0000194,shp_aur_000086,prd_aur_037,1,1,operations
tenant_aura,sit_aur_0000195,shp_aur_000087,prd_aur_035,2,2,operations
tenant_aura,sit_aur_0000196,shp_aur_000087,prd_aur_031,1,1,operations
tenant_aura,sit_aur_0000197,shp_aur_000087,prd_aur_044,1,1,operations
tenant_aura,sit_aur_0000198,shp_aur_000088,prd_aur_008,3,3,operations
tenant_aura,sit_aur_0000199,shp_aur_000089,prd_aur_028,1,1,operations
tenant_aura,sit_aur_0000200,shp_aur_000090,prd_aur_028,1,0,operations
tenant_aura,sit_aur_0000201,shp_aur_000090,prd_aur_022,1,0,operations
tenant_aura,sit_aur_0000202,shp_aur_000090,prd_aur_013,1,0,operations
tenant_aura,sit_aur_0000203,shp_aur_000091,prd_aur_010,1,1,operations
tenant_aura,sit_aur_0000204,shp_aur_000091,prd_aur_039,1,1,operations
tenant_aura,sit_aur_0000205,shp_aur_000091,prd_aur_014,1,1,operations
tenant_aura,sit_aur_0000206,shp_aur_000092,prd_aur_023,1,1,operations
tenant_aura,sit_aur_0000207,shp_aur_000092,prd_aur_011,1,1,operations
tenant_aura,sit_aur_0000208,shp_aur_000093,prd_aur_037,1,1,operations
tenant_aura,sit_aur_0000209,shp_aur_000093,prd_aur_027,1,1,operations
tenant_aura,sit_aur_0000210,shp_aur_000093,prd_aur_033,3,3,operations
tenant_aura,sit_aur_0000211,shp_aur_000094,prd_aur_021,2,2,operations
tenant_aura,sit_aur_0000212,shp_aur_000095,prd_aur_039,1,1,operations
tenant_aura,sit_aur_0000213,shp_aur_000096,prd_aur_043,1,1,operations
tenant_aura,sit_aur_0000214,shp_aur_000097,prd_aur_017,4,4,operations
tenant_aura,sit_aur_0000215,shp_aur_000097,prd_aur_003,4,4,operations
tenant_aura,sit_aur_0000216,shp_aur_000098,prd_aur_050,3,3,operations
tenant_aura,sit_aur_0000217,shp_aur_000098,prd_aur_031,1,1,operations
tenant_aura,sit_aur_0000218,shp_aur_000098,prd_aur_049,1,1,operations
tenant_aura,sit_aur_0000219,shp_aur_000099,prd_aur_008,3,0,operations
tenant_aura,sit_aur_0000220,shp_aur_000099,prd_aur_034,4,0,operations
tenant_aura,sit_aur_0000221,shp_aur_000100,prd_aur_042,1,0,operations
tenant_aura,sit_aur_0000222,shp_aur_000101,prd_aur_043,1,1,operations
tenant_aura,sit_aur_0000223,shp_aur_000101,prd_aur_034,1,1,operations
tenant_aura,sit_aur_0000224,shp_aur_000102,prd_aur_013,3,3,operations
tenant_aura,sit_aur_0000225,shp_aur_000102,prd_aur_044,1,1,operations
tenant_aura,sit_aur_0000226,shp_aur_000103,prd_aur_023,4,4,operations
tenant_aura,sit_aur_0000227,shp_aur_000104,prd_aur_019,4,4,operations
tenant_aura,sit_aur_0000228,shp_aur_000104,prd_aur_001,2,2,operations
tenant_aura,sit_aur_0000229,shp_aur_000104,prd_aur_039,1,1,operations
tenant_aura,sit_aur_0000230,shp_aur_000105,prd_aur_015,1,1,operations
tenant_aura,sit_aur_0000231,shp_aur_000105,prd_aur_006,1,1,operations
tenant_aura,sit_aur_0000232,shp_aur_000105,prd_aur_047,1,1,operations
tenant_aura,sit_aur_0000233,shp_aur_000106,prd_aur_039,1,1,operations
tenant_aura,sit_aur_0000234,shp_aur_000106,prd_aur_027,2,2,operations
tenant_aura,sit_aur_0000235,shp_aur_000107,prd_aur_024,1,1,operations
tenant_aura,sit_aur_0000236,shp_aur_000108,prd_aur_029,2,2,operations
tenant_aura,sit_aur_0000237,shp_aur_000109,prd_aur_038,1,1,operations
tenant_aura,sit_aur_0000238,shp_aur_000109,prd_aur_045,1,1,operations
tenant_aura,sit_aur_0000239,shp_aur_000110,prd_aur_011,1,1,operations
tenant_aura,sit_aur_0000240,shp_aur_000110,prd_aur_035,1,1,operations
tenant_aura,sit_aur_0000241,shp_aur_000111,prd_aur_046,2,2,operations
tenant_aura,sit_aur_0000242,shp_aur_000111,prd_aur_017,1,1,operations
tenant_aura,sit_aur_0000243,shp_aur_000112,prd_aur_050,1,1,operations
tenant_aura,sit_aur_0000244,shp_aur_000112,prd_aur_012,2,2,operations
tenant_aura,sit_aur_0000245,shp_aur_000112,prd_aur_024,1,1,operations
tenant_aura,sit_aur_0000246,shp_aur_000113,prd_aur_037,1,1,operations
tenant_aura,sit_aur_0000247,shp_aur_000113,prd_aur_007,2,2,operations
tenant_aura,sit_aur_0000248,shp_aur_000113,prd_aur_038,2,2,operations
tenant_aura,sit_aur_0000249,shp_aur_000114,prd_aur_050,3,3,operations
tenant_aura,sit_aur_0000250,shp_aur_000114,prd_aur_008,1,1,operations
tenant_aura,sit_aur_0000251,shp_aur_000114,prd_aur_021,2,2,operations
tenant_aura,sit_aur_0000252,shp_aur_000115,prd_aur_001,1,1,operations
tenant_aura,sit_aur_0000253,shp_aur_000116,prd_aur_029,2,2,operations
tenant_aura,sit_aur_0000254,shp_aur_000116,prd_aur_045,3,3,operations
tenant_aura,sit_aur_0000255,shp_aur_000116,prd_aur_023,1,1,operations
tenant_aura,sit_aur_0000256,shp_aur_000116,prd_aur_017,1,1,operations
tenant_aura,sit_aur_0000257,shp_aur_000117,prd_aur_029,1,1,operations
tenant_aura,sit_aur_0000258,shp_aur_000118,prd_aur_049,2,2,operations
tenant_aura,sit_aur_0000259,shp_aur_000118,prd_aur_041,2,2,operations
tenant_aura,sit_aur_0000260,shp_aur_000119,prd_aur_002,1,0,operations
tenant_aura,sit_aur_0000261,shp_aur_000120,prd_aur_023,2,2,operations
tenant_aura,sit_aur_0000262,shp_aur_000120,prd_aur_049,1,1,operations
tenant_aura,sit_aur_0000263,shp_aur_000120,prd_aur_015,2,2,operations
tenant_aura,sit_aur_0000264,shp_aur_000121,prd_aur_012,1,1,operations
tenant_aura,sit_aur_0000265,shp_aur_000122,prd_aur_028,1,1,operations
tenant_aura,sit_aur_0000266,shp_aur_000122,prd_aur_006,3,3,operations
tenant_aura,sit_aur_0000267,shp_aur_000122,prd_aur_029,1,1,operations
tenant_aura,sit_aur_0000268,shp_aur_000122,prd_aur_003,2,2,operations
tenant_aura,sit_aur_0000269,shp_aur_000123,prd_aur_034,3,0,operations
tenant_aura,sit_aur_0000270,shp_aur_000123,prd_aur_049,2,0,operations
tenant_aura,sit_aur_0000271,shp_aur_000124,prd_aur_018,1,1,operations
tenant_aura,sit_aur_0000272,shp_aur_000124,prd_aur_001,2,2,operations
tenant_aura,sit_aur_0000273,shp_aur_000124,prd_aur_044,3,3,operations
tenant_aura,sit_aur_0000274,shp_aur_000125,prd_aur_025,3,3,operations
tenant_aura,sit_aur_0000275,shp_aur_000126,prd_aur_019,2,2,operations
tenant_aura,sit_aur_0000276,shp_aur_000126,prd_aur_036,3,3,operations
tenant_aura,sit_aur_0000277,shp_aur_000126,prd_aur_026,1,1,operations
tenant_aura,sit_aur_0000278,shp_aur_000127,prd_aur_001,1,1,operations
tenant_aura,sit_aur_0000279,shp_aur_000127,prd_aur_045,1,1,operations
tenant_aura,sit_aur_0000280,shp_aur_000128,prd_aur_001,1,0,operations
tenant_aura,sit_aur_0000281,shp_aur_000128,prd_aur_024,2,0,operations
tenant_aura,sit_aur_0000282,shp_aur_000129,prd_aur_008,1,1,operations
tenant_aura,sit_aur_0000283,shp_aur_000130,prd_aur_047,2,2,operations
tenant_aura,sit_aur_0000284,shp_aur_000131,prd_aur_025,2,2,operations
tenant_aura,sit_aur_0000285,shp_aur_000131,prd_aur_002,2,2,operations
tenant_aura,sit_aur_0000286,shp_aur_000132,prd_aur_044,3,3,operations
tenant_aura,sit_aur_0000287,shp_aur_000132,prd_aur_038,3,3,operations
tenant_aura,sit_aur_0000288,shp_aur_000133,prd_aur_045,1,1,operations
tenant_aura,sit_aur_0000289,shp_aur_000134,prd_aur_037,2,2,operations
tenant_aura,sit_aur_0000290,shp_aur_000135,prd_aur_028,2,2,operations
tenant_aura,sit_aur_0000291,shp_aur_000135,prd_aur_026,2,2,operations
tenant_aura,sit_aur_0000292,shp_aur_000136,prd_aur_010,2,0,operations
tenant_aura,sit_aur_0000293,shp_aur_000137,prd_aur_010,2,2,operations
tenant_aura,sit_aur_0000294,shp_aur_000138,prd_aur_037,1,1,operations
tenant_aura,sit_aur_0000295,shp_aur_000139,prd_aur_031,1,1,operations
tenant_aura,sit_aur_0000296,shp_aur_000139,prd_aur_036,1,1,operations
tenant_aura,sit_aur_0000297,shp_aur_000140,prd_aur_009,1,1,operations
tenant_aura,sit_aur_0000298,shp_aur_000140,prd_aur_032,1,1,operations
tenant_aura,sit_aur_0000299,shp_aur_000141,prd_aur_002,2,2,operations
tenant_aura,sit_aur_0000300,shp_aur_000141,prd_aur_009,1,1,operations
tenant_aura,sit_aur_0000301,shp_aur_000142,prd_aur_012,1,1,operations
tenant_aura,sit_aur_0000302,shp_aur_000142,prd_aur_022,2,2,operations
tenant_aura,sit_aur_0000303,shp_aur_000143,prd_aur_019,3,3,operations
tenant_aura,sit_aur_0000304,shp_aur_000143,prd_aur_042,1,1,operations
tenant_aura,sit_aur_0000305,shp_aur_000143,prd_aur_010,1,1,operations
tenant_aura,sit_aur_0000306,shp_aur_000144,prd_aur_010,1,1,operations
tenant_aura,sit_aur_0000307,shp_aur_000145,prd_aur_033,3,0,operations
tenant_aura,sit_aur_0000308,shp_aur_000145,prd_aur_035,2,0,operations
tenant_aura,sit_aur_0000309,shp_aur_000145,prd_aur_016,1,0,operations
tenant_aura,sit_aur_0000310,shp_aur_000146,prd_aur_034,1,1,operations
tenant_aura,sit_aur_0000311,shp_aur_000146,prd_aur_041,2,2,operations
tenant_aura,sit_aur_0000312,shp_aur_000147,prd_aur_043,2,2,operations
tenant_aura,sit_aur_0000313,shp_aur_000147,prd_aur_027,1,1,operations
tenant_aura,sit_aur_0000314,shp_aur_000147,prd_aur_024,2,2,operations
tenant_aura,sit_aur_0000315,shp_aur_000148,prd_aur_023,1,1,operations
tenant_aura,sit_aur_0000316,shp_aur_000149,prd_aur_039,2,2,operations
tenant_aura,sit_aur_0000317,shp_aur_000149,prd_aur_009,2,2,operations
tenant_aura,sit_aur_0000318,shp_aur_000149,prd_aur_016,1,1,operations
tenant_aura,sit_aur_0000319,shp_aur_000150,prd_aur_024,2,0,operations
tenant_aura,sit_aur_0000320,shp_aur_000151,prd_aur_050,1,0,operations
tenant_aura,sit_aur_0000321,shp_aur_000152,prd_aur_005,1,0,operations
tenant_aura,sit_aur_0000322,shp_aur_000153,prd_aur_028,1,1,operations
tenant_aura,sit_aur_0000323,shp_aur_000153,prd_aur_045,2,2,operations
tenant_aura,sit_aur_0000324,shp_aur_000154,prd_aur_036,3,3,operations
tenant_aura,sit_aur_0000325,shp_aur_000154,prd_aur_013,2,2,operations
tenant_aura,sit_aur_0000326,shp_aur_000155,prd_aur_037,2,2,operations
tenant_aura,sit_aur_0000327,shp_aur_000155,prd_aur_012,1,1,operations
tenant_aura,sit_aur_0000328,shp_aur_000156,prd_aur_002,3,3,operations
tenant_aura,sit_aur_0000329,shp_aur_000157,prd_aur_027,1,1,operations
tenant_aura,sit_aur_0000330,shp_aur_000157,prd_aur_022,1,1,operations
tenant_aura,sit_aur_0000331,shp_aur_000157,prd_aur_037,3,3,operations
tenant_aura,sit_aur_0000332,shp_aur_000157,prd_aur_028,1,1,operations
tenant_aura,sit_aur_0000333,shp_aur_000158,prd_aur_018,1,1,operations
tenant_aura,sit_aur_0000334,shp_aur_000158,prd_aur_011,2,2,operations
tenant_aura,sit_aur_0000335,shp_aur_000158,prd_aur_023,3,3,operations
tenant_aura,sit_aur_0000336,shp_aur_000159,prd_aur_017,1,1,operations
tenant_aura,sit_aur_0000337,shp_aur_000160,prd_aur_015,3,3,operations
tenant_aura,sit_aur_0000338,shp_aur_000160,prd_aur_008,2,2,operations
tenant_aura,sit_aur_0000339,shp_aur_000161,prd_aur_015,1,1,operations
tenant_aura,sit_aur_0000340,shp_aur_000162,prd_aur_004,1,0,operations
tenant_aura,sit_aur_0000341,shp_aur_000162,prd_aur_015,1,0,operations
tenant_aura,sit_aur_0000342,shp_aur_000162,prd_aur_016,2,0,operations
tenant_aura,sit_aur_0000343,shp_aur_000163,prd_aur_015,4,0,operations
tenant_aura,sit_aur_0000344,shp_aur_000163,prd_aur_020,1,0,operations
tenant_aura,sit_aur_0000345,shp_aur_000164,prd_aur_011,2,2,operations
tenant_aura,sit_aur_0000346,shp_aur_000165,prd_aur_039,3,3,operations
tenant_aura,sit_aur_0000347,shp_aur_000165,prd_aur_022,4,4,operations
tenant_aura,sit_aur_0000348,shp_aur_000166,prd_aur_020,3,3,operations
tenant_aura,sit_aur_0000349,shp_aur_000166,prd_aur_001,2,2,operations
tenant_aura,sit_aur_0000350,shp_aur_000167,prd_aur_006,1,0,operations
tenant_aura,sit_aur_0000351,shp_aur_000167,prd_aur_010,1,0,operations
tenant_aura,sit_aur_0000352,shp_aur_000168,prd_aur_002,4,4,operations
tenant_aura,sit_aur_0000353,shp_aur_000168,prd_aur_022,1,1,operations
tenant_aura,sit_aur_0000354,shp_aur_000168,prd_aur_049,4,4,operations
tenant_aura,sit_aur_0000355,shp_aur_000168,prd_aur_031,1,1,operations
tenant_aura,sit_aur_0000356,shp_aur_000169,prd_aur_025,3,3,operations
tenant_aura,sit_aur_0000357,shp_aur_000170,prd_aur_032,1,1,operations
tenant_aura,sit_aur_0000358,shp_aur_000170,prd_aur_048,3,3,operations
tenant_aura,sit_aur_0000359,shp_aur_000171,prd_aur_002,2,2,operations
tenant_aura,sit_aur_0000360,shp_aur_000171,prd_aur_030,1,1,operations
tenant_aura,sit_aur_0000361,shp_aur_000172,prd_aur_015,1,1,operations
tenant_aura,sit_aur_0000362,shp_aur_000172,prd_aur_027,2,2,operations
tenant_aura,sit_aur_0000363,shp_aur_000173,prd_aur_036,1,1,operations
tenant_aura,sit_aur_0000364,shp_aur_000173,prd_aur_027,1,1,operations
tenant_aura,sit_aur_0000365,shp_aur_000173,prd_aur_025,1,1,operations
tenant_aura,sit_aur_0000366,shp_aur_000174,prd_aur_011,1,1,operations
tenant_aura,sit_aur_0000367,shp_aur_000175,prd_aur_013,4,4,operations
tenant_aura,sit_aur_0000368,shp_aur_000175,prd_aur_031,1,1,operations
tenant_aura,sit_aur_0000369,shp_aur_000176,prd_aur_038,2,2,operations
tenant_aura,sit_aur_0000370,shp_aur_000176,prd_aur_024,1,1,operations
tenant_aura,sit_aur_0000371,shp_aur_000176,prd_aur_031,4,4,operations
tenant_aura,sit_aur_0000372,shp_aur_000177,prd_aur_022,1,1,operations
tenant_aura,sit_aur_0000373,shp_aur_000178,prd_aur_046,1,1,operations
tenant_aura,sit_aur_0000374,shp_aur_000178,prd_aur_008,1,1,operations
tenant_aura,sit_aur_0000375,shp_aur_000178,prd_aur_024,1,1,operations
tenant_aura,sit_aur_0000376,shp_aur_000179,prd_aur_038,2,2,operations
tenant_aura,sit_aur_0000377,shp_aur_000179,prd_aur_033,1,1,operations
tenant_aura,sit_aur_0000378,shp_aur_000180,prd_aur_035,2,2,operations
tenant_aura,sit_aur_0000379,shp_aur_000180,prd_aur_012,1,1,operations
tenant_aura,sit_aur_0000380,shp_aur_000180,prd_aur_041,2,2,operations
tenant_aura,sit_aur_0000381,shp_aur_000180,prd_aur_027,1,1,operations
tenant_aura,sit_aur_0000382,shp_aur_000181,prd_aur_020,1,1,operations
tenant_aura,sit_aur_0000383,shp_aur_000182,prd_aur_035,3,3,operations
tenant_aura,sit_aur_0000384,shp_aur_000183,prd_aur_044,3,3,operations
tenant_aura,sit_aur_0000385,shp_aur_000183,prd_aur_019,2,2,operations
tenant_aura,sit_aur_0000386,shp_aur_000184,prd_aur_001,1,1,operations
tenant_aura,sit_aur_0000387,shp_aur_000184,prd_aur_016,1,1,operations
tenant_aura,sit_aur_0000388,shp_aur_000185,prd_aur_032,1,1,operations
tenant_aura,sit_aur_0000389,shp_aur_000185,prd_aur_041,1,1,operations
tenant_aura,sit_aur_0000390,shp_aur_000185,prd_aur_008,3,3,operations
tenant_aura,sit_aur_0000391,shp_aur_000186,prd_aur_015,3,3,operations
tenant_aura,sit_aur_0000392,shp_aur_000187,prd_aur_014,2,2,operations
tenant_aura,sit_aur_0000393,shp_aur_000187,prd_aur_047,1,1,operations
tenant_aura,sit_aur_0000394,shp_aur_000187,prd_aur_045,1,1,operations
tenant_aura,sit_aur_0000395,shp_aur_000188,prd_aur_024,1,1,operations
tenant_aura,sit_aur_0000396,shp_aur_000188,prd_aur_021,2,2,operations
tenant_aura,sit_aur_0000397,shp_aur_000188,prd_aur_033,2,2,operations
tenant_aura,sit_aur_0000398,shp_aur_000189,prd_aur_020,4,4,operations
tenant_aura,sit_aur_0000399,shp_aur_000189,prd_aur_010,3,3,operations
tenant_aura,sit_aur_0000400,shp_aur_000190,prd_aur_031,1,1,operations
tenant_aura,sit_aur_0000401,shp_aur_000190,prd_aur_033,3,3,operations
tenant_aura,sit_aur_0000402,shp_aur_000191,prd_aur_050,2,2,operations
tenant_aura,sit_aur_0000403,shp_aur_000191,prd_aur_002,4,4,operations
tenant_aura,sit_aur_0000404,shp_aur_000192,prd_aur_006,2,2,operations
tenant_aura,sit_aur_0000405,shp_aur_000192,prd_aur_034,1,1,operations
tenant_aura,sit_aur_0000406,shp_aur_000192,prd_aur_027,1,1,operations
tenant_aura,sit_aur_0000407,shp_aur_000193,prd_aur_014,1,1,operations
tenant_aura,sit_aur_0000408,shp_aur_000193,prd_aur_024,1,1,operations
tenant_aura,sit_aur_0000409,shp_aur_000194,prd_aur_018,1,0,operations
tenant_aura,sit_aur_0000410,shp_aur_000194,prd_aur_026,1,0,operations
tenant_aura,sit_aur_0000411,shp_aur_000194,prd_aur_010,1,0,operations
tenant_aura,sit_aur_0000412,shp_aur_000194,prd_aur_001,2,0,operations
tenant_aura,sit_aur_0000413,shp_aur_000195,prd_aur_022,1,1,operations
tenant_aura,sit_aur_0000414,shp_aur_000195,prd_aur_023,1,1,operations
tenant_aura,sit_aur_0000415,shp_aur_000196,prd_aur_048,2,2,operations
tenant_aura,sit_aur_0000416,shp_aur_000196,prd_aur_030,3,3,operations
tenant_aura,sit_aur_0000417,shp_aur_000197,prd_aur_016,1,1,operations
tenant_aura,sit_aur_0000418,shp_aur_000197,prd_aur_011,1,1,operations
tenant_aura,sit_aur_0000419,shp_aur_000198,prd_aur_021,3,3,operations
tenant_aura,sit_aur_0000420,shp_aur_000198,prd_aur_013,1,1,operations
tenant_aura,sit_aur_0000421,shp_aur_000198,prd_aur_048,1,1,operations
tenant_aura,sit_aur_0000422,shp_aur_000198,prd_aur_027,1,1,operations
tenant_aura,sit_aur_0000423,shp_aur_000199,prd_aur_043,2,2,operations
tenant_aura,sit_aur_0000424,shp_aur_000199,prd_aur_014,1,1,operations
tenant_aura,sit_aur_0000425,shp_aur_000200,prd_aur_047,2,0,operations
tenant_aura,sit_aur_0000426,shp_aur_000200,prd_aur_021,1,0,operations
tenant_aura,sit_aur_0000427,shp_aur_000201,prd_aur_020,2,2,operations
tenant_aura,sit_aur_0000428,shp_aur_000201,prd_aur_040,1,1,operations
tenant_aura,sit_aur_0000429,shp_aur_000201,prd_aur_007,1,1,operations
tenant_aura,sit_aur_0000430,shp_aur_000202,prd_aur_001,1,1,operations
tenant_aura,sit_aur_0000431,shp_aur_000202,prd_aur_049,1,1,operations
tenant_aura,sit_aur_0000432,shp_aur_000202,prd_aur_039,1,1,operations
tenant_aura,sit_aur_0000433,shp_aur_000203,prd_aur_022,4,4,operations
tenant_aura,sit_aur_0000434,shp_aur_000203,prd_aur_046,2,2,operations
tenant_aura,sit_aur_0000435,shp_aur_000204,prd_aur_015,4,4,operations
tenant_aura,sit_aur_0000436,shp_aur_000205,prd_aur_032,1,1,operations
tenant_aura,sit_aur_0000437,shp_aur_000205,prd_aur_002,1,1,operations
tenant_aura,sit_aur_0000438,shp_aur_000206,prd_aur_036,3,3,operations
tenant_aura,sit_aur_0000439,shp_aur_000207,prd_aur_038,2,2,operations
tenant_aura,sit_aur_0000440,shp_aur_000207,prd_aur_032,1,1,operations
tenant_aura,sit_aur_0000441,shp_aur_000208,prd_aur_021,1,1,operations
tenant_aura,sit_aur_0000442,shp_aur_000208,prd_aur_032,3,3,operations
tenant_aura,sit_aur_0000443,shp_aur_000208,prd_aur_038,1,1,operations
tenant_aura,sit_aur_0000444,shp_aur_000208,prd_aur_028,1,1,operations
tenant_aura,sit_aur_0000445,shp_aur_000209,prd_aur_014,3,0,operations
tenant_aura,sit_aur_0000446,shp_aur_000210,prd_aur_046,1,1,operations
tenant_aura,sit_aur_0000447,shp_aur_000210,prd_aur_033,1,1,operations
tenant_aura,sit_aur_0000448,shp_aur_000211,prd_aur_038,2,2,operations
tenant_aura,sit_aur_0000449,shp_aur_000211,prd_aur_026,2,2,operations
tenant_aura,sit_aur_0000450,shp_aur_000211,prd_aur_004,1,1,operations
tenant_aura,sit_aur_0000451,shp_aur_000212,prd_aur_023,1,1,operations
tenant_aura,sit_aur_0000452,shp_aur_000212,prd_aur_032,1,1,operations
tenant_aura,sit_aur_0000453,shp_aur_000213,prd_aur_048,1,1,operations
tenant_aura,sit_aur_0000454,shp_aur_000214,prd_aur_050,1,1,operations
tenant_aura,sit_aur_0000455,shp_aur_000214,prd_aur_034,1,1,operations
tenant_aura,sit_aur_0000456,shp_aur_000215,prd_aur_026,1,1,operations
tenant_aura,sit_aur_0000457,shp_aur_000216,prd_aur_011,2,2,operations
tenant_aura,sit_aur_0000458,shp_aur_000216,prd_aur_026,2,2,operations
tenant_aura,sit_aur_0000459,shp_aur_000217,prd_aur_038,4,4,operations
tenant_aura,sit_aur_0000460,shp_aur_000218,prd_aur_007,1,1,operations
tenant_aura,sit_aur_0000461,shp_aur_000218,prd_aur_031,1,1,operations
tenant_aura,sit_aur_0000462,shp_aur_000219,prd_aur_035,2,0,operations
tenant_aura,sit_aur_0000463,shp_aur_000220,prd_aur_029,3,3,operations
tenant_aura,sit_aur_0000464,shp_aur_000221,prd_aur_031,2,2,operations
tenant_aura,sit_aur_0000465,shp_aur_000221,prd_aur_020,3,3,operations
tenant_aura,sit_aur_0000466,shp_aur_000222,prd_aur_033,1,1,operations
tenant_aura,sit_aur_0000467,shp_aur_000222,prd_aur_034,2,2,operations
tenant_aura,sit_aur_0000468,shp_aur_000222,prd_aur_001,1,1,operations
tenant_aura,sit_aur_0000469,shp_aur_000223,prd_aur_043,3,3,operations
tenant_aura,sit_aur_0000470,shp_aur_000224,prd_aur_017,3,0,operations
tenant_aura,sit_aur_0000471,shp_aur_000224,prd_aur_038,1,0,operations
tenant_aura,sit_aur_0000472,shp_aur_000225,prd_aur_024,3,3,operations
tenant_aura,sit_aur_0000473,shp_aur_000226,prd_aur_046,1,1,operations
tenant_aura,sit_aur_0000474,shp_aur_000227,prd_aur_026,1,1,operations
tenant_aura,sit_aur_0000475,shp_aur_000227,prd_aur_020,3,3,operations
tenant_aura,sit_aur_0000476,shp_aur_000228,prd_aur_012,1,1,operations
tenant_aura,sit_aur_0000477,shp_aur_000228,prd_aur_031,2,2,operations
tenant_aura,sit_aur_0000478,shp_aur_000229,prd_aur_006,1,1,operations
tenant_aura,sit_aur_0000479,shp_aur_000229,prd_aur_037,3,3,operations
tenant_aura,sit_aur_0000480,shp_aur_000230,prd_aur_032,4,4,operations
tenant_aura,sit_aur_0000481,shp_aur_000231,prd_aur_006,2,2,operations
tenant_aura,sit_aur_0000482,shp_aur_000231,prd_aur_021,1,1,operations
tenant_aura,sit_aur_0000483,shp_aur_000231,prd_aur_033,1,1,operations
tenant_aura,sit_aur_0000484,shp_aur_000231,prd_aur_045,1,1,operations
tenant_aura,sit_aur_0000485,shp_aur_000232,prd_aur_019,2,2,operations
tenant_aura,sit_aur_0000486,shp_aur_000232,prd_aur_029,1,1,operations
tenant_aura,sit_aur_0000487,shp_aur_000232,prd_aur_018,1,1,operations
tenant_aura,sit_aur_0000488,shp_aur_000233,prd_aur_050,2,2,operations
tenant_aura,sit_aur_0000489,shp_aur_000233,prd_aur_038,3,3,operations
tenant_aura,sit_aur_0000490,shp_aur_000234,prd_aur_006,4,4,operations
tenant_aura,sit_aur_0000491,shp_aur_000235,prd_aur_017,1,1,operations
tenant_aura,sit_aur_0000492,shp_aur_000236,prd_aur_014,2,2,operations
tenant_aura,sit_aur_0000493,shp_aur_000237,prd_aur_002,3,3,operations
tenant_aura,sit_aur_0000494,shp_aur_000237,prd_aur_040,4,4,operations
tenant_aura,sit_aur_0000495,shp_aur_000238,prd_aur_037,1,1,operations
tenant_aura,sit_aur_0000496,shp_aur_000238,prd_aur_038,2,2,operations
tenant_aura,sit_aur_0000497,shp_aur_000238,prd_aur_047,1,1,operations
tenant_aura,sit_aur_0000498,shp_aur_000239,prd_aur_015,2,2,operations
tenant_aura,sit_aur_0000499,shp_aur_000240,prd_aur_024,1,1,operations
tenant_aura,sit_aur_0000500,shp_aur_000240,prd_aur_034,3,3,operations
tenant_aura,sit_aur_0000501,shp_aur_000241,prd_aur_035,2,2,operations
tenant_aura,sit_aur_0000502,shp_aur_000241,prd_aur_029,1,1,operations
tenant_aura,sit_aur_0000503,shp_aur_000242,prd_aur_024,1,1,operations
tenant_aura,sit_aur_0000504,shp_aur_000243,prd_aur_042,4,4,operations
tenant_aura,sit_aur_0000505,shp_aur_000244,prd_aur_039,4,4,operations
tenant_aura,sit_aur_0000506,shp_aur_000244,prd_aur_014,1,1,operations
tenant_aura,sit_aur_0000507,shp_aur_000245,prd_aur_023,1,0,operations
tenant_aura,sit_aur_0000508,shp_aur_000246,prd_aur_022,1,1,operations
tenant_aura,sit_aur_0000509,shp_aur_000246,prd_aur_038,1,1,operations
tenant_aura,sit_aur_0000510,shp_aur_000247,prd_aur_020,2,2,operations
tenant_aura,sit_aur_0000511,shp_aur_000247,prd_aur_045,2,2,operations
tenant_aura,sit_aur_0000512,shp_aur_000248,prd_aur_041,1,1,operations
tenant_aura,sit_aur_0000513,shp_aur_000249,prd_aur_027,1,1,operations
tenant_aura,sit_aur_0000514,shp_aur_000249,prd_aur_042,1,1,operations
tenant_aura,sit_aur_0000515,shp_aur_000250,prd_aur_043,3,3,operations
tenant_aura,sit_aur_0000516,shp_aur_000250,prd_aur_047,4,4,operations
tenant_aura,sit_aur_0000517,shp_aur_000250,prd_aur_014,1,1,operations
tenant_aura,sit_aur_0000518,shp_aur_000251,prd_aur_020,3,3,operations
tenant_aura,sit_aur_0000519,shp_aur_000251,prd_aur_042,1,1,operations
tenant_aura,sit_aur_0000520,shp_aur_000252,prd_aur_013,1,1,operations
tenant_aura,sit_aur_0000521,shp_aur_000252,prd_aur_034,1,1,operations
tenant_aura,sit_aur_0000522,shp_aur_000253,prd_aur_045,1,1,operations
tenant_aura,sit_aur_0000523,shp_aur_000253,prd_aur_041,1,1,operations
tenant_aura,sit_aur_0000524,shp_aur_000254,prd_aur_033,1,1,operations
tenant_aura,sit_aur_0000525,shp_aur_000255,prd_aur_010,4,4,operations
tenant_aura,sit_aur_0000526,shp_aur_000256,prd_aur_033,1,1,operations
tenant_aura,sit_aur_0000527,shp_aur_000256,prd_aur_017,2,2,operations
tenant_aura,sit_aur_0000528,shp_aur_000257,prd_aur_028,1,0,operations
tenant_aura,sit_aur_0000529,shp_aur_000257,prd_aur_018,4,0,operations
tenant_aura,sit_aur_0000530,shp_aur_000258,prd_aur_007,1,1,operations
tenant_aura,sit_aur_0000531,shp_aur_000258,prd_aur_022,2,2,operations
tenant_aura,sit_aur_0000532,shp_aur_000259,prd_aur_010,1,1,operations
tenant_aura,sit_aur_0000533,shp_aur_000260,prd_aur_030,3,3,operations
tenant_aura,sit_aur_0000534,shp_aur_000260,prd_aur_033,1,1,operations
tenant_aura,sit_aur_0000535,shp_aur_000261,prd_aur_024,2,0,operations
tenant_aura,sit_aur_0000536,shp_aur_000261,prd_aur_045,1,0,operations
tenant_aura,sit_aur_0000537,shp_aur_000261,prd_aur_020,1,0,operations
tenant_aura,sit_aur_0000538,shp_aur_000262,prd_aur_021,1,1,operations
tenant_aura,sit_aur_0000539,shp_aur_000263,prd_aur_022,1,1,operations
tenant_aura,sit_aur_0000540,shp_aur_000264,prd_aur_011,3,3,operations
tenant_aura,sit_aur_0000541,shp_aur_000264,prd_aur_023,3,3,operations
tenant_aura,sit_aur_0000542,shp_aur_000264,prd_aur_016,2,2,operations
tenant_aura,sit_aur_0000543,shp_aur_000265,prd_aur_024,1,1,operations
tenant_aura,sit_aur_0000544,shp_aur_000265,prd_aur_018,2,2,operations
tenant_aura,sit_aur_0000545,shp_aur_000266,prd_aur_033,1,1,operations
tenant_aura,sit_aur_0000546,shp_aur_000266,prd_aur_015,1,1,operations
tenant_aura,sit_aur_0000547,shp_aur_000267,prd_aur_041,1,1,operations
tenant_aura,sit_aur_0000548,shp_aur_000268,prd_aur_032,1,1,operations
tenant_aura,sit_aur_0000549,shp_aur_000268,prd_aur_050,2,2,operations
tenant_aura,sit_aur_0000550,shp_aur_000268,prd_aur_012,1,1,operations
tenant_aura,sit_aur_0000551,shp_aur_000269,prd_aur_010,1,1,operations
tenant_aura,sit_aur_0000552,shp_aur_000269,prd_aur_019,1,1,operations
tenant_aura,sit_aur_0000553,shp_aur_000269,prd_aur_031,1,1,operations
tenant_aura,sit_aur_0000554,shp_aur_000269,prd_aur_001,4,4,operations
tenant_aura,sit_aur_0000555,shp_aur_000270,prd_aur_026,2,2,operations
tenant_aura,sit_aur_0000556,shp_aur_000270,prd_aur_042,2,2,operations
tenant_aura,sit_aur_0000557,shp_aur_000270,prd_aur_024,1,1,operations
tenant_aura,sit_aur_0000558,shp_aur_000271,prd_aur_028,1,1,operations
tenant_aura,sit_aur_0000559,shp_aur_000271,prd_aur_037,3,3,operations
tenant_aura,sit_aur_0000560,shp_aur_000271,prd_aur_045,1,1,operations
tenant_aura,sit_aur_0000561,shp_aur_000272,prd_aur_028,2,2,operations
tenant_aura,sit_aur_0000562,shp_aur_000272,prd_aur_024,1,1,operations
tenant_aura,sit_aur_0000563,shp_aur_000272,prd_aur_016,2,2,operations
tenant_aura,sit_aur_0000564,shp_aur_000272,prd_aur_043,1,1,operations
tenant_aura,sit_aur_0000565,shp_aur_000273,prd_aur_047,3,3,operations
tenant_aura,sit_aur_0000566,shp_aur_000273,prd_aur_023,2,2,operations
tenant_aura,sit_aur_0000567,shp_aur_000274,prd_aur_041,3,0,operations
tenant_aura,sit_aur_0000568,shp_aur_000274,prd_aur_029,1,0,operations
tenant_aura,sit_aur_0000569,shp_aur_000274,prd_aur_012,2,0,operations
tenant_aura,sit_aur_0000570,shp_aur_000275,prd_aur_013,1,1,operations
tenant_aura,sit_aur_0000571,shp_aur_000276,prd_aur_007,3,3,operations
tenant_aura,sit_aur_0000572,shp_aur_000276,prd_aur_037,1,1,operations
tenant_aura,sit_aur_0000573,shp_aur_000277,prd_aur_039,1,1,operations
tenant_aura,sit_aur_0000574,shp_aur_000278,prd_aur_004,1,1,operations
tenant_aura,sit_aur_0000575,shp_aur_000279,prd_aur_031,1,1,operations
tenant_aura,sit_aur_0000576,shp_aur_000279,prd_aur_044,3,3,operations
tenant_aura,sit_aur_0000577,shp_aur_000280,prd_aur_018,3,3,operations
tenant_aura,sit_aur_0000578,shp_aur_000280,prd_aur_016,2,2,operations
tenant_aura,sit_aur_0000579,shp_aur_000281,prd_aur_012,1,1,operations
tenant_aura,sit_aur_0000580,shp_aur_000281,prd_aur_009,2,2,operations
tenant_aura,sit_aur_0000581,shp_aur_000282,prd_aur_049,1,1,operations
tenant_aura,sit_aur_0000582,shp_aur_000282,prd_aur_027,3,3,operations
tenant_aura,sit_aur_0000583,shp_aur_000283,prd_aur_042,2,2,operations
tenant_aura,sit_aur_0000584,shp_aur_000283,prd_aur_045,1,1,operations
tenant_aura,sit_aur_0000585,shp_aur_000284,prd_aur_012,3,3,operations
tenant_aura,sit_aur_0000586,shp_aur_000285,prd_aur_047,1,1,operations
tenant_aura,sit_aur_0000587,shp_aur_000285,prd_aur_020,2,2,operations
tenant_aura,sit_aur_0000588,shp_aur_000285,prd_aur_050,1,1,operations
tenant_aura,sit_aur_0000589,shp_aur_000286,prd_aur_045,2,2,operations
tenant_aura,sit_aur_0000590,shp_aur_000286,prd_aur_034,2,2,operations
tenant_aura,sit_aur_0000591,shp_aur_000286,prd_aur_042,2,2,operations
tenant_aura,sit_aur_0000592,shp_aur_000287,prd_aur_041,1,1,operations
tenant_aura,sit_aur_0000593,shp_aur_000287,prd_aur_010,2,2,operations
tenant_aura,sit_aur_0000594,shp_aur_000287,prd_aur_040,3,3,operations
tenant_aura,sit_aur_0000595,shp_aur_000288,prd_aur_009,1,1,operations
tenant_aura,sit_aur_0000596,shp_aur_000288,prd_aur_049,1,1,operations
tenant_aura,sit_aur_0000597,shp_aur_000288,prd_aur_002,1,1,operations
tenant_aura,sit_aur_0000598,shp_aur_000289,prd_aur_045,1,1,operations
tenant_aura,sit_aur_0000599,shp_aur_000289,prd_aur_038,1,1,operations
tenant_aura,sit_aur_0000600,shp_aur_000289,prd_aur_015,1,1,operations
tenant_aura,sit_aur_0000601,shp_aur_000290,prd_aur_041,3,3,operations
tenant_aura,sit_aur_0000602,shp_aur_000290,prd_aur_020,1,1,operations
tenant_aura,sit_aur_0000603,shp_aur_000291,prd_aur_008,2,2,operations
tenant_aura,sit_aur_0000604,shp_aur_000292,prd_aur_010,4,4,operations
tenant_aura,sit_aur_0000605,shp_aur_000292,prd_aur_030,3,3,operations
tenant_aura,sit_aur_0000606,shp_aur_000292,prd_aur_028,2,2,operations
tenant_aura,sit_aur_0000607,shp_aur_000293,prd_aur_025,1,1,operations
tenant_aura,sit_aur_0000608,shp_aur_000293,prd_aur_029,1,1,operations
tenant_aura,sit_aur_0000609,shp_aur_000294,prd_aur_039,2,0,operations
tenant_aura,sit_aur_0000610,shp_aur_000294,prd_aur_001,2,0,operations
tenant_aura,sit_aur_0000611,shp_aur_000295,prd_aur_047,3,0,operations
tenant_aura,sit_aur_0000612,shp_aur_000295,prd_aur_041,2,0,operations
tenant_aura,sit_aur_0000613,shp_aur_000295,prd_aur_014,1,0,operations
tenant_aura,sit_aur_0000614,shp_aur_000296,prd_aur_040,1,1,operations
tenant_aura,sit_aur_0000615,shp_aur_000296,prd_aur_006,3,3,operations
tenant_aura,sit_aur_0000616,shp_aur_000297,prd_aur_039,2,2,operations
tenant_aura,sit_aur_0000617,shp_aur_000298,prd_aur_001,3,3,operations
tenant_aura,sit_aur_0000618,shp_aur_000298,prd_aur_043,2,2,operations
tenant_aura,sit_aur_0000619,shp_aur_000299,prd_aur_009,1,1,operations
tenant_aura,sit_aur_0000620,shp_aur_000299,prd_aur_050,2,2,operations
tenant_aura,sit_aur_0000621,shp_aur_000300,prd_aur_005,1,1,operations
tenant_aura,sit_aur_0000622,shp_aur_000300,prd_aur_034,2,2,operations
tenant_aura,sit_aur_0000623,shp_aur_000301,prd_aur_006,1,1,operations
tenant_aura,sit_aur_0000624,shp_aur_000301,prd_aur_018,3,3,operations
tenant_aura,sit_aur_0000625,shp_aur_000301,prd_aur_029,1,1,operations
tenant_aura,sit_aur_0000626,shp_aur_000301,prd_aur_045,1,1,operations
tenant_aura,sit_aur_0000627,shp_aur_000302,prd_aur_023,2,2,operations
tenant_aura,sit_aur_0000628,shp_aur_000302,prd_aur_018,2,2,operations
tenant_aura,sit_aur_0000629,shp_aur_000303,prd_aur_011,1,1,operations
tenant_aura,sit_aur_0000630,shp_aur_000304,prd_aur_044,1,1,operations
tenant_aura,sit_aur_0000631,shp_aur_000305,prd_aur_011,3,3,operations
tenant_aura,sit_aur_0000632,shp_aur_000306,prd_aur_008,1,1,operations
tenant_aura,sit_aur_0000633,shp_aur_000306,prd_aur_027,1,1,operations
tenant_aura,sit_aur_0000634,shp_aur_000307,prd_aur_038,1,1,operations
tenant_aura,sit_aur_0000635,shp_aur_000307,prd_aur_026,1,1,operations
tenant_aura,sit_aur_0000636,shp_aur_000308,prd_aur_049,2,2,operations
tenant_aura,sit_aur_0000637,shp_aur_000308,prd_aur_047,3,3,operations
tenant_aura,sit_aur_0000638,shp_aur_000309,prd_aur_008,1,1,operations
tenant_aura,sit_aur_0000639,shp_aur_000309,prd_aur_014,1,1,operations
tenant_aura,sit_aur_0000640,shp_aur_000310,prd_aur_023,2,2,operations
tenant_aura,sit_aur_0000641,shp_aur_000310,prd_aur_010,1,1,operations
tenant_aura,sit_aur_0000642,shp_aur_000311,prd_aur_028,3,3,operations
tenant_aura,sit_aur_0000643,shp_aur_000311,prd_aur_033,1,1,operations
tenant_aura,sit_aur_0000644,shp_aur_000312,prd_aur_019,2,2,operations
tenant_aura,sit_aur_0000645,shp_aur_000313,prd_aur_028,1,0,operations
tenant_aura,sit_aur_0000646,shp_aur_000313,prd_aur_034,1,0,operations
tenant_aura,sit_aur_0000647,shp_aur_000313,prd_aur_003,2,0,operations
tenant_aura,sit_aur_0000648,shp_aur_000314,prd_aur_036,3,3,operations
tenant_aura,sit_aur_0000649,shp_aur_000314,prd_aur_013,1,1,operations
tenant_aura,sit_aur_0000650,shp_aur_000314,prd_aur_005,1,1,operations
tenant_aura,sit_aur_0000651,shp_aur_000314,prd_aur_034,1,1,operations
tenant_aura,sit_aur_0000652,shp_aur_000315,prd_aur_027,2,2,operations
tenant_aura,sit_aur_0000653,shp_aur_000315,prd_aur_032,3,3,operations
tenant_aura,sit_aur_0000654,shp_aur_000315,prd_aur_005,3,3,operations
tenant_aura,sit_aur_0000655,shp_aur_000316,prd_aur_013,3,3,operations
tenant_aura,sit_aur_0000656,shp_aur_000317,prd_aur_037,1,1,operations
tenant_aura,sit_aur_0000657,shp_aur_000318,prd_aur_015,2,2,operations
tenant_aura,sit_aur_0000658,shp_aur_000318,prd_aur_007,3,3,operations
tenant_aura,sit_aur_0000659,shp_aur_000318,prd_aur_018,1,1,operations
tenant_aura,sit_aur_0000660,shp_aur_000319,prd_aur_007,2,2,operations
tenant_aura,sit_aur_0000661,shp_aur_000320,prd_aur_024,2,2,operations
tenant_aura,sit_aur_0000662,shp_aur_000320,prd_aur_019,1,1,operations
tenant_aura,sit_aur_0000663,shp_aur_000321,prd_aur_006,4,4,operations
tenant_aura,sit_aur_0000664,shp_aur_000321,prd_aur_045,3,3,operations
tenant_aura,sit_aur_0000665,shp_aur_000322,prd_aur_043,1,1,operations
tenant_aura,sit_aur_0000666,shp_aur_000322,prd_aur_021,1,1,operations
tenant_aura,sit_aur_0000667,shp_aur_000322,prd_aur_047,1,1,operations
tenant_aura,sit_aur_0000668,shp_aur_000323,prd_aur_019,2,2,operations
tenant_aura,sit_aur_0000669,shp_aur_000323,prd_aur_044,1,1,operations
tenant_aura,sit_aur_0000670,shp_aur_000324,prd_aur_030,1,1,operations
tenant_aura,sit_aur_0000671,shp_aur_000325,prd_aur_035,1,1,operations
tenant_aura,sit_aur_0000672,shp_aur_000325,prd_aur_008,1,1,operations
tenant_aura,sit_aur_0000673,shp_aur_000326,prd_aur_010,1,1,operations
tenant_aura,sit_aur_0000674,shp_aur_000327,prd_aur_031,2,2,operations
tenant_aura,sit_aur_0000675,shp_aur_000327,prd_aur_048,2,2,operations
tenant_aura,sit_aur_0000676,shp_aur_000328,prd_aur_026,2,2,operations
tenant_aura,sit_aur_0000677,shp_aur_000329,prd_aur_020,1,1,operations
tenant_aura,sit_aur_0000678,shp_aur_000329,prd_aur_022,2,2,operations
tenant_aura,sit_aur_0000679,shp_aur_000330,prd_aur_022,1,1,operations
tenant_aura,sit_aur_0000680,shp_aur_000330,prd_aur_047,3,3,operations
tenant_aura,sit_aur_0000681,shp_aur_000331,prd_aur_009,1,1,operations
tenant_aura,sit_aur_0000682,shp_aur_000331,prd_aur_007,2,2,operations
tenant_aura,sit_aur_0000683,shp_aur_000332,prd_aur_014,1,1,operations
tenant_aura,sit_aur_0000684,shp_aur_000333,prd_aur_030,1,1,operations
tenant_aura,sit_aur_0000685,shp_aur_000333,prd_aur_044,2,2,operations
tenant_aura,sit_aur_0000686,shp_aur_000334,prd_aur_034,3,3,operations
tenant_aura,sit_aur_0000687,shp_aur_000334,prd_aur_024,1,1,operations
tenant_aura,sit_aur_0000688,shp_aur_000335,prd_aur_003,3,3,operations
tenant_aura,sit_aur_0000689,shp_aur_000335,prd_aur_028,3,3,operations
tenant_aura,sit_aur_0000690,shp_aur_000336,prd_aur_011,2,0,operations
tenant_aura,sit_aur_0000691,shp_aur_000336,prd_aur_036,2,0,operations
tenant_aura,sit_aur_0000692,shp_aur_000336,prd_aur_047,1,0,operations
tenant_aura,sit_aur_0000693,shp_aur_000337,prd_aur_035,1,1,operations
tenant_aura,sit_aur_0000694,shp_aur_000337,prd_aur_041,1,1,operations
tenant_aura,sit_aur_0000695,shp_aur_000337,prd_aur_045,1,1,operations
tenant_aura,sit_aur_0000696,shp_aur_000338,prd_aur_021,2,0,operations
tenant_aura,sit_aur_0000697,shp_aur_000338,prd_aur_047,1,0,operations
tenant_aura,sit_aur_0000698,shp_aur_000339,prd_aur_042,1,1,operations
tenant_aura,sit_aur_0000699,shp_aur_000340,prd_aur_014,1,1,operations
tenant_aura,sit_aur_0000700,shp_aur_000340,prd_aur_022,1,1,operations
tenant_aura,sit_aur_0000701,shp_aur_000340,prd_aur_049,3,3,operations
tenant_aura,sit_aur_0000702,shp_aur_000341,prd_aur_012,1,1,operations
tenant_aura,sit_aur_0000703,shp_aur_000341,prd_aur_011,1,1,operations
tenant_aura,sit_aur_0000704,shp_aur_000341,prd_aur_013,2,2,operations
tenant_aura,sit_aur_0000705,shp_aur_000342,prd_aur_048,1,1,operations
tenant_aura,sit_aur_0000706,shp_aur_000342,prd_aur_036,1,1,operations
tenant_aura,sit_aur_0000707,shp_aur_000343,prd_aur_020,1,1,operations
tenant_aura,sit_aur_0000708,shp_aur_000343,prd_aur_012,2,2,operations
tenant_aura,sit_aur_0000709,shp_aur_000343,prd_aur_018,1,1,operations
tenant_aura,sit_aur_0000710,shp_aur_000343,prd_aur_014,2,2,operations
tenant_aura,sit_aur_0000711,shp_aur_000344,prd_aur_010,3,3,operations
tenant_aura,sit_aur_0000712,shp_aur_000344,prd_aur_039,1,1,operations
tenant_aura,sit_aur_0000713,shp_aur_000345,prd_aur_002,4,4,operations
tenant_aura,sit_aur_0000714,shp_aur_000345,prd_aur_047,3,3,operations
tenant_aura,sit_aur_0000715,shp_aur_000345,prd_aur_023,2,2,operations
tenant_aura,sit_aur_0000716,shp_aur_000346,prd_aur_015,3,3,operations
tenant_aura,sit_aur_0000717,shp_aur_000347,prd_aur_001,3,3,operations
tenant_aura,sit_aur_0000718,shp_aur_000347,prd_aur_020,1,1,operations
tenant_aura,sit_aur_0000719,shp_aur_000348,prd_aur_025,3,3,operations
tenant_aura,sit_aur_0000720,shp_aur_000348,prd_aur_046,2,2,operations
tenant_aura,sit_aur_0000721,shp_aur_000349,prd_aur_045,1,1,operations
tenant_aura,sit_aur_0000722,shp_aur_000349,prd_aur_042,1,1,operations
tenant_aura,sit_aur_0000723,shp_aur_000350,prd_aur_013,1,1,operations
tenant_aura,sit_aur_0000724,shp_aur_000350,prd_aur_016,2,2,operations
tenant_aura,sit_aur_0000725,shp_aur_000350,prd_aur_006,3,3,operations
tenant_aura,sit_aur_0000726,shp_aur_000351,prd_aur_033,4,4,operations
tenant_aura,sit_aur_0000727,shp_aur_000352,prd_aur_020,1,1,operations
tenant_aura,sit_aur_0000728,shp_aur_000352,prd_aur_045,1,1,operations
tenant_aura,sit_aur_0000729,shp_aur_000352,prd_aur_029,2,2,operations
tenant_aura,sit_aur_0000730,shp_aur_000353,prd_aur_011,1,1,operations
tenant_aura,sit_aur_0000731,shp_aur_000354,prd_aur_015,2,2,operations
tenant_aura,sit_aur_0000732,shp_aur_000355,prd_aur_005,1,1,operations
tenant_aura,sit_aur_0000733,shp_aur_000355,prd_aur_041,1,1,operations
tenant_aura,sit_aur_0000734,shp_aur_000355,prd_aur_030,1,1,operations
tenant_aura,sit_aur_0000735,shp_aur_000356,prd_aur_028,2,2,operations
tenant_aura,sit_aur_0000736,shp_aur_000356,prd_aur_003,1,1,operations
tenant_aura,sit_aur_0000737,shp_aur_000356,prd_aur_043,1,1,operations
tenant_aura,sit_aur_0000738,shp_aur_000356,prd_aur_011,2,2,operations
tenant_aura,sit_aur_0000739,shp_aur_000357,prd_aur_014,1,1,operations
tenant_aura,sit_aur_0000740,shp_aur_000357,prd_aur_030,1,1,operations
tenant_aura,sit_aur_0000741,shp_aur_000358,prd_aur_032,2,2,operations
tenant_aura,sit_aur_0000742,shp_aur_000358,prd_aur_010,1,1,operations
tenant_aura,sit_aur_0000743,shp_aur_000358,prd_aur_025,3,3,operations
tenant_aura,sit_aur_0000744,shp_aur_000359,prd_aur_033,4,4,operations
tenant_aura,sit_aur_0000745,shp_aur_000359,prd_aur_008,1,1,operations
tenant_aura,sit_aur_0000746,shp_aur_000360,prd_aur_048,2,2,operations
tenant_aura,sit_aur_0000747,shp_aur_000360,prd_aur_019,1,1,operations
tenant_aura,sit_aur_0000748,shp_aur_000361,prd_aur_022,1,0,operations
tenant_aura,sit_aur_0000749,shp_aur_000362,prd_aur_044,1,1,operations
tenant_aura,sit_aur_0000750,shp_aur_000362,prd_aur_045,1,1,operations
tenant_aura,sit_aur_0000751,shp_aur_000363,prd_aur_042,1,1,operations
tenant_aura,sit_aur_0000752,shp_aur_000364,prd_aur_002,2,2,operations
tenant_aura,sit_aur_0000753,shp_aur_000364,prd_aur_050,2,2,operations
tenant_aura,sit_aur_0000754,shp_aur_000364,prd_aur_017,4,4,operations
tenant_aura,sit_aur_0000755,shp_aur_000365,prd_aur_001,3,3,operations
tenant_aura,sit_aur_0000756,shp_aur_000365,prd_aur_010,1,1,operations
tenant_aura,sit_aur_0000757,shp_aur_000365,prd_aur_049,1,1,operations
tenant_aura,sit_aur_0000758,shp_aur_000366,prd_aur_009,1,0,operations
tenant_aura,sit_aur_0000759,shp_aur_000367,prd_aur_044,2,2,operations
tenant_aura,sit_aur_0000760,shp_aur_000367,prd_aur_014,2,2,operations
tenant_aura,sit_aur_0000761,shp_aur_000368,prd_aur_050,2,0,operations
tenant_aura,sit_aur_0000762,shp_aur_000368,prd_aur_024,1,0,operations
tenant_aura,sit_aur_0000763,shp_aur_000369,prd_aur_001,1,1,operations
tenant_aura,sit_aur_0000764,shp_aur_000370,prd_aur_011,3,3,operations
tenant_aura,sit_aur_0000765,shp_aur_000370,prd_aur_015,1,1,operations
tenant_aura,sit_aur_0000766,shp_aur_000371,prd_aur_009,1,0,operations
tenant_aura,sit_aur_0000767,shp_aur_000371,prd_aur_035,4,0,operations
tenant_aura,sit_aur_0000768,shp_aur_000372,prd_aur_027,3,3,operations
tenant_aura,sit_aur_0000769,shp_aur_000372,prd_aur_016,2,2,operations
tenant_aura,sit_aur_0000770,shp_aur_000373,prd_aur_007,1,1,operations
tenant_aura,sit_aur_0000771,shp_aur_000374,prd_aur_006,3,3,operations
tenant_aura,sit_aur_0000772,shp_aur_000374,prd_aur_029,1,1,operations
tenant_aura,sit_aur_0000773,shp_aur_000375,prd_aur_038,2,2,operations
tenant_aura,sit_aur_0000774,shp_aur_000375,prd_aur_007,2,2,operations
tenant_aura,sit_aur_0000775,shp_aur_000376,prd_aur_016,4,4,operations
tenant_aura,sit_aur_0000776,shp_aur_000376,prd_aur_032,1,1,operations
tenant_aura,sit_aur_0000777,shp_aur_000377,prd_aur_019,2,2,operations
tenant_aura,sit_aur_0000778,shp_aur_000377,prd_aur_014,2,2,operations
tenant_aura,sit_aur_0000779,shp_aur_000377,prd_aur_007,1,1,operations
tenant_aura,sit_aur_0000780,shp_aur_000377,prd_aur_022,3,3,operations
tenant_aura,sit_aur_0000781,shp_aur_000378,prd_aur_013,1,1,operations
tenant_aura,sit_aur_0000782,shp_aur_000378,prd_aur_033,2,2,operations
tenant_aura,sit_aur_0000783,shp_aur_000378,prd_aur_008,1,1,operations
tenant_aura,sit_aur_0000784,shp_aur_000378,prd_aur_007,1,1,operations
tenant_aura,sit_aur_0000785,shp_aur_000379,prd_aur_027,1,1,operations
tenant_aura,sit_aur_0000786,shp_aur_000379,prd_aur_012,1,1,operations
tenant_aura,sit_aur_0000787,shp_aur_000379,prd_aur_039,1,1,operations
tenant_aura,sit_aur_0000788,shp_aur_000380,prd_aur_038,4,4,operations
tenant_aura,sit_aur_0000789,shp_aur_000380,prd_aur_014,1,1,operations
tenant_aura,sit_aur_0000790,shp_aur_000381,prd_aur_018,1,1,operations
tenant_aura,sit_aur_0000791,shp_aur_000382,prd_aur_018,1,1,operations
tenant_aura,sit_aur_0000792,shp_aur_000382,prd_aur_042,3,3,operations
tenant_aura,sit_aur_0000793,shp_aur_000383,prd_aur_005,2,2,operations
tenant_aura,sit_aur_0000794,shp_aur_000383,prd_aur_002,1,1,operations
tenant_aura,sit_aur_0000795,shp_aur_000384,prd_aur_017,2,2,operations
tenant_aura,sit_aur_0000796,shp_aur_000384,prd_aur_036,1,1,operations
tenant_aura,sit_aur_0000797,shp_aur_000385,prd_aur_017,2,2,operations
tenant_aura,sit_aur_0000798,shp_aur_000386,prd_aur_033,2,2,operations
tenant_aura,sit_aur_0000799,shp_aur_000387,prd_aur_002,2,2,operations
tenant_aura,sit_aur_0000800,shp_aur_000387,prd_aur_039,2,2,operations
tenant_aura,sit_aur_0000801,shp_aur_000388,prd_aur_021,1,1,operations
tenant_aura,sit_aur_0000802,shp_aur_000389,prd_aur_041,3,3,operations
tenant_aura,sit_aur_0000803,shp_aur_000390,prd_aur_009,2,2,operations
tenant_aura,sit_aur_0000804,shp_aur_000391,prd_aur_047,2,2,operations
tenant_aura,sit_aur_0000805,shp_aur_000391,prd_aur_025,1,1,operations
tenant_aura,sit_aur_0000806,shp_aur_000392,prd_aur_021,3,3,operations
tenant_aura,sit_aur_0000807,shp_aur_000392,prd_aur_009,2,2,operations
tenant_aura,sit_aur_0000808,shp_aur_000393,prd_aur_038,2,2,operations
tenant_aura,sit_aur_0000809,shp_aur_000393,prd_aur_028,2,2,operations
tenant_aura,sit_aur_0000810,shp_aur_000393,prd_aur_024,1,1,operations
tenant_aura,sit_aur_0000811,shp_aur_000394,prd_aur_040,1,1,operations
tenant_aura,sit_aur_0000812,shp_aur_000394,prd_aur_030,1,1,operations
tenant_aura,sit_aur_0000813,shp_aur_000395,prd_aur_046,1,1,operations
tenant_aura,sit_aur_0000814,shp_aur_000395,prd_aur_022,2,2,operations
tenant_aura,sit_aur_0000815,shp_aur_000395,prd_aur_017,1,1,operations
tenant_aura,sit_aur_0000816,shp_aur_000396,prd_aur_047,2,2,operations
tenant_aura,sit_aur_0000817,shp_aur_000396,prd_aur_036,2,2,operations
tenant_aura,sit_aur_0000818,shp_aur_000396,prd_aur_022,2,2,operations
tenant_aura,sit_aur_0000819,shp_aur_000397,prd_aur_042,1,1,operations
tenant_aura,sit_aur_0000820,shp_aur_000398,prd_aur_013,4,4,operations
tenant_aura,sit_aur_0000821,shp_aur_000398,prd_aur_007,2,2,operations
tenant_aura,sit_aur_0000822,shp_aur_000399,prd_aur_020,4,4,operations
tenant_aura,sit_aur_0000823,shp_aur_000399,prd_aur_036,3,3,operations
tenant_aura,sit_aur_0000824,shp_aur_000399,prd_aur_017,1,1,operations
tenant_aura,sit_aur_0000825,shp_aur_000399,prd_aur_028,4,4,operations
tenant_aura,sit_aur_0000826,shp_aur_000400,prd_aur_015,3,3,operations
tenant_aura,sit_aur_0000827,shp_aur_000400,prd_aur_003,3,3,operations
tenant_aura,sit_aur_0000828,shp_aur_000401,prd_aur_006,3,3,operations
tenant_aura,sit_aur_0000829,shp_aur_000402,prd_aur_016,1,1,operations
tenant_aura,sit_aur_0000830,shp_aur_000403,prd_aur_013,2,2,operations
tenant_aura,sit_aur_0000831,shp_aur_000404,prd_aur_005,2,2,operations
tenant_aura,sit_aur_0000832,shp_aur_000405,prd_aur_047,1,1,operations
tenant_aura,sit_aur_0000833,shp_aur_000406,prd_aur_024,2,2,operations
tenant_aura,sit_aur_0000834,shp_aur_000406,prd_aur_018,1,1,operations
tenant_aura,sit_aur_0000835,shp_aur_000406,prd_aur_043,2,2,operations
tenant_aura,sit_aur_0000836,shp_aur_000406,prd_aur_003,2,2,operations
tenant_aura,sit_aur_0000837,shp_aur_000407,prd_aur_049,2,0,operations
tenant_aura,sit_aur_0000838,shp_aur_000407,prd_aur_040,2,0,operations
tenant_aura,sit_aur_0000839,shp_aur_000407,prd_aur_042,1,0,operations
tenant_aura,sit_aur_0000840,shp_aur_000408,prd_aur_014,3,3,operations
tenant_aura,sit_aur_0000841,shp_aur_000408,prd_aur_010,2,2,operations
tenant_aura,sit_aur_0000842,shp_aur_000408,prd_aur_022,1,1,operations
tenant_aura,sit_aur_0000843,shp_aur_000409,prd_aur_026,2,2,operations
tenant_aura,sit_aur_0000844,shp_aur_000410,prd_aur_041,2,2,operations
tenant_aura,sit_aur_0000845,shp_aur_000410,prd_aur_042,1,1,operations
tenant_aura,sit_aur_0000846,shp_aur_000410,prd_aur_020,3,3,operations
tenant_aura,sit_aur_0000847,shp_aur_000411,prd_aur_024,1,1,operations
tenant_aura,sit_aur_0000848,shp_aur_000411,prd_aur_011,1,1,operations
tenant_aura,sit_aur_0000849,shp_aur_000412,prd_aur_044,1,1,operations
tenant_aura,sit_aur_0000850,shp_aur_000413,prd_aur_029,1,1,operations
tenant_aura,sit_aur_0000851,shp_aur_000413,prd_aur_036,1,1,operations
tenant_aura,sit_aur_0000852,shp_aur_000413,prd_aur_020,3,3,operations
tenant_aura,sit_aur_0000853,shp_aur_000414,prd_aur_002,1,1,operations
tenant_aura,sit_aur_0000854,shp_aur_000415,prd_aur_002,1,1,operations
tenant_aura,sit_aur_0000855,shp_aur_000415,prd_aur_035,1,1,operations
tenant_aura,sit_aur_0000856,shp_aur_000416,prd_aur_014,3,0,operations
tenant_aura,sit_aur_0000857,shp_aur_000416,prd_aur_031,2,0,operations
tenant_aura,sit_aur_0000858,shp_aur_000416,prd_aur_005,1,0,operations
tenant_aura,sit_aur_0000859,shp_aur_000416,prd_aur_043,1,0,operations
tenant_aura,sit_aur_0000860,shp_aur_000417,prd_aur_046,3,0,operations
tenant_aura,sit_aur_0000861,shp_aur_000417,prd_aur_023,1,0,operations
tenant_aura,sit_aur_0000862,shp_aur_000417,prd_aur_006,1,0,operations
tenant_aura,sit_aur_0000863,shp_aur_000417,prd_aur_032,1,0,operations
tenant_aura,sit_aur_0000864,shp_aur_000418,prd_aur_032,4,4,operations
tenant_aura,sit_aur_0000865,shp_aur_000418,prd_aur_004,4,4,operations
tenant_aura,sit_aur_0000866,shp_aur_000419,prd_aur_046,3,3,operations
tenant_aura,sit_aur_0000867,shp_aur_000420,prd_aur_017,2,2,operations
tenant_aura,sit_aur_0000868,shp_aur_000420,prd_aur_049,3,3,operations
tenant_aura,sit_aur_0000869,shp_aur_000421,prd_aur_032,1,1,operations
tenant_aura,sit_aur_0000870,shp_aur_000422,prd_aur_033,1,1,operations
tenant_aura,sit_aur_0000871,shp_aur_000422,prd_aur_041,2,2,operations
tenant_aura,sit_aur_0000872,shp_aur_000423,prd_aur_019,1,1,operations
tenant_aura,sit_aur_0000873,shp_aur_000423,prd_aur_008,2,2,operations
tenant_aura,sit_aur_0000874,shp_aur_000423,prd_aur_040,1,1,operations
tenant_aura,sit_aur_0000875,shp_aur_000424,prd_aur_048,1,0,operations
tenant_aura,sit_aur_0000876,shp_aur_000424,prd_aur_017,1,0,operations
tenant_aura,sit_aur_0000877,shp_aur_000424,prd_aur_028,3,0,operations
tenant_aura,sit_aur_0000878,shp_aur_000425,prd_aur_010,2,2,operations
tenant_aura,sit_aur_0000879,shp_aur_000425,prd_aur_022,1,1,operations
tenant_aura,sit_aur_0000880,shp_aur_000426,prd_aur_014,2,2,operations
tenant_aura,sit_aur_0000881,shp_aur_000426,prd_aur_045,2,2,operations
tenant_aura,sit_aur_0000882,shp_aur_000427,prd_aur_021,2,2,operations
tenant_aura,sit_aur_0000883,shp_aur_000427,prd_aur_024,3,3,operations
tenant_aura,sit_aur_0000884,shp_aur_000428,prd_aur_013,1,1,operations
tenant_aura,sit_aur_0000885,shp_aur_000429,prd_aur_015,1,1,operations
tenant_aura,sit_aur_0000886,shp_aur_000430,prd_aur_045,1,1,operations
tenant_aura,sit_aur_0000887,shp_aur_000430,prd_aur_012,3,3,operations
tenant_aura,sit_aur_0000888,shp_aur_000431,prd_aur_016,1,1,operations
tenant_aura,sit_aur_0000889,shp_aur_000432,prd_aur_044,2,2,operations
tenant_aura,sit_aur_0000890,shp_aur_000432,prd_aur_029,1,1,operations
tenant_aura,sit_aur_0000891,shp_aur_000433,prd_aur_033,1,1,operations
tenant_aura,sit_aur_0000892,shp_aur_000433,prd_aur_050,1,1,operations
tenant_aura,sit_aur_0000893,shp_aur_000434,prd_aur_010,1,1,operations
tenant_aura,sit_aur_0000894,shp_aur_000435,prd_aur_050,2,2,operations
tenant_aura,sit_aur_0000895,shp_aur_000435,prd_aur_034,1,1,operations
tenant_aura,sit_aur_0000896,shp_aur_000436,prd_aur_012,134,134,operations
tenant_aura,sit_aur_0000897,shp_aur_000437,prd_aur_033,110,110,operations
tenant_aura,sit_aur_0000898,shp_aur_000437,prd_aur_046,113,113,operations
tenant_aura,sit_aur_0000899,shp_aur_000437,prd_aur_017,158,158,operations
tenant_aura,sit_aur_0000900,shp_aur_000438,prd_aur_031,85,85,operations
tenant_aura,sit_aur_0000901,shp_aur_000438,prd_aur_002,171,171,operations
tenant_aura,sit_aur_0000902,shp_aur_000438,prd_aur_013,170,170,operations
tenant_aura,sit_aur_0000903,shp_aur_000439,prd_aur_012,157,157,operations
tenant_aura,sit_aur_0000904,shp_aur_000440,prd_aur_043,171,0,operations
tenant_aura,sit_aur_0000905,shp_aur_000441,prd_aur_019,101,0,operations
tenant_aura,sit_aur_0000906,shp_aur_000442,prd_aur_005,107,107,operations
tenant_aura,sit_aur_0000907,shp_aur_000442,prd_aur_024,149,149,operations
tenant_aura,sit_aur_0000908,shp_aur_000442,prd_aur_001,85,85,operations
tenant_aura,sit_aur_0000909,shp_aur_000443,prd_aur_035,110,0,operations
tenant_aura,sit_aur_0000910,shp_aur_000443,prd_aur_015,66,0,operations
tenant_aura,sit_aur_0000911,shp_aur_000443,prd_aur_006,99,0,operations
tenant_aura,sit_aur_0000912,shp_aur_000444,prd_aur_038,123,0,operations
tenant_aura,sit_aur_0000913,shp_aur_000444,prd_aur_011,75,0,operations
tenant_aura,sit_aur_0000914,shp_aur_000444,prd_aur_008,133,0,operations
tenant_aura,sit_aur_0000915,shp_aur_000445,prd_aur_041,78,0,operations
tenant_aura,sit_aur_0000916,shp_aur_000445,prd_aur_021,125,0,operations
tenant_aura,sit_aur_0000917,shp_aur_000446,prd_aur_026,120,120,operations
tenant_aura,sit_aur_0000918,shp_aur_000447,prd_aur_045,89,89,operations
tenant_aura,sit_aur_0000919,shp_aur_000447,prd_aur_025,94,94,operations
tenant_aura,sit_aur_0000920,shp_aur_000448,prd_aur_041,92,92,operations
tenant_aura,sit_aur_0000921,shp_aur_000448,prd_aur_017,65,65,operations
tenant_aura,sit_aur_0000922,shp_aur_000449,prd_aur_016,138,138,operations
tenant_aura,sit_aur_0000923,shp_aur_000449,prd_aur_047,167,167,operations
tenant_aura,sit_aur_0000924,shp_aur_000450,prd_aur_027,133,133,operations
tenant_aura,sit_aur_0000925,shp_aur_000450,prd_aur_040,129,129,operations
tenant_aura,sit_aur_0000926,shp_aur_000451,prd_aur_009,145,145,operations
tenant_aura,sit_aur_0000927,shp_aur_000451,prd_aur_030,128,128,operations
tenant_aura,sit_aur_0000928,shp_aur_000452,prd_aur_041,100,100,operations
tenant_aura,sit_aur_0000929,shp_aur_000453,prd_aur_024,112,0,operations
tenant_aura,sit_aur_0000930,shp_aur_000454,prd_aur_017,176,0,operations
tenant_aura,sit_aur_0000931,shp_aur_000454,prd_aur_019,164,0,operations
tenant_aura,sit_aur_0000932,shp_aur_000454,prd_aur_038,171,0,operations
tenant_aura,sit_aur_0000933,shp_aur_000455,prd_aur_035,135,0,operations
tenant_aura,sit_aur_0000934,shp_aur_000455,prd_aur_034,160,0,operations
tenant_aura,sit_aur_0000935,shp_aur_000456,prd_aur_020,174,0,operations
tenant_aura,sit_aur_0000936,shp_aur_000456,prd_aur_034,89,0,operations
tenant_aura,sit_aur_0000937,shp_aur_000456,prd_aur_027,152,0,operations
tenant_aura,sit_aur_0000938,shp_aur_000457,prd_aur_013,134,0,operations
tenant_aura,sit_aur_0000939,shp_aur_000458,prd_aur_014,77,0,operations
tenant_aura,sit_aur_0000940,shp_aur_000458,prd_aur_021,137,0,operations
tenant_aura,sit_aur_0000941,shp_aur_000459,prd_aur_014,106,0,operations
tenant_aura,sit_aur_0000942,shp_aur_000459,prd_aur_033,175,0,operations
