tenant_id,vendor_invoice_id,supplier_id,purchase_order_id,invoice_number,invoice_date,due_date,invoice_status,currency_code,subtotal_amount,tax_amount,total_amount,outstanding_amount,sensitivity
tenant_aura,vin_aur_00001,sup_aur_home,po_aur_00001,INV-AUR-00001,2026-08-20,2026-10-04,paid,USD,2418.50,0.00,2418.50,0.00,accounting
tenant_aura,vin_aur_00002,sup_aur_wellness,po_aur_00002,INV-AUR-00002,2026-08-23,2026-09-22,paid,USD,5219.20,0.00,5219.20,0.00,accounting
tenant_aura,vin_aur_00003,sup_aur_home,po_aur_00003,INV-AUR-00003,2026-08-18,2026-10-02,partially_paid,USD,2002.59,0.00,2002.59,1001.29,accounting
tenant_aura,vin_aur_00004,sup_aur_home,po_aur_00004,INV-AUR-00004,2026-08-21,2026-10-05,paid,USD,1453.76,0.00,1453.76,0.00,accounting
tenant_aura,vin_aur_00005,sup_aur_skincare,po_aur_00005,INV-AUR-00005,2026-08-25,2026-09-24,open,USD,3050.69,0.00,3050.69,3050.69,accounting
tenant_aura,vin_aur_00006,sup_aur_skincare,po_aur_00006,INV-AUR-00006,2026-08-23,2026-09-22,partially_paid,USD,3509.83,0.00,3509.83,1754.91,accounting
tenant_aura,vin_aur_00007,sup_aur_wellness,po_aur_00007,INV-AUR-00007,2026-08-28,2026-09-27,paid,USD,4105.30,0.00,4105.30,0.00,accounting
tenant_aura,vin_aur_00008,sup_aur_wellness,po_aur_00008,INV-AUR-00008,2026-08-24,2026-09-23,paid,USD,2701.88,0.00,2701.88,0.00,accounting
tenant_aura,vin_aur_00009,sup_aur_skincare,po_aur_00009,INV-AUR-00009,2026-08-11,2026-09-10,partially_paid,USD,2716.38,0.00,2716.38,1358.19,accounting
tenant_aura,vin_aur_00010,sup_aur_skincare,po_aur_00010,INV-AUR-00010,2026-08-14,2026-09-13,overdue,USD,4108.68,0.00,4108.68,4108.68,accounting
tenant_aura,vin_aur_00011,sup_aur_skincare,po_aur_00011,INV-AUR-00011,2026-08-25,2026-09-24,paid,USD,4231.29,0.00,4231.29,0.00,accounting
tenant_aura,vin_aur_00012,sup_aur_home,po_aur_00012,INV-AUR-00012,2026-08-29,2026-10-13,partially_paid,USD,2819.08,0.00,2819.08,1409.54,accounting
tenant_aura,vin_aur_00013,sup_aur_home,po_aur_00013,INV-AUR-00013,2026-08-25,2026-10-09,paid,USD,4845.59,0.00,4845.59,0.00,accounting
tenant_aura,vin_aur_00014,sup_aur_skincare,po_aur_00014,INV-AUR-00014,2026-08-11,2026-09-10,paid,USD,4654.14,0.00,4654.14,0.00,accounting
tenant_aura,vin_aur_00015,sup_aur_home,po_aur_00015,INV-AUR-00015,2026-08-27,2026-10-11,open,USD,6139.41,0.00,6139.41,6139.41,accounting
tenant_aura,vin_aur_00016,sup_aur_wellness,po_aur_00016,INV-AUR-00016,2026-08-18,2026-09-17,paid,USD,8647.27,0.00,8647.27,0.00,accounting
tenant_aura,vin_aur_00017,sup_aur_skincare,po_aur_00017,INV-AUR-00017,2026-08-11,2026-09-10,paid,USD,4813.08,0.00,4813.08,0.00,accounting
tenant_aura,vin_aur_00018,sup_aur_skincare,po_aur_00018,INV-AUR-00018,2026-08-16,2026-09-15,partially_paid,USD,6035.83,0.00,6035.83,3017.91,accounting
tenant_aura,vin_aur_00019,sup_aur_skincare,po_aur_00019,INV-AUR-00019,2026-08-12,2026-09-11,paid,USD,961.35,0.00,961.35,0.00,accounting
tenant_aura,vin_aur_00020,sup_aur_wellness,po_aur_00020,INV-AUR-00020,2026-08-20,2026-09-19,overdue,USD,3300.68,0.00,3300.68,3300.68,accounting
tenant_aura,vin_aur_00021,sup_aur_skincare,po_aur_00021,INV-AUR-00021,2026-08-24,2026-09-23,partially_paid,USD,3037.13,0.00,3037.13,1518.56,accounting
tenant_aura,vin_aur_00022,sup_aur_skincare,po_aur_00022,INV-AUR-00022,2026-08-19,2026-09-18,paid,USD,3221.16,0.00,3221.16,0.00,accounting
tenant_aura,vin_aur_00023,sup_aur_accessories,po_aur_00023,INV-AUR-00023,2026-08-02,2026-10-01,paid,USD,4220.69,0.00,4220.69,0.00,accounting
tenant_aura,vin_aur_00024,sup_aur_wellness,po_aur_00024,INV-AUR-00024,2026-08-14,2026-09-13,partially_paid,USD,5179.89,0.00,5179.89,2589.94,accounting
tenant_aura,vin_aur_00033,sup_aur_blueline,,FRT-AUR-00033,2026-09-21,2026-10-21,open,USD,2367.48,0.00,2367.48,2367.48,accounting
tenant_aura,vin_aur_00034,sup_aur_fedex_demo,,FRT-AUR-00034,2026-09-21,2026-10-21,open,USD,3155.55,0.00,3155.55,3155.55,accounting
tenant_aura,vin_aur_00035,sup_aur_northstar,,FRT-AUR-00035,2026-09-21,2026-10-21,open,USD,2738.07,0.00,2738.07,2738.07,accounting
